term,coef,std_err,t,dependent,n_obs
ret_lag1_4,-0.0033216339533825414,0.013134205753749776,-0.25289949127180567,net_flow_rate,3368
market_return,0.011216608942332876,0.020923625138982063,0.5360738814535351,net_flow_rate,3368
log_nav_begin,-0.0021608351939546968,0.001387486052313341,-1.5573743536750937,net_flow_rate,3368
period_days,0.0010433267522576165,0.0006831699365239142,1.5271848137320592,net_flow_rate,3368
ret_lag1_4,0.03413490152589546,0.017291046122867103,1.974137439882984,gross_subscription_rate,3368
market_return,0.009994270104941267,0.017747382846125318,0.5631405031149851,gross_subscription_rate,3368
log_nav_begin,0.0061026355203575985,0.002051465643212813,2.9747685712153693,gross_subscription_rate,3368
period_days,0.0007506597383035938,0.0009842289130448743,0.7626881595881025,gross_subscription_rate,3368
ret_lag1_4,0.037456535479278005,0.01266282416409428,2.957992229370668,gross_redemption_rate,3368
market_return,-0.0012223388373916084,0.015351219026206042,-0.0796248711783055,gross_redemption_rate,3368
log_nav_begin,0.008263470714312297,0.0013887569793795526,5.950264039719983,gross_redemption_rate,3368
period_days,-0.00029266701395402206,0.00041698503305509445,-0.7018645532904612,gross_redemption_rate,3368
