fund_code,period_end,check,passed,residual_vnd,detail
DCBC,2022-12-15,chain_continuity,False,12739019235.0,"opening 382,914,001,901 does not match prior closing 370,174,982,666 (gap 12,739,019,235 VND); likely a missed filing between 2022-12-01 and 2022-12-09"
DCBF,2021-07-15,chain_continuity,False,15289558148.0,"opening 830,746,172,955 does not match prior closing 815,456,614,807 (gap 15,289,558,148 VND); likely a missed filing between 2021-07-01 and 2021-07-09"
DCBF,2023-01-26,chain_continuity,False,-1806106182.0,"opening 433,163,118,984 does not match prior closing 434,969,225,166 (gap -1,806,106,182 VND); likely a missed filing between 2023-01-05 and 2023-01-13"
DCDS,2021-07-01,chain_continuity,False,21682655441.0,"opening 873,558,956,629 does not match prior closing 851,876,301,188 (gap 21,682,655,441 VND); likely a missed filing between 2021-06-17 and 2021-06-25"
DCIP,2022-07-21,chain_continuity,False,4620203273.0,"opening 382,837,900,368 does not match prior closing 378,217,697,095 (gap 4,620,203,273 VND); likely a missed filing between 2022-07-07 and 2022-07-15"
DCIP,2023-02-16,chain_continuity,False,-657576139.0,"opening 290,796,545,011 does not match prior closing 291,454,121,150 (gap -657,576,139 VND); likely a missed filing between 2023-02-02 and 2023-02-10"
SSI-EF,2025-11-26,chain_continuity,False,10891371051.0,"opening 85,790,366,964 does not match prior closing 74,898,995,913 (gap 10,891,371,051 VND); likely a missed filing between 2025-10-29 and 2025-11-20"
SSI-EF,2026-01-07,chain_continuity,False,3127629867.0,"opening 89,431,135,163 does not match prior closing 86,303,505,296 (gap 3,127,629,867 VND); likely a missed filing between 2025-11-26 and 2026-01-01"
SSI-EF,2026-01-28,chain_continuity,False,-4859323320.0,"opening 84,959,615,734 does not match prior closing 89,818,939,054 (gap -4,859,323,320 VND); likely a missed filing between 2026-01-07 and 2026-01-22"
SSI-EF,2026-03-25,chain_continuity,False,-26918928.0,"opening 85,013,447,873 does not match prior closing 85,040,366,801 (gap -26,918,928 VND); likely a missed filing between 2026-03-11 and 2026-03-19"
SSI-EF,2026-05-06,chain_continuity,False,-823856.0,"opening 89,166,905,641 does not match prior closing 89,167,729,497 (gap -823,856 VND); likely a missed filing between 2026-05-03 and 2026-05-01"
SSI-SCA,2023-08-09,chain_continuity,False,2422293607.0,"opening 574,650,663,995 does not match prior closing 572,228,370,388 (gap 2,422,293,607 VND); likely a missed filing between 2023-07-26 and 2023-08-03"
SSI-SCA,2023-09-27,chain_continuity,False,-925704505.0,"opening 607,226,883,156 does not match prior closing 608,152,587,661 (gap -925,704,505 VND); likely a missed filing between 2023-09-13 and 2023-09-21"
SSI-SCA,2024-02-28,chain_continuity,False,11053902426.0,"opening 514,077,032,868 does not match prior closing 503,023,130,442 (gap 11,053,902,426 VND); likely a missed filing between 2024-02-07 and 2024-02-22"
SSI-SCA,2024-03-27,chain_continuity,False,-7522903371.0,"opening 551,159,908,775 does not match prior closing 558,682,812,146 (gap -7,522,903,371 VND); likely a missed filing between 2024-03-13 and 2024-03-21"
SSI-SCA,2025-02-05,chain_continuity,False,18978868726.0,"opening 814,755,625,411 does not match prior closing 795,776,756,685 (gap 18,978,868,726 VND); likely a missed filing between 2025-01-22 and 2025-01-30"
SSIBF,2021-07-12,chain_continuity,False,-73608995498.0,"opening 1,620,297,798,059 does not match prior closing 1,693,906,793,557 (gap -73,608,995,498 VND); likely a missed filing between 2021-05-24 and 2021-07-06"
SSIBF,2023-01-23,chain_continuity,False,-1140056082965.0,"opening 448,763,939,358 does not match prior closing 1,588,820,022,323 (gap -1,140,056,082,965 VND); likely a missed filing between 2021-07-12 and 2023-01-17"
SSIBF,2023-02-13,chain_continuity,False,-2161026779.0,"opening 446,700,790,602 does not match prior closing 448,861,817,381 (gap -2,161,026,779 VND); likely a missed filing between 2023-01-30 and 2023-02-07"
SSIBF,2023-05-29,chain_continuity,False,223318254.0,"opening 453,463,763,649 does not match prior closing 453,240,445,395 (gap 223,318,254 VND); likely a missed filing between 2023-05-15 and 2023-05-23"
SSIBF,2023-06-05,chain_continuity,False,-454577063721.0,"opening 455,032,095 does not match prior closing 455,032,095,816 (gap -454,577,063,721 VND); likely a missed filing between 2023-05-29 and 2023-05-30"
SSIBF,2023-06-12,chain_continuity,False,455018752683.0,"opening 455,474,226,909 does not match prior closing 455,474,226 (gap 455,018,752,683 VND); likely a missed filing between 2023-06-05 and 2023-06-06"
SSIBF,2023-07-24,chain_continuity,False,-538090344.0,"opening 455,086,656,006 does not match prior closing 455,624,746,350 (gap -538,090,344 VND); likely a missed filing between 2023-06-26 and 2023-07-18"
SSIBF,2023-08-14,chain_continuity,False,153955431.0,"opening 455,975,577,122 does not match prior closing 455,821,621,691 (gap 153,955,431 VND); likely a missed filing between 2023-07-24 and 2023-08-08"
SSIBF,2023-10-09,chain_continuity,False,4624103341.0,"opening 462,696,211,661 does not match prior closing 458,072,108,320 (gap 4,624,103,341 VND); likely a missed filing between 2023-08-14 and 2023-10-03"
SSIBF,2024-01-08,chain_continuity,False,5270081030.0,"opening 149,165,720,495 does not match prior closing 143,895,639,465 (gap 5,270,081,030 VND); likely a missed filing between 2023-12-25 and 2024-01-02"
SSIBF,2024-03-04,chain_continuity,False,3514098104.0,"opening 120,414,316,506 does not match prior closing 116,900,218,402 (gap 3,514,098,104 VND); likely a missed filing between 2024-02-19 and 2024-02-27"
SSIBF,2024-04-08,chain_continuity,False,-152977439593.0,"opening 142,967,089 does not match prior closing 153,120,406,682 (gap -152,977,439,593 VND); likely a missed filing between 2024-04-01 and 2024-04-02"
SSIBF,2024-04-15,chain_continuity,False,158826361987.0,"opening 158,979,482,393 does not match prior closing 153,120,406 (gap 158,826,361,987 VND); likely a missed filing between 2024-04-08 and 2024-04-09"
SSIBF,2025-08-04,chain_continuity,False,-73489438302.0,"opening 118,911,565,525 does not match prior closing 192,401,003,827 (gap -73,489,438,302 VND); likely a missed filing between 2024-04-22 and 2025-07-29"
SSIBF,2025-09-22,chain_continuity,False,-4280076900.0,"opening 108,966,316,601 does not match prior closing 113,246,393,501 (gap -4,280,076,900 VND); likely a missed filing between 2025-09-15 and 2025-09-16"
SSIBF,2025-10-13,chain_continuity,False,1038774951.0,"opening 106,012,149,291 does not match prior closing 104,973,374,340 (gap 1,038,774,951 VND); likely a missed filing between 2025-09-22 and 2025-10-07"
SSIBF,2025-12-22,chain_continuity,False,-8523238804.0,"opening 94,705,081,148 does not match prior closing 103,228,319,952 (gap -8,523,238,804 VND); likely a missed filing between 2025-10-27 and 2025-12-16"
SSIBF,2026-01-26,chain_continuity,False,-11637003521.0,"opening 81,519,540,512 does not match prior closing 93,156,544,033 (gap -11,637,003,521 VND); likely a missed filing between 2025-12-22 and 2026-01-20"
VCBF-AIF,2025-06-11,chain_continuity,False,1079697257.0,"opening 236,469,677,104 does not match prior closing 235,389,979,847 (gap 1,079,697,257 VND); likely a missed filing between 2025-05-28 and 2025-06-05"
VCBF-AIF,2025-12-03,chain_continuity,False,-1911855679.0,"opening 352,499,255,363 does not match prior closing 354,411,111,042 (gap -1,911,855,679 VND); likely a missed filing between 2025-11-19 and 2025-11-27"
VCBF-BCF,2022-07-27,chain_continuity,False,4169681528.0,"opening 383,256,580,599 does not match prior closing 379,086,899,071 (gap 4,169,681,528 VND); likely a missed filing between 2022-07-13 and 2022-07-21"
VCBF-BCF,2022-10-05,chain_continuity,False,-21404097259.0,"opening 363,360,527,749 does not match prior closing 384,764,625,008 (gap -21,404,097,259 VND); likely a missed filing between 2022-09-21 and 2022-09-29"
VCBF-BCF,2023-10-25,chain_continuity,False,-17197805980.0,"opening 372,350,214,605 does not match prior closing 389,548,020,585 (gap -17,197,805,980 VND); likely a missed filing between 2023-10-11 and 2023-10-19"
VCBF-BCF,2025-01-01,chain_continuity,False,12663248024.0,"opening 699,984,275,426 does not match prior closing 687,321,027,402 (gap 12,663,248,024 VND); likely a missed filing between 2024-12-18 and 2024-12-26"
VCBF-BCF,2025-06-11,chain_continuity,False,-3635984858.0,"opening 828,208,518,534 does not match prior closing 831,844,503,392 (gap -3,635,984,858 VND); likely a missed filing between 2025-05-28 and 2025-06-05"
VCBF-BCF,2025-12-03,chain_continuity,False,6010776626.0,"opening 1,185,052,594,708 does not match prior closing 1,179,041,818,082 (gap 6,010,776,626 VND); likely a missed filing between 2025-11-19 and 2025-11-27"
VCBF-FIF,2022-12-07,chain_continuity,False,-151907520.0,"opening 89,760,042,145 does not match prior closing 89,911,949,665 (gap -151,907,520 VND); likely a missed filing between 2022-11-30 and 2022-12-01"
VCBF-FIF,2023-10-25,chain_continuity,False,896907702.0,"opening 109,830,484,211 does not match prior closing 108,933,576,509 (gap 896,907,702 VND); likely a missed filing between 2023-10-11 and 2023-10-19"
VCBF-FIF,2024-11-27,chain_continuity,False,2668981297.0,"opening 346,147,431,487 does not match prior closing 343,478,450,190 (gap 2,668,981,297 VND); likely a missed filing between 2024-11-13 and 2024-11-21"
VCBF-FIF,2025-06-11,chain_continuity,False,9744217706.0,"opening 530,661,779,986 does not match prior closing 520,917,562,280 (gap 9,744,217,706 VND); likely a missed filing between 2025-05-28 and 2025-06-05"
VCBF-MGF,2023-07-26,chain_continuity,False,4679949174.0,"opening 317,347,652,975 does not match prior closing 312,667,703,801 (gap 4,679,949,174 VND); likely a missed filing between 2023-07-12 and 2023-07-20"
VCBF-MGF,2023-10-25,chain_continuity,False,-13980150641.0,"opening 315,270,731,747 does not match prior closing 329,250,882,388 (gap -13,980,150,641 VND); likely a missed filing between 2023-10-11 and 2023-10-19"
VCBF-MGF,2025-06-11,chain_continuity,False,-5020153245.0,"opening 831,876,997,346 does not match prior closing 836,897,150,591 (gap -5,020,153,245 VND); likely a missed filing between 2025-05-28 and 2025-06-05"
VCBF-TBF,2023-10-25,chain_continuity,False,-7190057367.0,"opening 210,883,677,271 does not match prior closing 218,073,734,638 (gap -7,190,057,367 VND); likely a missed filing between 2023-10-11 and 2023-10-19"
VCBF-TBF,2023-11-08,chain_continuity,False,-9459551807.0,"opening 201,813,231,148 does not match prior closing 211,272,782,955 (gap -9,459,551,807 VND); likely a missed filing between 2023-10-25 and 2023-11-02"
VCBF-TBF,2024-09-25,chain_continuity,False,5661584655.0,"opening 341,901,207,049 does not match prior closing 336,239,622,394 (gap 5,661,584,655 VND); likely a missed filing between 2024-09-11 and 2024-09-19"
VCBF-TBF,2025-06-11,chain_continuity,False,-454696531.0,"opening 431,338,264,851 does not match prior closing 431,792,961,382 (gap -454,696,531 VND); likely a missed filing between 2025-05-28 and 2025-06-05"
VINACAPITAL-VEOF,2021-03-29,chain_continuity,False,-1125347837.0,"opening 299,072,350,149 does not match prior closing 300,197,697,986 (gap -1,125,347,837 VND); likely a missed filing between 2021-03-17 and 2021-03-23"
VINACAPITAL-VEOF,2021-10-04,chain_continuity,False,-11961130211.0,"opening 420,406,810,942 does not match prior closing 432,367,941,153 (gap -11,961,130,211 VND); likely a missed filing between 2021-09-20 and 2021-09-28"
VINACAPITAL-VEOF,2022-05-16,chain_continuity,False,20021380690.0,"opening 1,012,304,629,384 does not match prior closing 992,283,248,694 (gap 20,021,380,690 VND); likely a missed filing between 2022-05-02 and 2022-05-10"
VINACAPITAL-VEOF,2022-08-29,chain_continuity,False,-10074148344.0,"opening 1,116,969,920,351 does not match prior closing 1,127,044,068,695 (gap -10,074,148,344 VND); likely a missed filing between 2022-08-15 and 2022-08-23"
VINACAPITAL-VEOF,2023-03-27,chain_continuity,False,-28215405983.0,"opening 861,499,542,347 does not match prior closing 889,714,948,330 (gap -28,215,405,983 VND); likely a missed filing between 2023-03-13 and 2023-03-21"
VINACAPITAL-VESAF,2022-01-03,chain_continuity,False,17215853078.0,"opening 906,478,922,943 does not match prior closing 889,263,069,865 (gap 17,215,853,078 VND); likely a missed filing between 2021-12-20 and 2021-12-28"
VINACAPITAL-VESAF,2022-06-13,chain_continuity,False,19244557850.0,"opening 1,275,520,206,857 does not match prior closing 1,256,275,649,007 (gap 19,244,557,850 VND); likely a missed filing between 2022-05-30 and 2022-06-07"
VINACAPITAL-VESAF,2022-07-18,chain_continuity,False,-42486900140.0,"opening 1,166,174,535,584 does not match prior closing 1,208,661,435,724 (gap -42,486,900,140 VND); likely a missed filing between 2022-07-04 and 2022-07-12"
VINACAPITAL-VESAF,2023-01-09,chain_continuity,False,-40796153637.0,"opening 993,826,967,854 does not match prior closing 1,034,623,121,491 (gap -40,796,153,637 VND); likely a missed filing between 2022-12-05 and 2023-01-03"
VINACAPITAL-VESAF,2023-03-27,chain_continuity,False,-21933451828.0,"opening 1,023,413,764,749 does not match prior closing 1,045,347,216,577 (gap -21,933,451,828 VND); likely a missed filing between 2023-03-13 and 2023-03-21"
VINACAPITAL-VESAF,2026-02-23,chain_continuity,False,69573769156.0,"opening 2,546,989,826,256 does not match prior closing 2,477,416,057,100 (gap 69,573,769,156 VND); likely a missed filing between 2026-02-09 and 2026-02-23"
VINACAPITAL-VFF,2021-06-28,chain_continuity,False,-5389252789.0,"opening 1,413,275,787,221 does not match prior closing 1,418,665,040,010 (gap -5,389,252,789 VND); likely a missed filing between 2021-06-14 and 2021-06-22"
VINACAPITAL-VFF,2021-09-06,chain_continuity,False,-28319825280.0,"opening 1,314,916,153,406 does not match prior closing 1,343,235,978,686 (gap -28,319,825,280 VND); likely a missed filing between 2021-08-23 and 2021-08-31"
VINACAPITAL-VFF,2021-12-13,chain_continuity,False,-92911021497.0,"opening 901,239,831,153 does not match prior closing 994,150,852,650 (gap -92,911,021,497 VND); likely a missed filing between 2021-11-22 and 2021-12-07"
VINACAPITAL-VFF,2021-12-27,chain_continuity,False,-55276198673.0,"opening 836,315,007,668 does not match prior closing 891,591,206,341 (gap -55,276,198,673 VND); likely a missed filing between 2021-12-13 and 2021-12-21"
VINACAPITAL-VFF,2022-06-13,chain_continuity,False,7650296404.0,"opening 671,024,755,638 does not match prior closing 663,374,459,234 (gap 7,650,296,404 VND); likely a missed filing between 2022-05-30 and 2022-06-07"
VINACAPITAL-VFF,2022-07-18,chain_continuity,False,33007268880.0,"opening 846,700,433,335 does not match prior closing 813,693,164,455 (gap 33,007,268,880 VND); likely a missed filing between 2022-07-04 and 2022-07-12"
VINACAPITAL-VFF,2023-01-09,chain_continuity,False,-7388029491.0,"opening 848,122,289,970 does not match prior closing 855,510,319,461 (gap -7,388,029,491 VND); likely a missed filing between 2022-12-26 and 2023-01-03"
VINACAPITAL-VFF,2023-01-23,chain_continuity,False,-2731492461.0,"opening 812,023,522,426 does not match prior closing 814,755,014,887 (gap -2,731,492,461 VND); likely a missed filing between 2023-01-09 and 2023-01-17"
VINACAPITAL-VFF,2023-02-20,chain_continuity,False,-4265159261.0,"opening 807,450,945,027 does not match prior closing 811,716,104,288 (gap -4,265,159,261 VND); likely a missed filing between 2023-02-06 and 2023-02-14"
VINACAPITAL-VFF,2023-04-03,chain_continuity,False,-18788464415.0,"opening 751,067,203,527 does not match prior closing 769,855,667,942 (gap -18,788,464,415 VND); likely a missed filing between 2023-03-20 and 2023-03-28"
VINACAPITAL-VFF,2025-01-31,chain_continuity,False,-6263507923.0,"opening 1,630,073,224,974 does not match prior closing 1,636,336,732,897 (gap -6,263,507,923 VND); likely a missed filing between 2025-01-06 and 2025-01-21"
VINACAPITAL-VIBF,2021-09-08,chain_continuity,False,13523702406.0,"opening 464,920,036,876 does not match prior closing 451,396,334,470 (gap 13,523,702,406 VND); likely a missed filing between 2021-08-25 and 2021-09-02"
VINACAPITAL-VIBF,2022-05-18,chain_continuity,False,-13400918536.0,"opening 684,467,086,072 does not match prior closing 697,868,004,608 (gap -13,400,918,536 VND); likely a missed filing between 2022-05-04 and 2022-05-12"
VINACAPITAL-VIBF,2022-06-08,chain_continuity,False,16500534496.0,"opening 708,361,011,695 does not match prior closing 691,860,477,199 (gap 16,500,534,496 VND); likely a missed filing between 2022-05-25 and 2022-06-02"
VINACAPITAL-VIBF,2022-07-27,chain_continuity,False,301159195.0,"opening 685,060,499,567 does not match prior closing 684,759,340,372 (gap 301,159,195 VND); likely a missed filing between 2022-07-13 and 2022-07-21"
VINACAPITAL-VIBF,2023-02-13,chain_continuity,False,319239042097.0,"opening 811,716,104,288 does not match prior closing 492,477,062,191 (gap 319,239,042,097 VND); likely a missed filing between 2023-02-08 and 2023-02-07"
VINACAPITAL-VIBF,2023-02-15,chain_continuity,False,-314973882836.0,"opening 492,477,062,191 does not match prior closing 807,450,945,027 (gap -314,973,882,836 VND); likely a missed filing between 2023-02-13 and 2023-02-09"
VINACAPITAL-VIBF,2023-07-05,chain_continuity,False,1778596036.0,"opening 441,183,528,324 does not match prior closing 439,404,932,288 (gap 1,778,596,036 VND); likely a missed filing between 2023-06-21 and 2023-06-29"
VINACAPITAL-VIBF,2023-12-13,chain_continuity,False,4906689891.0,"opening 412,682,181,360 does not match prior closing 407,775,491,469 (gap 4,906,689,891 VND); likely a missed filing between 2023-11-29 and 2023-12-07"
VINACAPITAL-VIBF,2024-12-23,chain_continuity,False,-8443822868.0,"opening 799,382,755,027 does not match prior closing 807,826,577,895 (gap -8,443,822,868 VND); likely a missed filing between 2024-12-09 and 2024-12-17"
VINACAPITAL-VIBF,2025-05-19,chain_continuity,False,21218722948.0,"opening 1,058,936,746,707 does not match prior closing 1,037,718,023,759 (gap 21,218,722,948 VND); likely a missed filing between 2025-05-05 and 2025-05-13"
VINACAPITAL-VLBF,2021-09-29,chain_continuity,False,924942336.0,"opening 51,221,760,473 does not match prior closing 50,296,818,137 (gap 924,942,336 VND); likely a missed filing between 2021-09-15 and 2021-09-23"
VINACAPITAL-VLBF,2022-02-16,chain_continuity,False,51409263.0,"opening 89,575,994,552 does not match prior closing 89,524,585,289 (gap 51,409,263 VND); likely a missed filing between 2022-02-02 and 2022-02-10"
VINACAPITAL-VLBF,2023-01-11,chain_continuity,False,-614561433.0,"opening 58,967,615,641 does not match prior closing 59,582,177,074 (gap -614,561,433 VND); likely a missed filing between 2022-12-28 and 2023-01-05"
VINACAPITAL-VLBF,2023-07-05,chain_continuity,False,798844816.0,"opening 59,261,828,112 does not match prior closing 58,462,983,296 (gap 798,844,816 VND); likely a missed filing between 2023-06-21 and 2023-06-29"
VINACAPITAL-VLBF,2024-05-01,chain_continuity,False,141847237.0,"opening 63,669,218,439 does not match prior closing 63,527,371,202 (gap 141,847,237 VND); likely a missed filing between 2024-04-18 and 2024-04-25"
VINACAPITAL-VLBF,2024-07-17,chain_continuity,False,-623022501.0,"opening 61,337,181,426 does not match prior closing 61,960,203,927 (gap -623,022,501 VND); likely a missed filing between 2024-07-03 and 2024-07-11"
VINACAPITAL-VLBF,2024-08-14,chain_continuity,False,-131285139.0,"opening 61,243,764,569 does not match prior closing 61,375,049,708 (gap -131,285,139 VND); likely a missed filing between 2024-07-31 and 2024-08-08"
VINACAPITAL-VLBF,2025-01-08,chain_continuity,False,-1143263105.0,"opening 52,369,717,919 does not match prior closing 53,512,981,024 (gap -1,143,263,105 VND); likely a missed filing between 2024-12-25 and 2025-01-02"
VINACAPITAL-VLBF,2025-04-02,chain_continuity,False,43582647.0,"opening 52,912,271,062 does not match prior closing 52,868,688,415 (gap 43,582,647 VND); likely a missed filing between 2025-03-19 and 2025-03-27"
VINACAPITAL-VLBF,2026-01-04,chain_continuity,False,144988242.0,"opening 45,610,350,731 does not match prior closing 45,465,362,489 (gap 144,988,242 VND); likely a missed filing between 2025-12-24 and 2025-12-26"
VLGF,2023-03-08,chain_continuity,False,-100242294863.0,"opening 2,613,636,722,558 does not match prior closing 2,713,879,017,421 (gap -100,242,294,863 VND); likely a missed filing between 2023-02-22 and 2023-03-02"
VLGF,2023-10-11,chain_continuity,False,-96353412244.0,"opening 2,740,691,496,395 does not match prior closing 2,837,044,908,639 (gap -96,353,412,244 VND); likely a missed filing between 2023-09-27 and 2023-10-05"
VLGF,2023-11-01,chain_continuity,False,45448636838.0,"opening 2,816,936,228,954 does not match prior closing 2,771,487,592,116 (gap 45,448,636,838 VND); likely a missed filing between 2023-10-18 and 2023-10-26"
VLGF,2024-01-03,chain_continuity,False,44043859020.0,"opening 3,064,363,201,197 does not match prior closing 3,020,319,342,177 (gap 44,043,859,020 VND); likely a missed filing between 2023-12-20 and 2023-12-28"
VLGF,2024-02-28,chain_continuity,False,22483107778.0,"opening 3,397,280,205,460 does not match prior closing 3,374,797,097,682 (gap 22,483,107,778 VND); likely a missed filing between 2024-02-07 and 2024-02-22"
VLGF,2024-10-16,chain_continuity,False,-9705900751.0,"opening 4,571,464,188,852 does not match prior closing 4,581,170,089,603 (gap -9,705,900,751 VND); likely a missed filing between 2024-10-02 and 2024-10-10"
