fund_code,period_end,fmarket_date,parsed,fmarket,diff_pct,agrees
VCBF-AIF,2025-02-12,2025-02-13,9996.94,9996.94,0.0,True
VCBF-AIF,2025-02-19,2025-02-20,10032.16,10032.16,0.0,True
VCBF-AIF,2025-02-26,2025-02-27,10145.02,10145.02,0.0,True
VCBF-AIF,2025-03-05,2025-03-06,10123.58,10123.58,0.0,True
VCBF-AIF,2025-03-12,2025-03-13,10138.2,10138.2,0.0,True
VCBF-AIF,2025-03-19,2025-03-20,9907.72,9907.72,0.0,True
VCBF-AIF,2025-03-26,2025-03-27,9838.7,9838.7,0.0,True
VCBF-AIF,2025-04-02,2025-04-03,9731.59,9731.59,0.0,True
VCBF-AIF,2025-04-09,2025-04-10,8092.46,8092.46,0.0,True
VCBF-AIF,2025-04-16,2025-04-17,8839.75,8839.75,0.0,True
VCBF-AIF,2025-04-23,2025-04-24,8934.01,8934.01,0.0,True
VCBF-AIF,2025-04-30,2025-05-01,9060.85,,,
VCBF-AIF,2025-05-07,2025-05-08,9188.04,9188.04,0.0,True
VCBF-AIF,2025-05-14,2025-05-15,9671.69,9671.69,0.0,True
VCBF-AIF,2025-05-21,2025-05-22,9685.82,9685.82,0.0,True
VCBF-AIF,2025-05-28,2025-05-29,9794.52,9794.52,0.0,True
VCBF-AIF,2025-06-11,2025-06-12,9653.73,9653.73,0.0,True
VCBF-AIF,2025-06-18,2025-06-19,9865.99,9865.99,0.0,True
VCBF-AIF,2025-06-25,2025-06-26,9977.2,9977.2,0.0,True
VCBF-AIF,2025-07-02,2025-07-03,10175.75,10175.75,0.0,True
VCBF-AIF,2025-07-09,2025-07-10,10392.34,10392.34,0.0,True
VCBF-AIF,2025-07-16,2025-07-17,10554.14,10554.14,0.0,True
VCBF-AIF,2025-07-23,2025-07-24,10704.93,10704.93,0.0,True
VCBF-AIF,2025-07-30,2025-07-31,10593.5,10593.5,0.0,True
VCBF-AIF,2025-08-06,2025-08-07,10945.73,10945.73,0.0,True
VCBF-AIF,2025-08-13,2025-08-14,11266.03,11266.03,0.0,True
VCBF-AIF,2025-08-20,2025-08-21,11389.23,11389.23,0.0,True
VCBF-AIF,2025-08-27,2025-08-28,11407.21,11407.21,0.0,True
VCBF-AIF,2025-09-03,2025-09-04,11554.14,11554.14,0.0,True
VCBF-AIF,2025-09-10,2025-09-11,11301.35,11301.35,0.0,True
VCBF-AIF,2025-09-17,2025-09-18,11500.06,11500.06,0.0,True
VCBF-AIF,2025-09-24,2025-09-25,11363.64,11363.64,0.0,True
VCBF-AIF,2025-10-01,2025-10-02,11275.16,11275.16,0.0,True
VCBF-AIF,2025-10-08,2025-10-09,11399.22,11399.22,0.0,True
VCBF-AIF,2025-10-15,2025-10-16,11471.06,11471.06,0.0,True
VCBF-AIF,2025-10-22,2025-10-23,11204.97,11204.97,0.0,True
VCBF-AIF,2025-10-29,2025-10-30,11403.68,11403.68,0.0,True
VCBF-AIF,2025-11-05,2025-11-06,11323.33,11323.33,0.0,True
VCBF-AIF,2025-11-12,2025-11-13,11260.13,11260.13,0.0,True
VCBF-AIF,2025-11-19,2025-11-20,11304.74,11304.74,0.0,True
VCBF-AIF,2025-12-03,2025-12-04,11501.59,11501.59,0.0,True
VCBF-AIF,2025-12-10,2025-12-11,11329.29,11329.29,0.0,True
VCBF-AIF,2025-12-17,2025-12-18,11193.23,11193.23,0.0,True
VCBF-AIF,2025-12-24,2025-12-25,11478.55,11478.55,0.0,True
VCBF-AIF,2025-12-31,2026-01-01,11501.72,,,
VCBF-AIF,2026-01-07,2026-01-08,11823.33,11823.33,0.0,True
VCBF-AIF,2026-01-14,2026-01-15,12206.89,12206.89,0.0,True
VCBF-AIF,2026-01-21,2026-01-22,12285.94,12285.94,0.0,True
VCBF-AIF,2026-01-28,2026-01-29,12058.06,12058.06,0.0,True
VCBF-AIF,2026-02-04,2026-02-05,12493.81,12493.81,0.0,True
VCBF-AIF,2026-02-11,2026-02-12,12205.72,12205.72,0.0,True
VCBF-AIF,2026-02-18,2026-02-19,12253.99,,,
VCBF-AIF,2026-02-25,2026-02-26,12510.74,12510.74,0.0,True
VCBF-AIF,2026-03-04,2026-03-05,12110.35,12110.35,0.0,True
VCBF-AIF,2026-03-11,2026-03-12,11754.43,11754.43,0.0,True
VCBF-AIF,2026-03-18,2026-03-19,11633.85,11633.85,0.0,True
VCBF-AIF,2026-03-25,2026-03-26,11611.98,11611.98,0.0,True
VCBF-AIF,2026-04-01,2026-04-02,11733.35,11733.35,0.0,True
VCBF-AIF,2026-04-08,2026-04-09,11859.66,11859.66,0.0,True
VCBF-AIF,2026-04-15,2026-04-16,11815.54,11815.54,0.0,True
VCBF-AIF,2026-04-22,2026-04-23,11826.28,11826.28,0.0,True
VCBF-AIF,2026-04-29,2026-04-30,11720.74,,,
VCBF-AIF,2026-05-06,2026-05-07,11824.71,11824.71,0.0,True
VCBF-AIF,2026-05-13,2026-05-14,11750.62,11750.62,0.0,True
VCBF-AIF,2026-05-20,2026-05-21,11700.62,11700.62,0.0,True
VCBF-AIF,2026-05-27,2026-05-28,11694.17,11694.17,0.0,True
VCBF-AIF,2026-06-03,2026-06-04,11597.83,11597.83,0.0,True
VCBF-AIF,2026-06-10,2026-06-11,11509.06,11509.06,0.0,True
VCBF-AIF,2026-06-17,2026-06-18,11602.59,11602.59,0.0,True
VCBF-AIF,2026-06-24,2026-06-25,11467.14,11467.14,0.0,True
VCBF-AIF,2026-07-01,2026-07-02,11618.73,11618.73,0.0,True
VCBF-AIF,2026-07-08,2026-07-09,11442.83,11442.83,0.0,True
VCBF-AIF,2026-07-15,2026-07-16,11053.73,11053.73,0.0,True
VCBF-AIF,2026-07-22,2026-07-23,10497.33,10497.33,0.0,True
VCBF-AIF,2026-07-29,2026-07-30,10507.6,10507.6,0.0,True
VCBF-AIF,2026-08-05,2026-08-06,10928.44,10928.44,0.0,True
VCBF-AIF,2026-08-12,2026-08-13,11145.26,11145.26,0.0,True
VCBF-BCF,2022-07-06,2022-07-07,26463.09,26463.09,0.0,True
VCBF-BCF,2022-07-13,2022-07-14,26938.39,26938.39,0.0,True
VCBF-BCF,2022-07-27,2022-07-28,27019.06,27019.06,0.0,True
VCBF-BCF,2022-08-03,2022-08-04,28232.91,28232.91,0.0,True
VCBF-BCF,2022-08-10,2022-08-11,28212.78,28212.78,0.0,True
VCBF-BCF,2022-08-17,2022-08-18,28626.2,28626.2,0.0,True
VCBF-BCF,2022-08-24,2022-08-25,28791.33,28791.33,0.0,True
VCBF-BCF,2022-08-31,2022-09-01,28856.68,,,
VCBF-BCF,2022-09-07,2022-09-08,28027.18,28027.18,0.0,True
VCBF-BCF,2022-09-14,2022-09-15,28050.35,28050.35,0.0,True
VCBF-BCF,2022-09-21,2022-09-22,27288.95,27288.95,0.0,True
VCBF-BCF,2022-10-05,2022-10-06,24966.09,24966.09,0.0,True
VCBF-BCF,2022-10-12,2022-10-13,23514.26,23514.26,0.0,True
VCBF-BCF,2022-10-19,2022-10-20,24317.83,24317.83,0.0,True
VCBF-BCF,2022-10-26,2022-10-27,22749.41,22749.41,0.0,True
VCBF-BCF,2022-11-02,2022-11-03,23301.31,23301.31,0.0,True
VCBF-BCF,2022-11-09,2022-11-10,22623.63,22623.63,0.0,True
VCBF-BCF,2022-11-16,2022-11-17,21439.31,21439.31,0.0,True
VCBF-BCF,2022-11-23,2022-11-24,22241.06,22241.06,0.0,True
VCBF-BCF,2022-11-30,2022-12-01,24649.99,24649.99,0.0,True
VCBF-BCF,2022-12-07,2022-12-08,24627.29,24627.29,0.0,True
VCBF-BCF,2022-12-14,2022-12-15,25057.0,25057.0,0.0,True
VCBF-BCF,2022-12-21,2022-12-22,24623.84,24623.84,0.0,True
VCBF-BCF,2022-12-28,2022-12-29,24267.31,24267.31,0.0,True
VCBF-BCF,2023-01-04,2023-01-05,24912.92,24912.92,0.0,True
VCBF-BCF,2023-01-11,2023-01-12,25201.06,25201.06,0.0,True
VCBF-BCF,2023-01-18,2023-01-19,26244.59,26244.59,0.0,True
VCBF-BCF,2023-01-25,2023-01-26,26359.47,,,
VCBF-BCF,2023-02-01,2023-02-02,25802.49,25802.49,0.0,True
VCBF-BCF,2023-02-08,2023-02-09,25463.12,25463.12,0.0,True
VCBF-BCF,2023-02-15,2023-02-16,25001.23,25001.23,0.0,True
VCBF-BCF,2023-02-22,2023-02-23,25354.64,25354.64,0.0,True
VCBF-BCF,2023-03-01,2023-03-02,25054.13,25054.13,0.0,True
VCBF-BCF,2023-03-08,2023-03-09,25135.37,25135.37,0.0,True
VCBF-BCF,2023-03-15,2023-03-16,25262.78,25262.78,0.0,True
VCBF-BCF,2023-03-22,2023-03-23,24691.56,24691.56,0.0,True
VCBF-BCF,2023-03-29,2023-03-30,24977.52,24977.52,0.0,True
VCBF-BCF,2023-04-05,2023-04-06,25678.53,25678.53,0.0,True
VCBF-BCF,2023-04-12,2023-04-13,25467.52,25467.52,0.0,True
VCBF-BCF,2023-04-19,2023-04-20,25067.31,25067.31,0.0,True
VCBF-BCF,2023-04-26,2023-04-27,24901.86,24901.86,0.0,True
VCBF-BCF,2023-05-03,2023-05-04,24938.29,24938.29,0.0,True
VCBF-BCF,2023-05-10,2023-05-11,25248.94,25248.94,0.0,True
VCBF-BCF,2023-05-17,2023-05-18,25453.44,25453.44,0.0,True
VCBF-BCF,2023-05-24,2023-05-25,25473.51,25473.51,0.0,True
VCBF-BCF,2023-05-31,2023-06-01,25633.15,25633.15,0.0,True
VCBF-BCF,2023-06-07,2023-06-08,26362.93,26362.93,0.0,True
VCBF-BCF,2023-06-14,2023-06-15,26379.99,26379.99,0.0,True
VCBF-BCF,2023-06-21,2023-06-22,26870.11,26870.11,0.0,True
VCBF-BCF,2023-06-28,2023-06-29,27366.71,27366.71,0.0,True
VCBF-BCF,2023-07-05,2023-07-06,27354.03,27354.03,0.0,True
VCBF-BCF,2023-07-12,2023-07-13,27882.55,27882.55,0.0,True
VCBF-BCF,2023-07-19,2023-07-20,28186.31,28186.31,0.0,True
VCBF-BCF,2023-07-26,2023-07-27,28856.91,28856.91,0.0,True
VCBF-BCF,2023-08-02,2023-08-03,29183.66,29183.66,0.0,True
VCBF-BCF,2023-08-09,2023-08-10,29706.49,29706.49,0.0,True
VCBF-BCF,2023-08-16,2023-08-17,30053.66,30053.66,0.0,True
VCBF-BCF,2023-08-23,2023-08-24,28464.0,28464.0,0.0,True
VCBF-BCF,2023-08-30,2023-08-31,30107.23,29940.88,0.555594892334489,False
VCBF-BCF,2023-09-06,2023-09-07,30655.61,30655.61,0.0,True
VCBF-BCF,2023-09-13,2023-09-14,30398.92,30398.92,0.0,True
VCBF-BCF,2023-09-20,2023-09-21,30372.56,30372.56,0.0,True
VCBF-BCF,2023-09-27,2023-09-28,28707.1,28707.1,0.0,True
VCBF-BCF,2023-10-04,2023-10-05,27960.43,27960.43,0.0,True
VCBF-BCF,2023-10-11,2023-10-12,28691.86,28691.86,0.0,True
VCBF-BCF,2023-10-25,2023-10-26,27282.4,27282.4,0.0,True
VCBF-BCF,2023-11-01,2023-11-02,25345.86,25345.86,0.0,True
VCBF-BCF,2023-11-08,2023-11-09,27342.84,27342.84,0.0,True
VCBF-BCF,2023-11-15,2023-11-16,27662.68,27662.68,0.0,True
VCBF-BCF,2023-11-22,2023-11-23,27366.86,27366.86,0.0,True
VCBF-BCF,2023-11-29,2023-11-30,27054.45,27054.45,0.0,True
VCBF-BCF,2023-12-06,2023-12-07,27526.16,27526.16,0.0,True
VCBF-BCF,2023-12-13,2023-12-14,27324.77,27324.77,0.0,True
VCBF-BCF,2023-12-20,2023-12-21,27278.49,27278.49,0.0,True
VCBF-BCF,2023-12-27,2023-12-28,27889.87,27889.87,0.0,True
VCBF-BCF,2024-01-03,2024-01-04,28455.79,28455.79,0.0,True
VCBF-BCF,2024-01-10,2024-01-11,28810.99,28810.99,0.0,True
VCBF-BCF,2024-01-17,2024-01-18,29049.84,29049.84,0.0,True
VCBF-BCF,2024-01-24,2024-01-25,29579.6,29579.6,0.0,True
VCBF-BCF,2024-01-31,2024-02-01,29547.49,29547.49,0.0,True
VCBF-BCF,2024-02-05,2024-02-06,30404.61,30404.61,0.0,True
VCBF-BCF,2024-02-14,2024-02-15,30709.81,30709.81,0.0,True
VCBF-BCF,2024-02-21,2024-02-22,31188.64,31188.64,0.0,True
VCBF-BCF,2024-02-28,2024-02-29,31753.68,31753.68,0.0,True
VCBF-BCF,2024-03-06,2024-03-07,32206.41,32206.41,0.0,True
VCBF-BCF,2024-03-13,2024-03-14,32394.83,32394.83,0.0,True
VCBF-BCF,2024-03-20,2024-03-21,32277.8,32277.8,0.0,True
VCBF-BCF,2024-03-27,2024-03-28,32821.55,32821.55,0.0,True
VCBF-BCF,2024-04-03,2024-04-04,32510.09,32510.09,0.0,True
VCBF-BCF,2024-04-10,2024-04-11,32006.19,32006.19,0.0,True
VCBF-BCF,2024-04-15,2024-04-16,31020.1,31020.1,0.0,True
VCBF-BCF,2024-04-24,2024-04-25,31196.02,31196.02,0.0,True
VCBF-BCF,2024-05-01,2024-05-02,31321.15,31321.15,0.0,True
VCBF-BCF,2024-05-08,2024-05-09,32596.53,32596.53,0.0,True
VCBF-BCF,2024-05-15,2024-05-16,32822.96,32822.96,0.0,True
VCBF-BCF,2024-05-22,2024-05-23,33188.9,33188.9,0.0,True
VCBF-BCF,2024-05-29,2024-05-30,32997.79,32997.79,0.0,True
VCBF-BCF,2024-06-05,2024-06-06,33577.87,33577.87,0.0,True
VCBF-BCF,2024-06-12,2024-06-13,34514.01,34514.01,0.0,True
VCBF-BCF,2024-06-19,2024-06-20,34249.37,34249.37,0.0,True
VCBF-BCF,2024-06-26,2024-06-27,33586.24,33586.24,0.0,True
VCBF-BCF,2024-07-03,2024-07-04,33877.58,33877.58,0.0,True
VCBF-BCF,2024-07-10,2024-07-11,34030.9,34030.9,0.0,True
VCBF-BCF,2024-07-17,2024-07-18,33715.67,33715.67,0.0,True
VCBF-BCF,2024-07-24,2024-07-25,32975.41,32975.41,0.0,True
VCBF-BCF,2024-07-31,2024-08-01,33368.61,33368.61,0.0,True
VCBF-BCF,2024-08-07,2024-08-08,32294.72,32294.72,0.0,True
VCBF-BCF,2024-08-14,2024-08-15,32928.63,32928.63,0.0,True
VCBF-BCF,2024-08-21,2024-08-22,34392.87,34392.87,0.0,True
VCBF-BCF,2024-08-28,2024-08-29,34307.31,34307.31,0.0,True
VCBF-BCF,2024-09-04,2024-09-05,34243.81,34243.81,0.0,True
VCBF-BCF,2024-09-11,2024-09-12,33755.03,33755.03,0.0,True
VCBF-BCF,2024-09-18,2024-09-19,34247.19,34247.19,0.0,True
VCBF-BCF,2024-09-25,2024-09-26,35173.56,35173.56,0.0,True
VCBF-BCF,2024-10-02,2024-10-03,35037.08,35037.08,0.0,True
VCBF-BCF,2024-10-09,2024-10-10,34975.63,34975.63,0.0,True
VCBF-BCF,2024-10-16,2024-10-17,35042.9,35042.9,0.0,True
VCBF-BCF,2024-10-23,2024-10-24,34908.98,34908.98,0.0,True
VCBF-BCF,2024-10-30,2024-10-31,34760.37,34760.37,0.0,True
VCBF-BCF,2024-11-06,2024-11-07,34873.18,34873.18,0.0,True
VCBF-BCF,2024-11-13,2024-11-14,34605.45,34605.45,0.0,True
VCBF-BCF,2024-11-20,2024-11-21,33655.65,33655.65,0.0,True
VCBF-BCF,2024-11-27,2024-11-28,34450.05,34450.05,0.0,True
VCBF-BCF,2024-12-04,2024-12-05,34573.61,34573.61,0.0,True
VCBF-BCF,2024-12-11,2024-12-12,35299.98,35299.98,0.0,True
VCBF-BCF,2024-12-18,2024-12-19,35238.85,35238.85,0.0,True
VCBF-BCF,2025-01-01,2025-01-02,35759.89,35759.89,0.0,True
VCBF-BCF,2025-01-08,2025-01-09,35161.44,35161.44,0.0,True
VCBF-BCF,2025-01-15,2025-01-16,34673.13,34673.13,0.0,True
VCBF-BCF,2025-01-22,2025-01-23,35132.43,35132.43,0.0,True
VCBF-BCF,2025-01-29,2025-01-30,35782.54,,,
VCBF-BCF,2025-02-05,2025-02-06,35704.34,35704.34,0.0,True
VCBF-BCF,2025-02-12,2025-02-13,35616.15,35616.15,0.0,True
VCBF-BCF,2025-02-19,2025-02-20,35795.24,35795.24,0.0,True
VCBF-BCF,2025-02-26,2025-02-27,36202.2,36202.2,0.0,True
VCBF-BCF,2025-03-05,2025-03-06,36166.3,36166.3,0.0,True
VCBF-BCF,2025-03-12,2025-03-13,36530.18,36530.18,0.0,True
VCBF-BCF,2025-03-19,2025-03-20,35567.93,35567.93,0.0,True
VCBF-BCF,2025-03-26,2025-03-27,35595.62,35595.62,0.0,True
VCBF-BCF,2025-04-02,2025-04-03,35310.06,35310.06,0.0,True
VCBF-BCF,2025-04-09,2025-04-10,29253.38,29253.38,0.0,True
VCBF-BCF,2025-04-16,2025-04-17,32402.54,32402.54,0.0,True
VCBF-BCF,2025-04-23,2025-04-24,32813.08,32813.08,0.0,True
VCBF-BCF,2025-04-30,2025-05-01,33311.09,,,
VCBF-BCF,2025-05-07,2025-05-08,33671.91,33671.91,0.0,True
VCBF-BCF,2025-05-14,2025-05-15,35673.89,35673.89,0.0,True
VCBF-BCF,2025-05-21,2025-05-22,35791.87,35791.87,0.0,True
VCBF-BCF,2025-05-28,2025-05-29,36130.3,36130.3,0.0,True
VCBF-BCF,2025-06-11,2025-06-12,35557.64,35557.64,0.0,True
VCBF-BCF,2025-06-18,2025-06-19,36573.99,36573.99,0.0,True
VCBF-BCF,2025-06-25,2025-06-26,36881.12,36881.12,0.0,True
VCBF-BCF,2025-07-02,2025-07-03,37577.4,37577.4,0.0,True
VCBF-BCF,2025-07-09,2025-07-10,38650.06,38650.06,0.0,True
VCBF-BCF,2025-07-16,2025-07-17,39416.92,39416.92,0.0,True
VCBF-BCF,2025-07-23,2025-07-24,39840.13,39840.13,0.0,True
VCBF-BCF,2025-07-30,2025-07-31,39394.55,39394.55,0.0,True
VCBF-BCF,2025-08-06,2025-08-07,41222.42,41222.42,0.0,True
VCBF-BCF,2025-08-13,2025-08-14,42495.48,42495.48,0.0,True
VCBF-BCF,2025-08-20,2025-08-21,43030.48,43030.48,0.0,True
VCBF-BCF,2025-08-27,2025-08-28,43396.17,43396.17,0.0,True
VCBF-BCF,2025-09-03,2025-09-04,43869.99,43869.99,0.0,True
VCBF-BCF,2025-09-10,2025-09-11,42940.92,42940.92,0.0,True
VCBF-BCF,2025-09-17,2025-09-18,43728.68,43728.68,0.0,True
VCBF-BCF,2025-09-24,2025-09-25,43290.75,43290.75,0.0,True
VCBF-BCF,2025-10-01,2025-10-02,43029.06,43029.06,0.0,True
VCBF-BCF,2025-10-08,2025-10-09,43744.08,43744.08,0.0,True
VCBF-BCF,2025-10-15,2025-10-16,44245.94,44245.94,0.0,True
VCBF-BCF,2025-10-22,2025-10-23,42903.41,42903.41,0.0,True
VCBF-BCF,2025-10-29,2025-10-30,43499.23,43499.23,0.0,True
VCBF-BCF,2025-11-05,2025-11-06,42943.94,42943.94,0.0,True
VCBF-BCF,2025-11-12,2025-11-13,42573.82,42573.82,0.0,True
VCBF-BCF,2025-11-19,2025-11-20,42719.09,42719.09,0.0,True
VCBF-BCF,2025-12-03,2025-12-04,43570.17,43570.17,0.0,True
VCBF-BCF,2025-12-10,2025-12-11,42947.69,42947.69,0.0,True
VCBF-BCF,2025-12-17,2025-12-18,42257.26,42257.26,0.0,True
VCBF-BCF,2025-12-24,2025-12-25,43893.05,43893.05,0.0,True
VCBF-BCF,2025-12-31,2026-01-01,43930.45,,,
VCBF-BCF,2026-01-07,2026-01-08,45145.31,45145.31,0.0,True
VCBF-BCF,2026-01-14,2026-01-15,46464.36,46464.36,0.0,True
VCBF-BCF,2026-01-21,2026-01-22,46812.49,46812.49,0.0,True
VCBF-BCF,2026-01-28,2026-01-29,46004.79,46004.79,0.0,True
VCBF-BCF,2026-02-04,2026-02-05,47537.11,47537.11,0.0,True
VCBF-BCF,2026-02-11,2026-02-12,46570.05,46570.05,0.0,True
VCBF-BCF,2026-02-18,2026-02-19,46706.75,,,
VCBF-BCF,2026-02-25,2026-02-26,47613.36,47613.36,0.0,True
VCBF-BCF,2026-03-04,2026-03-05,45658.34,45658.34,0.0,True
VCBF-BCF,2026-03-11,2026-03-12,44422.18,44422.18,0.0,True
VCBF-BCF,2026-03-18,2026-03-19,43977.43,43977.43,0.0,True
VCBF-BCF,2026-03-25,2026-03-26,43840.67,43840.67,0.0,True
VCBF-BCF,2026-04-01,2026-04-02,44443.96,44443.96,0.0,True
VCBF-BCF,2026-04-08,2026-04-09,44982.52,44982.52,0.0,True
VCBF-BCF,2026-04-15,2026-04-16,44734.21,44734.21,0.0,True
VCBF-BCF,2026-04-22,2026-04-23,44946.28,44946.28,0.0,True
VCBF-BCF,2026-04-29,2026-04-30,44483.48,,,
VCBF-BCF,2026-05-06,2026-05-07,44900.5,44900.5,0.0,True
VCBF-BCF,2026-05-13,2026-05-14,44540.79,44540.79,0.0,True
VCBF-BCF,2026-05-20,2026-05-21,44142.07,44142.07,0.0,True
VCBF-BCF,2026-05-27,2026-05-28,44247.43,44247.43,0.0,True
VCBF-BCF,2026-06-03,2026-06-04,43746.63,43746.63,0.0,True
VCBF-BCF,2026-06-10,2026-06-11,43314.0,43314.0,0.0,True
VCBF-BCF,2026-06-17,2026-06-18,43765.75,43765.75,0.0,True
VCBF-BCF,2026-06-24,2026-06-25,43284.29,43284.29,0.0,True
VCBF-BCF,2026-07-01,2026-07-02,43962.24,43962.24,0.0,True
VCBF-BCF,2026-07-08,2026-07-09,43136.11,43136.11,0.0,True
VCBF-BCF,2026-07-15,2026-07-16,41370.85,41370.85,0.0,True
VCBF-BCF,2026-07-22,2026-07-23,38926.02,38926.02,0.0,True
VCBF-BCF,2026-07-29,2026-07-30,39041.91,39041.91,0.0,True
VCBF-BCF,2026-08-05,2026-08-06,41156.34,41156.34,0.0,True
VCBF-BCF,2026-08-12,2026-08-13,41850.71,41850.71,0.0,True
VCBF-FIF,2022-07-06,2022-07-07,11861.23,11861.23,0.0,True
VCBF-FIF,2022-07-13,2022-07-14,11833.3,11833.3,0.0,True
VCBF-FIF,2022-07-20,2022-07-21,11870.98,11870.98,0.0,True
VCBF-FIF,2022-07-27,2022-07-28,11850.59,11850.59,0.0,True
VCBF-FIF,2022-08-03,2022-08-04,11863.9,11863.9,0.0,True
VCBF-FIF,2022-08-10,2022-08-11,11969.47,11969.47,0.0,True
VCBF-FIF,2022-08-17,2022-08-18,11983.99,11983.99,0.0,True
VCBF-FIF,2022-08-24,2022-08-25,12012.93,12012.93,0.0,True
VCBF-FIF,2022-08-31,2022-09-01,12023.6,,,
VCBF-FIF,2022-09-07,2022-09-08,12062.3,12062.3,0.0,True
VCBF-FIF,2022-09-14,2022-09-15,12063.6,12063.6,0.0,True
VCBF-FIF,2022-09-21,2022-09-22,12071.33,12071.33,0.0,True
VCBF-FIF,2022-09-28,2022-09-29,12125.97,12125.97,0.0,True
VCBF-FIF,2022-10-05,2022-10-06,12114.16,12114.16,0.0,True
VCBF-FIF,2022-10-12,2022-10-13,12135.32,12135.32,0.0,True
VCBF-FIF,2022-10-19,2022-10-20,12068.59,12068.59,0.0,True
VCBF-FIF,2022-10-26,2022-10-27,12121.66,12121.66,0.0,True
VCBF-FIF,2022-11-02,2022-11-03,12153.54,12153.54,0.0,True
VCBF-FIF,2022-11-09,2022-11-10,12132.86,12132.86,0.0,True
VCBF-FIF,2022-11-16,2022-11-17,12115.22,12115.22,0.0,True
VCBF-FIF,2022-11-23,2022-11-24,12102.18,12102.18,0.0,True
VCBF-FIF,2022-11-30,2022-12-01,12114.64,12094.18,0.16917227955925185,False
VCBF-FIF,2022-12-07,2022-12-08,12020.41,12020.41,0.0,True
VCBF-FIF,2022-12-14,2022-12-15,12046.81,12046.81,0.0,True
VCBF-FIF,2022-12-21,2022-12-22,12212.38,12212.38,0.0,True
VCBF-FIF,2022-12-28,2022-12-29,12250.36,12250.36,0.0,True
VCBF-FIF,2023-01-04,2023-01-05,12226.87,12226.87,0.0,True
VCBF-FIF,2023-01-11,2023-01-12,12264.57,12264.57,0.0,True
VCBF-FIF,2023-01-18,2023-01-19,12281.84,12281.84,0.0,True
VCBF-FIF,2023-01-25,2023-01-26,12300.92,,,
VCBF-FIF,2023-02-01,2023-02-02,12330.9,12330.9,0.0,True
VCBF-FIF,2023-02-08,2023-02-09,12348.69,12348.69,0.0,True
VCBF-FIF,2023-02-15,2023-02-16,12455.44,12455.44,0.0,True
VCBF-FIF,2023-02-22,2023-02-23,12432.18,12432.18,0.0,True
VCBF-FIF,2023-03-01,2023-03-02,12507.86,12507.86,0.0,True
VCBF-FIF,2023-03-08,2023-03-09,12484.18,12484.18,0.0,True
VCBF-FIF,2023-03-15,2023-03-16,12492.77,12492.77,0.0,True
VCBF-FIF,2023-03-22,2023-03-23,12523.28,12523.28,0.0,True
VCBF-FIF,2023-03-29,2023-03-30,12575.37,12575.37,0.0,True
VCBF-FIF,2023-04-05,2023-04-06,12619.09,12619.09,0.0,True
VCBF-FIF,2023-04-12,2023-04-13,12641.02,12641.02,0.0,True
VCBF-FIF,2023-04-19,2023-04-20,12644.06,12644.06,0.0,True
VCBF-FIF,2023-04-26,2023-04-27,12668.87,12668.87,0.0,True
VCBF-FIF,2023-05-03,2023-05-04,12735.32,12735.32,0.0,True
VCBF-FIF,2023-05-10,2023-05-11,12620.73,12620.73,0.0,True
VCBF-FIF,2023-05-17,2023-05-18,12547.25,12547.25,0.0,True
VCBF-FIF,2023-05-24,2023-05-25,12647.52,12647.52,0.0,True
VCBF-FIF,2023-05-31,2023-06-01,12678.37,12678.37,0.0,True
VCBF-FIF,2023-06-07,2023-06-08,12801.8,12801.8,0.0,True
VCBF-FIF,2023-06-14,2023-06-15,12814.49,12814.49,0.0,True
VCBF-FIF,2023-06-21,2023-06-22,12826.29,12826.29,0.0,True
VCBF-FIF,2023-06-28,2023-06-29,12758.72,12758.72,0.0,True
VCBF-FIF,2023-07-05,2023-07-06,12810.73,12810.73,0.0,True
VCBF-FIF,2023-07-12,2023-07-13,12944.27,12944.27,0.0,True
VCBF-FIF,2023-07-19,2023-07-20,12901.64,12901.64,0.0,True
VCBF-FIF,2023-07-26,2023-07-27,12859.06,12859.06,0.0,True
VCBF-FIF,2023-08-02,2023-08-03,12988.83,12988.83,0.0,True
VCBF-FIF,2023-08-09,2023-08-10,12990.24,12990.24,0.0,True
VCBF-FIF,2023-08-16,2023-08-17,13023.96,13023.96,0.0,True
VCBF-FIF,2023-08-23,2023-08-24,13032.19,13032.19,0.0,True
VCBF-FIF,2023-08-30,2023-08-31,13111.41,13111.41,0.0,True
VCBF-FIF,2023-09-06,2023-09-07,13125.71,13125.71,0.0,True
VCBF-FIF,2023-09-13,2023-09-14,13170.8,13170.8,0.0,True
VCBF-FIF,2023-09-20,2023-09-21,13178.92,13178.92,0.0,True
VCBF-FIF,2023-09-27,2023-09-28,13135.38,13135.38,0.0,True
VCBF-FIF,2023-10-04,2023-10-05,13198.02,13198.02,0.0,True
VCBF-FIF,2023-10-11,2023-10-12,13267.56,13267.56,0.0,True
VCBF-FIF,2023-10-25,2023-10-26,13276.47,13276.47,0.0,True
VCBF-FIF,2023-11-01,2023-11-02,13350.36,13350.36,0.0,True
VCBF-FIF,2023-11-08,2023-11-09,13346.35,13346.35,0.0,True
VCBF-FIF,2023-11-15,2023-11-16,13266.97,13266.97,0.0,True
VCBF-FIF,2023-11-22,2023-11-23,13316.86,13316.86,0.0,True
VCBF-FIF,2023-11-29,2023-11-30,13405.1,13405.1,0.0,True
VCBF-FIF,2023-12-06,2023-12-07,13429.38,13429.38,0.0,True
VCBF-FIF,2023-12-13,2023-12-14,13437.44,13437.44,0.0,True
VCBF-FIF,2023-12-20,2023-12-21,13399.92,13399.92,0.0,True
VCBF-FIF,2023-12-27,2023-12-28,13464.82,13464.82,0.0,True
VCBF-FIF,2024-01-03,2024-01-04,13503.38,13503.38,0.0,True
VCBF-FIF,2024-01-10,2024-01-11,13469.44,13469.44,0.0,True
VCBF-FIF,2024-01-17,2024-01-18,13512.35,13512.35,0.0,True
VCBF-FIF,2024-01-24,2024-01-25,13496.71,13496.71,0.0,True
VCBF-FIF,2024-01-31,2024-02-01,13519.44,13519.44,0.0,True
VCBF-FIF,2024-02-05,2024-02-06,13537.62,13537.62,0.0,True
VCBF-FIF,2024-02-14,2024-02-15,13583.31,13583.31,0.0,True
VCBF-FIF,2024-02-21,2024-02-22,13623.94,13623.94,0.0,True
VCBF-FIF,2024-02-28,2024-02-29,13623.29,13623.29,0.0,True
VCBF-FIF,2024-03-06,2024-03-07,13661.06,13661.06,0.0,True
VCBF-FIF,2024-03-13,2024-03-14,13713.88,13713.88,0.0,True
VCBF-FIF,2024-03-20,2024-03-21,13694.24,13694.24,0.0,True
VCBF-FIF,2024-03-27,2024-03-28,13750.57,13750.57,0.0,True
VCBF-FIF,2024-04-03,2024-04-04,13731.18,13731.18,0.0,True
VCBF-FIF,2024-04-10,2024-04-11,13784.41,13784.41,0.0,True
VCBF-FIF,2024-04-15,2024-04-16,13838.06,13838.06,0.0,True
VCBF-FIF,2024-04-24,2024-04-25,13848.21,13848.21,0.0,True
VCBF-FIF,2024-05-01,2024-05-02,13910.66,13910.66,0.0,True
VCBF-FIF,2024-05-08,2024-05-09,13912.19,13912.19,0.0,True
VCBF-FIF,2024-05-15,2024-05-16,13865.64,13865.64,0.0,True
VCBF-FIF,2024-05-22,2024-05-23,13878.67,13878.67,0.0,True
VCBF-FIF,2024-05-29,2024-05-30,13904.45,13904.45,0.0,True
VCBF-FIF,2024-06-05,2024-06-06,13916.77,13916.77,0.0,True
VCBF-FIF,2024-06-12,2024-06-13,14004.94,14004.94,0.0,True
VCBF-FIF,2024-06-19,2024-06-20,13950.22,13950.22,0.0,True
VCBF-FIF,2024-06-26,2024-06-27,13982.09,13982.09,0.0,True
VCBF-FIF,2024-07-03,2024-07-04,13962.53,13962.53,0.0,True
VCBF-FIF,2024-07-10,2024-07-11,14032.43,14032.43,0.0,True
VCBF-FIF,2024-07-17,2024-07-18,14097.9,14097.9,0.0,True
VCBF-FIF,2024-07-24,2024-07-25,14078.4,14078.4,0.0,True
VCBF-FIF,2024-07-31,2024-08-01,14028.26,14028.26,0.0,True
VCBF-FIF,2024-08-07,2024-08-08,14133.27,14133.27,0.0,True
VCBF-FIF,2024-08-14,2024-08-15,14104.29,14104.29,0.0,True
VCBF-FIF,2024-08-21,2024-08-22,14185.17,14185.17,0.0,True
VCBF-FIF,2024-08-28,2024-08-29,14195.57,14195.57,0.0,True
VCBF-FIF,2024-09-04,2024-09-05,14189.85,14189.85,0.0,True
VCBF-FIF,2024-09-11,2024-09-12,14171.52,14171.52,0.0,True
VCBF-FIF,2024-09-18,2024-09-19,14235.42,14235.42,0.0,True
VCBF-FIF,2024-09-25,2024-09-26,14250.27,14250.27,0.0,True
VCBF-FIF,2024-10-02,2024-10-03,14274.34,14274.34,0.0,True
VCBF-FIF,2024-10-09,2024-10-10,14196.76,14196.76,0.0,True
VCBF-FIF,2024-10-16,2024-10-17,14234.77,14234.77,0.0,True
VCBF-FIF,2024-10-23,2024-10-24,14222.55,14222.55,0.0,True
VCBF-FIF,2024-10-30,2024-10-31,14248.1,14248.1,0.0,True
VCBF-FIF,2024-11-06,2024-11-07,14314.22,14314.22,0.0,True
VCBF-FIF,2024-11-13,2024-11-14,14304.02,14304.02,0.0,True
VCBF-FIF,2024-11-27,2024-11-28,14366.19,14366.19,0.0,True
VCBF-FIF,2024-12-04,2024-12-05,14377.53,14377.53,0.0,True
VCBF-FIF,2024-12-11,2024-12-12,14418.91,14418.91,0.0,True
VCBF-FIF,2024-12-18,2024-12-19,14425.22,14425.22,0.0,True
VCBF-FIF,2024-12-25,2024-12-26,14437.2,14437.2,0.0,True
VCBF-FIF,2025-01-01,2025-01-02,14466.15,14466.15,0.0,True
VCBF-FIF,2025-01-08,2025-01-09,14499.45,14499.45,0.0,True
VCBF-FIF,2025-01-15,2025-01-16,14471.27,14471.27,0.0,True
VCBF-FIF,2025-01-22,2025-01-23,14487.2,14487.2,0.0,True
VCBF-FIF,2025-01-29,2025-01-30,14562.7,,,
VCBF-FIF,2025-02-05,2025-02-06,14589.66,14589.66,0.0,True
VCBF-FIF,2025-02-12,2025-02-13,14587.59,14587.59,0.0,True
VCBF-FIF,2025-02-19,2025-02-20,14570.73,14570.73,0.0,True
VCBF-FIF,2025-02-26,2025-02-27,14580.95,14580.95,0.0,True
VCBF-FIF,2025-03-05,2025-03-06,14650.32,14650.32,0.0,True
VCBF-FIF,2025-03-12,2025-03-13,14666.79,14666.79,0.0,True
VCBF-FIF,2025-03-19,2025-03-20,14697.08,14697.08,0.0,True
VCBF-FIF,2025-03-26,2025-03-27,14699.29,14699.29,0.0,True
VCBF-FIF,2025-04-02,2025-04-03,14732.77,14732.77,0.0,True
VCBF-FIF,2025-04-09,2025-04-10,14692.98,14692.98,0.0,True
VCBF-FIF,2025-04-16,2025-04-17,14678.07,14678.07,0.0,True
VCBF-FIF,2025-04-23,2025-04-24,14726.1,14726.1,0.0,True
VCBF-FIF,2025-04-30,2025-05-01,14734.24,,,
VCBF-FIF,2025-05-07,2025-05-08,14767.91,14767.91,0.0,True
VCBF-FIF,2025-05-14,2025-05-15,14790.06,14790.06,0.0,True
VCBF-FIF,2025-05-21,2025-05-22,14797.67,14797.67,0.0,True
VCBF-FIF,2025-05-28,2025-05-29,14822.31,14822.31,0.0,True
VCBF-FIF,2025-06-11,2025-06-12,14835.77,14835.77,0.0,True
VCBF-FIF,2025-06-18,2025-06-19,14840.85,14840.85,0.0,True
VCBF-FIF,2025-06-25,2025-06-26,14879.94,14879.94,0.0,True
VCBF-FIF,2025-07-02,2025-07-03,14915.3,14915.3,0.0,True
VCBF-FIF,2025-07-09,2025-07-10,14931.32,14931.32,0.0,True
VCBF-FIF,2025-07-16,2025-07-17,14974.53,14974.53,0.0,True
VCBF-FIF,2025-07-23,2025-07-24,14967.55,14967.55,0.0,True
VCBF-FIF,2025-07-30,2025-07-31,14991.33,14991.33,0.0,True
VCBF-FIF,2025-08-06,2025-08-07,15005.88,15005.88,0.0,True
VCBF-FIF,2025-08-13,2025-08-14,15036.03,15036.03,0.0,True
VCBF-FIF,2025-08-20,2025-08-21,15034.07,15034.07,0.0,True
VCBF-FIF,2025-08-27,2025-08-28,15047.44,15047.44,0.0,True
VCBF-FIF,2025-09-03,2025-09-04,15080.03,15080.03,0.0,True
VCBF-FIF,2025-09-10,2025-09-11,15122.43,15122.43,0.0,True
VCBF-FIF,2025-09-17,2025-09-18,15126.42,15126.42,0.0,True
VCBF-FIF,2025-09-24,2025-09-25,15140.81,15140.81,0.0,True
VCBF-FIF,2025-10-01,2025-10-02,15189.96,15189.96,0.0,True
VCBF-FIF,2025-10-08,2025-10-09,15203.98,15203.98,0.0,True
VCBF-FIF,2025-10-15,2025-10-16,15193.87,15193.87,0.0,True
VCBF-FIF,2025-10-22,2025-10-23,15231.57,15231.57,0.0,True
VCBF-FIF,2025-10-29,2025-10-30,15223.12,15223.12,0.0,True
VCBF-FIF,2025-11-05,2025-11-06,15273.59,15273.59,0.0,True
VCBF-FIF,2025-11-12,2025-11-13,15218.36,15218.36,0.0,True
VCBF-FIF,2025-11-19,2025-11-20,15312.2,15312.2,0.0,True
VCBF-FIF,2025-11-26,2025-11-27,15280.99,15280.99,0.0,True
VCBF-FIF,2025-12-03,2025-12-04,15300.88,15300.88,0.0,True
VCBF-FIF,2025-12-10,2025-12-11,15315.91,15315.91,0.0,True
VCBF-FIF,2025-12-17,2025-12-18,15431.73,15431.73,0.0,True
VCBF-FIF,2025-12-24,2025-12-25,15333.81,15333.81,0.0,True
VCBF-FIF,2025-12-31,2026-01-01,15273.1,,,
VCBF-FIF,2026-01-07,2026-01-08,15541.46,15541.46,0.0,True
VCBF-FIF,2026-01-14,2026-01-15,15429.65,15429.65,0.0,True
VCBF-FIF,2026-01-21,2026-01-22,15422.57,15422.57,0.0,True
VCBF-FIF,2026-01-28,2026-01-29,15464.77,15464.77,0.0,True
VCBF-FIF,2026-02-04,2026-02-05,15434.19,15434.19,0.0,True
VCBF-FIF,2026-02-11,2026-02-12,15536.52,15536.52,0.0,True
VCBF-FIF,2026-02-18,2026-02-19,15509.26,,,
VCBF-FIF,2026-02-25,2026-02-26,15548.42,15548.42,0.0,True
VCBF-FIF,2026-03-04,2026-03-05,15620.96,15620.96,0.0,True
VCBF-FIF,2026-03-11,2026-03-12,15622.16,15622.16,0.0,True
VCBF-FIF,2026-03-18,2026-03-19,15634.78,15634.78,0.0,True
VCBF-FIF,2026-03-25,2026-03-26,15673.9,15673.9,0.0,True
VCBF-FIF,2026-04-01,2026-04-02,15732.76,15732.76,0.0,True
VCBF-FIF,2026-04-08,2026-04-09,15769.9,15769.9,0.0,True
VCBF-FIF,2026-04-15,2026-04-16,15808.54,15808.54,0.0,True
VCBF-FIF,2026-04-22,2026-04-23,15809.25,15809.25,0.0,True
VCBF-FIF,2026-04-29,2026-04-30,15734.93,,,
VCBF-FIF,2026-05-06,2026-05-07,15857.56,15857.56,0.0,True
VCBF-FIF,2026-05-13,2026-05-14,15805.94,15805.94,0.0,True
VCBF-FIF,2026-05-20,2026-05-21,15783.14,15783.14,0.0,True
VCBF-FIF,2026-05-27,2026-05-28,15817.78,15817.78,0.0,True
VCBF-FIF,2026-06-03,2026-06-04,15870.04,15870.04,0.0,True
VCBF-FIF,2026-06-10,2026-06-11,15951.52,15951.52,0.0,True
VCBF-FIF,2026-06-17,2026-06-18,15901.49,15901.49,0.0,True
VCBF-FIF,2026-06-24,2026-06-25,15850.43,15850.43,0.0,True
VCBF-FIF,2026-07-01,2026-07-02,16018.2,16018.2,0.0,True
VCBF-FIF,2026-07-08,2026-07-09,15978.32,15978.32,0.0,True
VCBF-FIF,2026-07-15,2026-07-16,15980.5,15980.5,0.0,True
VCBF-FIF,2026-07-22,2026-07-23,16012.69,16012.69,0.0,True
VCBF-FIF,2026-07-29,2026-07-30,15951.39,15951.39,0.0,True
VCBF-FIF,2026-08-05,2026-08-06,16024.72,16024.72,0.0,True
VCBF-FIF,2026-08-12,2026-08-13,16062.75,16062.75,0.0,True
VCBF-MGF,2022-07-06,2022-07-07,9217.96,9217.96,0.0,True
VCBF-MGF,2022-07-13,2022-07-14,9529.37,9529.37,0.0,True
VCBF-MGF,2022-07-20,2022-07-21,9618.08,9618.08,0.0,True
VCBF-MGF,2022-07-27,2022-07-28,9637.5,9637.5,0.0,True
VCBF-MGF,2022-08-03,2022-08-04,10000.69,10000.69,0.0,True
VCBF-MGF,2022-08-10,2022-08-11,10073.14,10073.14,0.0,True
VCBF-MGF,2022-08-17,2022-08-18,10183.13,10183.13,0.0,True
VCBF-MGF,2022-08-24,2022-08-25,10375.02,10375.02,0.0,True
VCBF-MGF,2022-08-31,2022-09-01,10335.83,,,
VCBF-MGF,2022-09-07,2022-09-08,10001.02,10001.02,0.0,True
VCBF-MGF,2022-09-14,2022-09-15,9985.95,9985.95,0.0,True
VCBF-MGF,2022-09-21,2022-09-22,9650.62,9650.62,0.0,True
VCBF-MGF,2022-09-28,2022-09-29,9264.17,9264.17,0.0,True
VCBF-MGF,2022-10-05,2022-10-06,8690.25,8690.25,0.0,True
VCBF-MGF,2022-10-12,2022-10-13,8074.39,8074.39,0.0,True
VCBF-MGF,2022-10-19,2022-10-20,8336.92,8336.92,0.0,True
VCBF-MGF,2022-10-26,2022-10-27,7692.17,7692.17,0.0,True
VCBF-MGF,2022-11-02,2022-11-03,7927.45,7927.45,0.0,True
VCBF-MGF,2022-11-09,2022-11-10,7467.97,7467.97,0.0,True
VCBF-MGF,2022-11-16,2022-11-17,6778.32,6778.32,0.0,True
VCBF-MGF,2022-11-23,2022-11-24,7216.66,7216.66,0.0,True
VCBF-MGF,2022-11-30,2022-12-01,7995.47,7995.47,0.0,True
VCBF-MGF,2022-12-07,2022-12-08,7861.22,7861.22,0.0,True
VCBF-MGF,2022-12-14,2022-12-15,8253.18,8253.18,0.0,True
VCBF-MGF,2022-12-21,2022-12-22,8108.02,8108.02,0.0,True
VCBF-MGF,2022-12-28,2022-12-29,7977.33,7977.33,0.0,True
VCBF-MGF,2023-01-04,2023-01-05,8226.56,8226.56,0.0,True
VCBF-MGF,2023-01-11,2023-01-12,8291.05,8291.05,0.0,True
VCBF-MGF,2023-01-18,2023-01-19,8584.61,8584.61,0.0,True
VCBF-MGF,2023-01-25,2023-01-26,8655.25,,,
VCBF-MGF,2023-02-01,2023-02-02,8533.85,8533.85,0.0,True
VCBF-MGF,2023-02-08,2023-02-09,8397.76,8397.76,0.0,True
VCBF-MGF,2023-02-15,2023-02-16,8240.9,8240.9,0.0,True
VCBF-MGF,2023-02-21,2023-02-22,8415.45,,,
VCBF-MGF,2023-03-01,2023-03-02,8249.07,8249.07,0.0,True
VCBF-MGF,2023-03-08,2023-03-09,8265.25,8265.25,0.0,True
VCBF-MGF,2023-03-15,2023-03-16,8276.66,8276.66,0.0,True
VCBF-MGF,2023-03-22,2023-03-23,8107.21,8107.21,0.0,True
VCBF-MGF,2023-03-29,2023-03-30,8228.17,8228.17,0.0,True
VCBF-MGF,2023-04-05,2023-04-06,8597.68,8597.68,0.0,True
VCBF-MGF,2023-04-12,2023-04-13,8674.08,8674.08,0.0,True
VCBF-MGF,2023-04-19,2023-04-20,8673.41,8673.41,0.0,True
VCBF-MGF,2023-04-26,2023-04-27,8708.45,8708.45,0.0,True
VCBF-MGF,2023-05-03,2023-05-04,8755.99,8755.99,0.0,True
VCBF-MGF,2023-05-10,2023-05-11,8912.49,8912.49,0.0,True
VCBF-MGF,2023-05-17,2023-05-18,9007.39,9007.39,0.0,True
VCBF-MGF,2023-05-24,2023-05-25,9095.89,9095.89,0.0,True
VCBF-MGF,2023-05-31,2023-06-01,9257.96,9257.96,0.0,True
VCBF-MGF,2023-06-07,2023-06-08,9445.6,9445.6,0.0,True
VCBF-MGF,2023-06-14,2023-06-15,9458.11,9458.11,0.0,True
VCBF-MGF,2023-06-21,2023-06-22,9711.5,9711.5,0.0,True
VCBF-MGF,2023-06-28,2023-06-29,9852.25,9852.25,0.0,True
VCBF-MGF,2023-07-05,2023-07-06,9855.51,9855.51,0.0,True
VCBF-MGF,2023-07-12,2023-07-13,10124.56,10124.56,0.0,True
VCBF-MGF,2023-07-26,2023-07-27,10317.69,10317.69,0.0,True
VCBF-MGF,2023-08-02,2023-08-03,10239.59,10239.59,0.0,True
VCBF-MGF,2023-08-09,2023-08-10,10398.86,10398.86,0.0,True
VCBF-MGF,2023-08-16,2023-08-17,10436.19,10436.19,0.0,True
VCBF-MGF,2023-08-23,2023-08-24,9945.15,9945.15,0.0,True
VCBF-MGF,2023-08-30,2023-08-31,10463.08,10463.08,0.0,True
VCBF-MGF,2023-09-06,2023-09-07,10790.15,10790.15,0.0,True
VCBF-MGF,2023-09-13,2023-09-14,10783.95,10783.95,0.0,True
VCBF-MGF,2023-09-20,2023-09-21,10946.13,10946.13,0.0,True
VCBF-MGF,2023-09-27,2023-09-28,10427.79,10427.79,0.0,True
VCBF-MGF,2023-10-04,2023-10-05,10283.86,10283.86,0.0,True
VCBF-MGF,2023-10-11,2023-10-12,10631.27,10631.27,0.0,True
VCBF-MGF,2023-10-25,2023-10-26,10177.46,10177.46,0.0,True
VCBF-MGF,2023-11-01,2023-11-02,9560.46,9560.46,0.0,True
VCBF-MGF,2023-11-08,2023-11-09,10314.94,10314.94,0.0,True
VCBF-MGF,2023-11-15,2023-11-16,10389.02,10389.02,0.0,True
VCBF-MGF,2023-11-22,2023-11-23,10407.58,10407.58,0.0,True
VCBF-MGF,2023-11-29,2023-11-30,10211.76,10211.76,0.0,True
VCBF-MGF,2023-12-06,2023-12-07,10424.19,10424.19,0.0,True
VCBF-MGF,2023-12-13,2023-12-14,10247.84,10247.84,0.0,True
VCBF-MGF,2023-12-20,2023-12-21,10246.26,10246.26,0.0,True
VCBF-MGF,2023-12-27,2023-12-28,10511.41,10511.41,0.0,True
VCBF-MGF,2024-01-03,2024-01-04,10718.04,10718.04,0.0,True
VCBF-MGF,2024-01-10,2024-01-11,10781.11,10781.11,0.0,True
VCBF-MGF,2024-01-17,2024-01-18,10818.41,10818.41,0.0,True
VCBF-MGF,2024-01-24,2024-01-25,11025.85,11025.85,0.0,True
VCBF-MGF,2024-01-31,2024-02-01,11091.39,11091.39,0.0,True
VCBF-MGF,2024-02-05,2024-02-06,11317.98,11317.98,0.0,True
VCBF-MGF,2024-02-14,2024-02-15,11430.94,11430.94,0.0,True
VCBF-MGF,2024-02-21,2024-02-22,11526.84,11526.84,0.0,True
VCBF-MGF,2024-02-28,2024-02-29,11661.6,11661.6,0.0,True
VCBF-MGF,2024-03-06,2024-03-07,11868.48,11868.48,0.0,True
VCBF-MGF,2024-03-13,2024-03-14,12092.77,12092.77,0.0,True
VCBF-MGF,2024-03-20,2024-03-21,12045.18,12045.18,0.0,True
VCBF-MGF,2024-03-27,2024-03-28,12188.39,12188.39,0.0,True
VCBF-MGF,2024-04-03,2024-04-04,12122.33,12122.33,0.0,True
VCBF-MGF,2024-04-10,2024-04-11,11852.63,11852.63,0.0,True
VCBF-MGF,2024-04-15,2024-04-16,11477.33,11477.33,0.0,True
VCBF-MGF,2024-04-24,2024-04-25,11564.63,11564.63,0.0,True
VCBF-MGF,2024-05-01,2024-05-02,11606.47,11606.47,0.0,True
VCBF-MGF,2024-05-08,2024-05-09,11972.56,11972.56,0.0,True
VCBF-MGF,2024-05-15,2024-05-16,12105.57,12105.57,0.0,True
VCBF-MGF,2024-05-22,2024-05-23,12309.21,12309.21,0.0,True
VCBF-MGF,2024-05-29,2024-05-30,12335.08,12335.08,0.0,True
VCBF-MGF,2024-06-05,2024-06-06,12566.38,12566.38,0.0,True
VCBF-MGF,2024-06-12,2024-06-13,12823.33,12823.33,0.0,True
VCBF-MGF,2024-06-19,2024-06-20,12765.46,12765.46,0.0,True
VCBF-MGF,2024-06-26,2024-06-27,12522.79,12522.79,0.0,True
VCBF-MGF,2024-07-03,2024-07-04,12606.19,12606.19,0.0,True
VCBF-MGF,2024-07-10,2024-07-11,12745.43,12745.43,0.0,True
VCBF-MGF,2024-07-17,2024-07-18,12616.59,12616.59,0.0,True
VCBF-MGF,2024-07-24,2024-07-25,12298.47,12298.47,0.0,True
VCBF-MGF,2024-07-31,2024-08-01,12340.88,12340.88,0.0,True
VCBF-MGF,2024-08-07,2024-08-08,11953.5,11953.5,0.0,True
VCBF-MGF,2024-08-14,2024-08-15,12151.85,12151.85,0.0,True
VCBF-MGF,2024-08-21,2024-08-22,12654.76,12654.76,0.0,True
VCBF-MGF,2024-08-28,2024-08-29,12537.37,12537.37,0.0,True
VCBF-MGF,2024-09-04,2024-09-05,12520.4,12520.4,0.0,True
VCBF-MGF,2024-09-11,2024-09-12,12316.69,12316.69,0.0,True
VCBF-MGF,2024-09-18,2024-09-19,12455.61,12455.61,0.0,True
VCBF-MGF,2024-09-25,2024-09-26,12796.31,12796.31,0.0,True
VCBF-MGF,2024-10-02,2024-10-03,12717.73,12717.73,0.0,True
VCBF-MGF,2024-10-09,2024-10-10,12729.11,12729.11,0.0,True
VCBF-MGF,2024-10-16,2024-10-17,12723.31,12723.31,0.0,True
VCBF-MGF,2024-10-23,2024-10-24,12705.54,12705.54,0.0,True
VCBF-MGF,2024-10-30,2024-10-31,12754.94,12754.94,0.0,True
VCBF-MGF,2024-11-06,2024-11-07,12861.86,12861.86,0.0,True
VCBF-MGF,2024-11-13,2024-11-14,12841.82,12841.82,0.0,True
VCBF-MGF,2024-11-20,2024-11-21,12501.65,12501.65,0.0,True
VCBF-MGF,2024-11-27,2024-11-28,12789.93,12789.93,0.0,True
VCBF-MGF,2024-12-04,2024-12-05,12980.31,12980.31,0.0,True
VCBF-MGF,2024-12-11,2024-12-12,13255.62,13255.62,0.0,True
VCBF-MGF,2024-12-18,2024-12-19,13257.93,13257.93,0.0,True
VCBF-MGF,2024-12-25,2024-12-26,13460.19,13460.19,0.0,True
VCBF-MGF,2025-01-01,2025-01-02,13401.32,13401.32,0.0,True
VCBF-MGF,2025-01-08,2025-01-09,13143.02,13143.02,0.0,True
VCBF-MGF,2025-01-15,2025-01-16,13031.98,13031.98,0.0,True
VCBF-MGF,2025-01-22,2025-01-23,13202.77,13202.77,0.0,True
VCBF-MGF,2025-01-29,2025-01-30,13440.31,,,
VCBF-MGF,2025-02-05,2025-02-06,13534.16,13534.16,0.0,True
VCBF-MGF,2025-02-12,2025-02-13,13514.05,13514.05,0.0,True
VCBF-MGF,2025-02-19,2025-02-20,13688.69,13688.69,0.0,True
VCBF-MGF,2025-02-26,2025-02-27,13842.78,13842.78,0.0,True
VCBF-MGF,2025-03-05,2025-03-06,13756.22,13756.22,0.0,True
VCBF-MGF,2025-03-12,2025-03-13,13822.6,13822.6,0.0,True
VCBF-MGF,2025-03-19,2025-03-20,13430.7,13430.7,0.0,True
VCBF-MGF,2025-03-26,2025-03-27,13353.19,13353.19,0.0,True
VCBF-MGF,2025-04-02,2025-04-03,13186.68,13186.68,0.0,True
VCBF-MGF,2025-04-09,2025-04-10,10786.1,10786.1,0.0,True
VCBF-MGF,2025-04-16,2025-04-17,11801.98,11801.98,0.0,True
VCBF-MGF,2025-04-23,2025-04-24,11936.34,11936.34,0.0,True
VCBF-MGF,2025-04-30,2025-05-01,12092.9,,,
VCBF-MGF,2025-05-07,2025-05-08,12282.59,12282.59,0.0,True
VCBF-MGF,2025-05-14,2025-05-15,12896.99,12896.99,0.0,True
VCBF-MGF,2025-05-21,2025-05-22,12831.86,12831.86,0.0,True
VCBF-MGF,2025-05-28,2025-05-29,13034.22,13034.22,0.0,True
VCBF-MGF,2025-06-11,2025-06-12,13014.01,13014.01,0.0,True
VCBF-MGF,2025-06-18,2025-06-19,13372.16,13372.16,0.0,True
VCBF-MGF,2025-06-25,2025-06-26,13384.8,13384.8,0.0,True
VCBF-MGF,2025-07-02,2025-07-03,13676.58,13676.58,0.0,True
VCBF-MGF,2025-07-09,2025-07-10,13917.22,13917.22,0.0,True
VCBF-MGF,2025-07-16,2025-07-17,14089.6,14089.6,0.0,True
VCBF-MGF,2025-07-23,2025-07-24,14260.23,14260.23,0.0,True
VCBF-MGF,2025-07-30,2025-07-31,14084.84,14084.84,0.0,True
VCBF-MGF,2025-08-06,2025-08-07,14561.6,14561.6,0.0,True
VCBF-MGF,2025-08-13,2025-08-14,15037.07,15037.07,0.0,True
VCBF-MGF,2025-08-20,2025-08-21,14950.3,14950.3,0.0,True
VCBF-MGF,2025-08-27,2025-08-28,14978.13,14978.13,0.0,True
VCBF-MGF,2025-09-03,2025-09-04,15162.47,15162.47,0.0,True
VCBF-MGF,2025-09-10,2025-09-11,14790.63,14790.63,0.0,True
VCBF-MGF,2025-09-17,2025-09-18,15104.34,15104.34,0.0,True
VCBF-MGF,2025-09-24,2025-09-25,14937.13,14937.13,0.0,True
VCBF-MGF,2025-10-01,2025-10-02,14705.54,14705.54,0.0,True
VCBF-MGF,2025-10-08,2025-10-09,14818.64,14818.64,0.0,True
VCBF-MGF,2025-10-15,2025-10-16,14647.13,14647.13,0.0,True
VCBF-MGF,2025-10-22,2025-10-23,14308.93,14308.93,0.0,True
VCBF-MGF,2025-10-29,2025-10-30,14667.33,14667.33,0.0,True
VCBF-MGF,2025-11-05,2025-11-06,14402.8,14402.8,0.0,True
VCBF-MGF,2025-11-12,2025-11-13,14227.91,14227.91,0.0,True
VCBF-MGF,2025-11-19,2025-11-20,14284.17,14284.17,0.0,True
VCBF-MGF,2025-11-26,2025-11-27,14099.45,14099.45,0.0,True
VCBF-MGF,2025-12-03,2025-12-04,14354.63,14354.63,0.0,True
VCBF-MGF,2025-12-10,2025-12-11,14077.13,14077.13,0.0,True
VCBF-MGF,2025-12-17,2025-12-18,13860.11,13860.11,0.0,True
VCBF-MGF,2025-12-24,2025-12-25,14209.22,14209.22,0.0,True
VCBF-MGF,2025-12-31,2026-01-01,14255.38,,,
VCBF-MGF,2026-01-07,2026-01-08,14533.65,14533.65,0.0,True
VCBF-MGF,2026-01-14,2026-01-15,15011.05,15011.05,0.0,True
VCBF-MGF,2026-01-21,2026-01-22,15274.37,15274.37,0.0,True
VCBF-MGF,2026-01-28,2026-01-29,15122.87,15122.87,0.0,True
VCBF-MGF,2026-02-04,2026-02-05,15899.47,15899.47,0.0,True
VCBF-MGF,2026-02-11,2026-02-12,15463.69,15463.69,0.0,True
VCBF-MGF,2026-02-18,2026-02-19,15513.53,,,
VCBF-MGF,2026-02-25,2026-02-26,15868.07,15868.07,0.0,True
VCBF-MGF,2026-03-04,2026-03-05,15437.48,15437.48,0.0,True
VCBF-MGF,2026-03-11,2026-03-12,14984.4,14984.4,0.0,True
VCBF-MGF,2026-03-18,2026-03-19,14833.46,14833.46,0.0,True
VCBF-MGF,2026-03-25,2026-03-26,14916.07,14916.07,0.0,True
VCBF-MGF,2026-04-01,2026-04-02,15078.63,15078.63,0.0,True
VCBF-MGF,2026-04-08,2026-04-09,15144.94,15144.94,0.0,True
VCBF-MGF,2026-04-15,2026-04-16,15020.71,15020.71,0.0,True
VCBF-MGF,2026-04-22,2026-04-23,14990.71,14990.71,0.0,True
VCBF-MGF,2026-04-29,2026-04-30,14821.73,,,
VCBF-MGF,2026-05-06,2026-05-07,14871.0,14871.0,0.0,True
VCBF-MGF,2026-05-13,2026-05-14,14699.42,14699.42,0.0,True
VCBF-MGF,2026-05-20,2026-05-21,14599.97,14599.97,0.0,True
VCBF-MGF,2026-05-27,2026-05-28,14623.74,14623.74,0.0,True
VCBF-MGF,2026-06-03,2026-06-04,14542.83,14542.83,0.0,True
VCBF-MGF,2026-06-10,2026-06-11,14458.17,14458.17,0.0,True
VCBF-MGF,2026-06-17,2026-06-18,14685.12,14685.12,0.0,True
VCBF-MGF,2026-06-24,2026-06-25,14367.92,14367.92,0.0,True
VCBF-MGF,2026-07-01,2026-07-02,14578.05,14578.05,0.0,True
VCBF-MGF,2026-07-08,2026-07-09,14238.22,14238.22,0.0,True
VCBF-MGF,2026-07-15,2026-07-16,13707.16,13707.16,0.0,True
VCBF-MGF,2026-07-22,2026-07-23,12866.23,12866.23,0.0,True
VCBF-MGF,2026-07-29,2026-07-30,12860.03,12860.03,0.0,True
VCBF-MGF,2026-08-05,2026-08-06,13586.64,13586.64,0.0,True
VCBF-MGF,2026-08-12,2026-08-13,13794.05,13794.05,0.0,True
VCBF-TBF,2022-07-06,2022-07-07,25025.21,25025.21,0.0,True
VCBF-TBF,2022-07-13,2022-07-14,25316.86,25316.86,0.0,True
VCBF-TBF,2022-07-20,2022-07-21,25513.44,25513.44,0.0,True
VCBF-TBF,2022-07-27,2022-07-28,25384.62,25384.62,0.0,True
VCBF-TBF,2022-08-03,2022-08-04,26163.03,26163.03,0.0,True
VCBF-TBF,2022-08-10,2022-08-11,26217.22,26217.22,0.0,True
VCBF-TBF,2022-08-17,2022-08-18,26502.1,26502.1,0.0,True
VCBF-TBF,2022-08-24,2022-08-25,26604.09,26604.09,0.0,True
VCBF-TBF,2022-08-31,2022-09-01,26657.43,,,
VCBF-TBF,2022-09-07,2022-09-08,26140.71,26140.71,0.0,True
VCBF-TBF,2022-09-14,2022-09-15,26168.28,26168.28,0.0,True
VCBF-TBF,2022-09-21,2022-09-22,25676.89,25676.89,0.0,True
VCBF-TBF,2022-09-28,2022-09-29,24761.52,24761.52,0.0,True
VCBF-TBF,2022-10-05,2022-10-06,24209.17,24209.17,0.0,True
VCBF-TBF,2022-10-12,2022-10-13,23255.9,23255.9,0.0,True
VCBF-TBF,2022-10-19,2022-10-20,23765.25,23765.25,0.0,True
VCBF-TBF,2022-10-26,2022-10-27,22683.69,22683.69,0.0,True
VCBF-TBF,2022-11-02,2022-11-03,23098.72,23098.72,0.0,True
VCBF-TBF,2022-11-09,2022-11-10,22620.13,22620.13,0.0,True
VCBF-TBF,2022-11-16,2022-11-17,21785.75,21785.75,0.0,True
VCBF-TBF,2022-11-23,2022-11-24,22311.44,22311.44,0.0,True
VCBF-TBF,2022-11-30,2022-12-01,23973.69,23973.69,0.0,True
VCBF-TBF,2022-12-07,2022-12-08,23883.31,23883.31,0.0,True
VCBF-TBF,2022-12-14,2022-12-15,24187.03,24187.03,0.0,True
VCBF-TBF,2022-12-21,2022-12-22,23915.41,23915.41,0.0,True
VCBF-TBF,2022-12-28,2022-12-29,23706.89,23706.89,0.0,True
VCBF-TBF,2023-01-04,2023-01-05,24129.46,24129.46,0.0,True
VCBF-TBF,2023-01-11,2023-01-12,24320.4,24320.4,0.0,True
VCBF-TBF,2023-01-18,2023-01-19,25042.84,25042.84,0.0,True
VCBF-TBF,2023-01-25,2023-01-26,25155.04,,,
VCBF-TBF,2023-02-01,2023-02-02,24759.07,24759.07,0.0,True
VCBF-TBF,2023-02-08,2023-02-09,24514.31,24514.31,0.0,True
VCBF-TBF,2023-02-15,2023-02-16,24277.9,24277.9,0.0,True
VCBF-TBF,2023-02-22,2023-02-23,24520.9,24520.9,0.0,True
VCBF-TBF,2023-03-01,2023-03-02,24369.37,24369.37,0.0,True
VCBF-TBF,2023-03-08,2023-03-09,24427.38,24427.38,0.0,True
VCBF-TBF,2023-03-15,2023-03-16,24529.95,24529.95,0.0,True
VCBF-TBF,2023-03-22,2023-03-23,24223.1,24223.1,0.0,True
VCBF-TBF,2023-03-29,2023-03-30,24459.32,24459.32,0.0,True
VCBF-TBF,2023-04-05,2023-04-06,25021.14,25021.14,0.0,True
VCBF-TBF,2023-04-12,2023-04-13,24915.37,24915.37,0.0,True
VCBF-TBF,2023-04-19,2023-04-20,24700.8,24700.8,0.0,True
VCBF-TBF,2023-04-26,2023-04-27,24649.37,24649.37,0.0,True
VCBF-TBF,2023-05-03,2023-05-04,24725.06,24725.06,0.0,True
VCBF-TBF,2023-05-10,2023-05-11,24839.79,24839.79,0.0,True
VCBF-TBF,2023-05-17,2023-05-18,24980.59,24980.59,0.0,True
VCBF-TBF,2023-05-24,2023-05-25,25056.05,25056.05,0.0,True
VCBF-TBF,2023-05-31,2023-06-01,25207.33,25207.33,0.0,True
VCBF-TBF,2023-06-07,2023-06-08,25714.97,25714.97,0.0,True
VCBF-TBF,2023-06-14,2023-06-15,25720.1,25720.1,0.0,True
VCBF-TBF,2023-06-21,2023-06-22,26059.46,26059.46,0.0,True
VCBF-TBF,2023-06-28,2023-06-29,26351.52,26351.52,0.0,True
VCBF-TBF,2023-07-05,2023-07-06,26364.14,26364.14,0.0,True
VCBF-TBF,2023-07-12,2023-07-13,26919.55,26919.55,0.0,True
VCBF-TBF,2023-07-19,2023-07-20,27037.45,27037.45,0.0,True
VCBF-TBF,2023-07-26,2023-07-27,27382.06,27382.06,0.0,True
VCBF-TBF,2023-08-02,2023-08-03,27608.1,27608.1,0.0,True
VCBF-TBF,2023-08-09,2023-08-10,27957.22,27957.22,0.0,True
VCBF-TBF,2023-08-16,2023-08-17,28161.03,28161.03,0.0,True
VCBF-TBF,2023-08-23,2023-08-24,27084.73,27084.73,0.0,True
VCBF-TBF,2023-08-30,2023-08-31,28159.51,28159.51,0.0,True
VCBF-TBF,2023-09-06,2023-09-07,28698.29,28698.29,0.0,True
VCBF-TBF,2023-09-13,2023-09-14,28579.41,28579.41,0.0,True
VCBF-TBF,2023-09-20,2023-09-21,28626.32,28626.32,0.0,True
VCBF-TBF,2023-09-27,2023-09-28,27444.51,27444.51,0.0,True
VCBF-TBF,2023-10-04,2023-10-05,26989.05,26989.05,0.0,True
VCBF-TBF,2023-10-11,2023-10-12,27644.1,27644.1,0.0,True
VCBF-TBF,2023-10-25,2023-10-26,26731.48,26731.48,0.0,True
VCBF-TBF,2023-11-08,2023-11-09,26904.8,26904.8,0.0,True
VCBF-TBF,2023-11-15,2023-11-16,27038.21,27038.21,0.0,True
VCBF-TBF,2023-11-22,2023-11-23,26967.36,26967.36,0.0,True
VCBF-TBF,2023-11-29,2023-11-30,26778.31,26778.31,0.0,True
VCBF-TBF,2023-12-06,2023-12-07,27147.89,27147.89,0.0,True
VCBF-TBF,2023-12-13,2023-12-14,26988.84,26988.84,0.0,True
VCBF-TBF,2023-12-20,2023-12-21,26929.56,26929.56,0.0,True
VCBF-TBF,2023-12-27,2023-12-28,27475.1,27475.1,0.0,True
VCBF-TBF,2024-01-03,2024-01-04,27883.43,27883.43,0.0,True
VCBF-TBF,2024-01-10,2024-01-11,28059.84,28059.84,0.0,True
VCBF-TBF,2024-01-17,2024-01-18,28212.8,28212.8,0.0,True
VCBF-TBF,2024-01-24,2024-01-25,28546.16,28546.16,0.0,True
VCBF-TBF,2024-01-31,2024-02-01,28555.51,28555.51,0.0,True
VCBF-TBF,2024-02-05,2024-02-06,29101.4,29101.4,0.0,True
VCBF-TBF,2024-02-14,2024-02-15,29367.09,29367.09,0.0,True
VCBF-TBF,2024-02-21,2024-02-22,29715.1,29715.1,0.0,True
VCBF-TBF,2024-02-28,2024-02-29,30100.24,30100.24,0.0,True
VCBF-TBF,2024-03-06,2024-03-07,30435.83,30435.83,0.0,True
VCBF-TBF,2024-03-13,2024-03-14,30686.55,30686.55,0.0,True
VCBF-TBF,2024-03-20,2024-03-21,30629.78,30629.78,0.0,True
VCBF-TBF,2024-03-27,2024-03-28,30994.21,30994.21,0.0,True
VCBF-TBF,2024-04-03,2024-04-04,30754.39,30754.39,0.0,True
VCBF-TBF,2024-04-10,2024-04-11,30426.89,30426.89,0.0,True
VCBF-TBF,2024-04-15,2024-04-16,29753.03,29753.03,0.0,True
VCBF-TBF,2024-04-24,2024-04-25,29884.4,29884.4,0.0,True
VCBF-TBF,2024-05-01,2024-05-02,30005.0,30005.0,0.0,True
VCBF-TBF,2024-05-08,2024-05-09,30868.7,30868.7,0.0,True
VCBF-TBF,2024-05-15,2024-05-16,30991.58,30991.58,0.0,True
VCBF-TBF,2024-05-22,2024-05-23,31286.25,31286.25,0.0,True
VCBF-TBF,2024-05-29,2024-05-30,31183.31,31183.31,0.0,True
VCBF-TBF,2024-06-05,2024-06-06,31552.9,31552.9,0.0,True
VCBF-TBF,2024-06-12,2024-06-13,32215.74,32215.74,0.0,True
VCBF-TBF,2024-06-19,2024-06-20,32041.68,32041.68,0.0,True
VCBF-TBF,2024-06-26,2024-06-27,31618.34,31618.34,0.0,True
VCBF-TBF,2024-07-03,2024-07-04,31781.66,31781.66,0.0,True
VCBF-TBF,2024-07-10,2024-07-11,31962.13,31962.13,0.0,True
VCBF-TBF,2024-07-17,2024-07-18,31766.29,31766.29,0.0,True
VCBF-TBF,2024-07-24,2024-07-25,31219.57,31219.57,0.0,True
VCBF-TBF,2024-07-31,2024-08-01,31426.6,31426.6,0.0,True
VCBF-TBF,2024-08-07,2024-08-08,30763.89,30763.89,0.0,True
VCBF-TBF,2024-08-14,2024-08-15,31176.51,31176.51,0.0,True
VCBF-TBF,2024-08-21,2024-08-22,32154.9,32154.9,0.0,True
VCBF-TBF,2024-08-28,2024-08-29,32121.17,32121.17,0.0,True
VCBF-TBF,2024-09-04,2024-09-05,32085.54,32085.54,0.0,True
VCBF-TBF,2024-09-11,2024-09-12,31740.56,31740.56,0.0,True
VCBF-TBF,2024-09-25,2024-09-26,32670.16,32670.16,0.0,True
VCBF-TBF,2024-10-02,2024-10-03,32568.02,32568.02,0.0,True
VCBF-TBF,2024-10-09,2024-10-10,32461.52,32461.52,0.0,True
VCBF-TBF,2024-10-16,2024-10-17,32532.32,32532.32,0.0,True
VCBF-TBF,2024-10-23,2024-10-24,32443.23,32443.23,0.0,True
VCBF-TBF,2024-10-30,2024-10-31,32366.14,32366.14,0.0,True
VCBF-TBF,2024-11-06,2024-11-07,32511.85,32511.85,0.0,True
VCBF-TBF,2024-11-13,2024-11-14,32405.74,32405.74,0.0,True
VCBF-TBF,2024-11-20,2024-11-21,31831.17,31831.17,0.0,True
VCBF-TBF,2024-11-27,2024-11-28,32345.79,32345.79,0.0,True
VCBF-TBF,2024-12-04,2024-12-05,32442.66,32442.66,0.0,True
VCBF-TBF,2024-12-11,2024-12-12,32926.67,32926.67,0.0,True
VCBF-TBF,2024-12-18,2024-12-19,32886.23,32886.23,0.0,True
VCBF-TBF,2024-12-25,2024-12-26,33200.38,33200.38,0.0,True
VCBF-TBF,2025-01-01,2025-01-02,33205.68,33205.68,0.0,True
VCBF-TBF,2025-01-08,2025-01-09,32841.66,32841.66,0.0,True
VCBF-TBF,2025-01-15,2025-01-16,32550.98,32550.98,0.0,True
VCBF-TBF,2025-01-22,2025-01-23,32842.34,32842.34,0.0,True
VCBF-TBF,2025-01-29,2025-01-30,33274.67,,,
VCBF-TBF,2025-02-05,2025-02-06,33244.84,33244.84,0.0,True
VCBF-TBF,2025-02-12,2025-02-13,33192.26,33192.26,0.0,True
VCBF-TBF,2025-02-19,2025-02-20,33297.11,33297.11,0.0,True
VCBF-TBF,2025-02-26,2025-02-27,33551.34,33551.34,0.0,True
VCBF-TBF,2025-03-05,2025-03-06,33558.2,33558.2,0.0,True
VCBF-TBF,2025-03-12,2025-03-13,33768.33,33768.33,0.0,True
VCBF-TBF,2025-03-19,2025-03-20,33179.89,33179.89,0.0,True
VCBF-TBF,2025-03-26,2025-03-27,33208.79,33208.79,0.0,True
VCBF-TBF,2025-04-02,2025-04-03,33042.72,33042.72,0.0,True
VCBF-TBF,2025-04-09,2025-04-10,29331.63,29331.63,0.0,True
VCBF-TBF,2025-04-16,2025-04-17,31247.92,31247.92,0.0,True
VCBF-TBF,2025-04-23,2025-04-24,31534.78,31534.78,0.0,True
VCBF-TBF,2025-04-30,2025-05-01,31807.36,,,
VCBF-TBF,2025-05-07,2025-05-08,32071.66,32071.66,0.0,True
VCBF-TBF,2025-05-14,2025-05-15,33284.82,33284.82,0.0,True
VCBF-TBF,2025-05-21,2025-05-22,33351.63,33351.63,0.0,True
VCBF-TBF,2025-05-28,2025-05-29,33592.36,33592.36,0.0,True
VCBF-TBF,2025-06-11,2025-06-12,33246.42,33246.42,0.0,True
VCBF-TBF,2025-06-18,2025-06-19,33858.91,33858.91,0.0,True
VCBF-TBF,2025-06-25,2025-06-26,34071.95,34071.95,0.0,True
VCBF-TBF,2025-07-02,2025-07-03,34523.88,34523.88,0.0,True
VCBF-TBF,2025-07-09,2025-07-10,35123.04,35123.04,0.0,True
VCBF-TBF,2025-07-16,2025-07-17,35603.88,35603.88,0.0,True
VCBF-TBF,2025-07-23,2025-07-24,35883.93,35883.93,0.0,True
VCBF-TBF,2025-07-30,2025-07-31,35564.53,35564.53,0.0,True
VCBF-TBF,2025-08-06,2025-08-07,36674.24,36674.24,0.0,True
VCBF-TBF,2025-08-13,2025-08-14,37398.74,37398.74,0.0,True
VCBF-TBF,2025-08-20,2025-08-21,37669.88,37669.88,0.0,True
VCBF-TBF,2025-08-27,2025-08-28,37934.55,37934.55,0.0,True
VCBF-TBF,2025-09-03,2025-09-04,38224.09,38224.09,0.0,True
VCBF-TBF,2025-09-10,2025-09-11,37694.47,37694.47,0.0,True
VCBF-TBF,2025-09-17,2025-09-18,38198.65,38198.65,0.0,True
VCBF-TBF,2025-09-24,2025-09-25,37953.0,37953.0,0.0,True
VCBF-TBF,2025-10-01,2025-10-02,37840.51,37840.51,0.0,True
VCBF-TBF,2025-10-08,2025-10-09,38285.16,38285.16,0.0,True
VCBF-TBF,2025-10-15,2025-10-16,38614.62,38614.62,0.0,True
VCBF-TBF,2025-10-22,2025-10-23,37863.19,37863.19,0.0,True
VCBF-TBF,2025-10-29,2025-10-30,38260.92,38260.92,0.0,True
VCBF-TBF,2025-11-05,2025-11-06,37901.99,37901.99,0.0,True
VCBF-TBF,2025-11-12,2025-11-13,37650.88,37650.88,0.0,True
VCBF-TBF,2025-11-19,2025-11-20,37774.79,37774.79,0.0,True
VCBF-TBF,2025-11-26,2025-11-27,37659.53,37659.53,0.0,True
VCBF-TBF,2025-12-03,2025-12-04,38230.7,38230.7,0.0,True
VCBF-TBF,2025-12-10,2025-12-11,37899.17,37899.17,0.0,True
VCBF-TBF,2025-12-17,2025-12-18,37578.93,37578.93,0.0,True
VCBF-TBF,2025-12-24,2025-12-25,38462.38,38462.38,0.0,True
VCBF-TBF,2025-12-31,2026-01-01,38456.95,,,
VCBF-TBF,2026-01-07,2026-01-08,39291.46,39291.46,0.0,True
VCBF-TBF,2026-01-14,2026-01-15,39913.64,39913.64,0.0,True
VCBF-TBF,2026-01-21,2026-01-22,40096.73,40096.73,0.0,True
VCBF-TBF,2026-01-28,2026-01-29,39701.81,39701.81,0.0,True
VCBF-TBF,2026-02-04,2026-02-05,40534.58,40534.58,0.0,True
VCBF-TBF,2026-02-11,2026-02-12,40039.33,40039.33,0.0,True
VCBF-TBF,2026-02-18,2026-02-19,40150.52,,,
VCBF-TBF,2026-02-25,2026-02-26,40658.64,40658.64,0.0,True
VCBF-TBF,2026-03-04,2026-03-05,39727.59,39727.59,0.0,True
VCBF-TBF,2026-03-11,2026-03-12,39067.87,39067.87,0.0,True
VCBF-TBF,2026-03-18,2026-03-19,38855.33,38855.33,0.0,True
VCBF-TBF,2026-03-25,2026-03-26,38775.32,38775.32,0.0,True
VCBF-TBF,2026-04-01,2026-04-02,39147.84,39147.84,0.0,True
VCBF-TBF,2026-04-08,2026-04-09,39444.08,39444.08,0.0,True
VCBF-TBF,2026-04-15,2026-04-16,39373.59,39373.59,0.0,True
VCBF-TBF,2026-04-22,2026-04-23,39474.56,39474.56,0.0,True
VCBF-TBF,2026-04-29,2026-04-30,39178.2,,,
VCBF-TBF,2026-05-06,2026-05-07,39446.51,39446.51,0.0,True
VCBF-TBF,2026-05-13,2026-05-14,39337.59,39337.59,0.0,True
VCBF-TBF,2026-05-20,2026-05-21,39123.63,39123.63,0.0,True
VCBF-TBF,2026-05-27,2026-05-28,39145.65,39145.65,0.0,True
VCBF-TBF,2026-06-03,2026-06-04,38940.03,38940.03,0.0,True
VCBF-TBF,2026-06-10,2026-06-11,38753.09,38753.09,0.0,True
VCBF-TBF,2026-06-17,2026-06-18,38980.04,38980.04,0.0,True
VCBF-TBF,2026-06-24,2026-06-25,38691.43,38691.43,0.0,True
VCBF-TBF,2026-07-01,2026-07-02,39156.15,39156.15,0.0,True
VCBF-TBF,2026-07-08,2026-07-09,38698.23,38698.23,0.0,True
VCBF-TBF,2026-07-15,2026-07-16,37711.65,37711.65,0.0,True
VCBF-TBF,2026-07-22,2026-07-23,36382.89,36382.89,0.0,True
VCBF-TBF,2026-07-29,2026-07-30,36457.05,36457.05,0.0,True
VCBF-TBF,2026-08-05,2026-08-06,37695.4,37695.4,0.0,True
VCBF-TBF,2026-08-12,2026-08-13,38135.32,38135.32,0.0,True
