bin,ret_lag1_6 %,net_flow_rate,gross_subscription_rate,gross_redemption_rate,n,group
1,-11.7985,-0.3277,2.2601,2.5878,93,equity_balanced
2,1.2957,0.6818,4.461,3.7792,93,equity_balanced
3,6.4173,1.3259,5.1713,3.8454,93,equity_balanced
4,12.3645,2.6456,5.8284,3.1828,93,equity_balanced
5,21.5098,4.0568,7.7433,3.6865,93,equity_balanced
top-bottom,33.3083,4.3845,5.4832,1.0987,465,equity_balanced
1,1.8555,0.4165,5.2317,4.8152,32,bond
2,3.2653,-0.4968,7.1883,7.6851,31,bond
3,3.5183,-1.7803,6.7025,8.4828,31,bond
4,3.7918,0.8677,6.8298,5.9621,31,bond
5,5.8146,6.9697,10.7075,3.7378,31,bond
top-bottom,3.9591,6.5532,5.4758,-1.0774,156,bond
