fund_code,asset_class,manager_id,fund_name,n_months,subscriptions,redemptions,cumulative_net_flow,nav_end,cumulative_net_flow_pct_nav,months_negative,window_from
DCIP,bond,dcvfm,DC Income Plus Bond Fund,10,3735376676110.0,-5127045879366.0,-1391669203256.0,580961876610.0,-239.5457,9,2025-11
DCBF,bond,dcvfm,DC Bond Fund,10,691021700996.0,-1748139293138.0,-1057117592142.0,973342951209.0,-108.6069,9,2025-11
VINACAPITAL-VFF,bond,vinacapital,VinaCapital Enhanced Fixed Income Fund,10,376904794800.0,-723895455292.0,-392841322966.0,1202089412232.0,-32.6799,10,2025-11
VCBF-FIF,bond,vcbf,VCBF Fixed Income Fund,10,250673037393.0,-338407788456.0,-87734751063.0,555342847690.0,-15.7983,7,2025-11
SSIBF,bond,ssiam,SSI Bond Fund,10,,,-34501199616.0,70889397746.0,-48.6691,9,2025-11
VINACAPITAL-VLBF,bond,vinacapital,VinaCapital Liquidity Bond Fund,10,,,-1523004315.0,45152334674.0,-3.373,4,2025-11
SSI-EF,equity,ssiam,SSI Enhanced Fund,10,,,16766758414.0,89039266837.0,18.8307,3,2025-11
VINACAPITAL-VESAF,equity,vinacapital,VinaCapital Strategic Growth Equity Fund,10,804770858201.0,-760960364510.0,43810493691.0,2351160017717.0,1.8634,5,2025-11
VINACAPITAL-VIBF,balanced,vinacapital,VinaCapital Integrated Balanced Fund,10,448178668915.0,-389088334639.0,59090334276.0,1351615935542.0,4.3718,5,2025-11
VCBF-MGF,equity,vcbf,VCBF Midcap Growth Fund,10,297869524661.0,-223668957071.0,74200567590.0,903375500410.0,8.2137,4,2025-11
VCBF-AIF,bond,vcbf,VCBF Active Income Fund,10,254232954255.0,-94929836179.0,159303118076.0,492629047039.0,32.3373,1,2025-11
VINACAPITAL-VEOF,equity,vinacapital,VinaCapital Leading Enterprise Equity Fund,10,648518100984.0,-484993064782.0,163525036202.0,1609526787416.0,10.1598,2,2025-11
VCBF-TBF,balanced,vcbf,VCBF Tactical Balanced Fund,10,343718273429.0,-116833423743.0,226884849686.0,805679125378.0,28.1607,0,2025-11
DCDE,equity,dcvfm,DC Dividend Focus Equity Fund,10,462824706754.0,-200139711498.0,262684995256.0,870636514330.0,30.1716,0,2025-11
VCBF-BCF,equity,vcbf,VCBF Blue Chip Fund,10,784716382436.0,-262272134990.0,522444247446.0,1634736656714.0,31.9589,0,2025-11
DCDS,equity,dcvfm,DC Dynamic Securities Fund,10,3600996979975.0,-2163529670564.0,1437467309411.0,5818659772312.0,24.7044,1,2025-11
