month,net_flow_rate,gross_subscription_rate,gross_redemption_rate,churn_rate,net_flow_rate_se,gross_subscription_rate_se,gross_redemption_rate_se,churn_rate_se,net_flow_rate_loo_range,gross_subscription_rate_loo_range,gross_redemption_rate_loo_range,churn_rate_loo_range,n,group
Jan,-0.1018,-0.4841,-0.3823,-0.8639,0.7435,0.7075,0.3452,0.8285,1.2231,1.8914,0.9447,2.5618,44,equity_balanced
Feb,-0.6857,-1.2693,-0.5835,-1.8561,0.6002,0.5027,0.3017,0.5713,1.3575,0.9924,0.4391,0.7017,42,equity_balanced
Mar,1.2588,1.3211,0.0623,1.3797,0.6703,0.7161,0.2287,0.8254,1.6777,2.3236,0.6919,2.9696,44,equity_balanced
Apr,0.7097,0.2835,-0.4262,-0.1325,0.5881,0.7342,0.3167,0.9651,1.6248,2.2222,0.8549,3.0615,43,equity_balanced
May,-0.3494,-0.2387,0.1107,-0.1322,0.8846,1.0959,0.4404,1.4169,1.2123,1.9667,0.7544,2.7217,47,equity_balanced
Jun,-0.6016,-0.3205,0.2811,-0.0432,0.7594,1.0445,0.5023,1.4525,1.3461,2.042,1.0942,3.0042,47,equity_balanced
Jul,-0.3961,-0.2811,0.115,-0.162,0.5226,0.593,0.4151,0.8798,1.5266,1.4631,1.4746,2.4717,47,equity_balanced
Aug,-1.3368,-0.4593,0.8775,0.4117,0.5319,0.6952,0.6095,1.1943,1.0048,2.0721,2.199,4.2711,46,equity_balanced
Sep,0.4606,0.4124,-0.0482,0.3643,0.7542,0.8626,0.3477,1.0771,2.2034,2.6991,0.6031,3.2653,38,equity_balanced
Oct,0.7145,1.2284,0.5138,1.7381,0.7117,0.9527,0.47,1.323,2.19,2.7504,1.2131,3.3572,40,equity_balanced
Nov,2.0319,1.0283,-1.0036,0.0202,1.074,1.1418,0.3084,1.2821,3.1967,3.3194,0.5313,3.8526,43,equity_balanced
Dec,-1.3927,-1.0026,0.3901,-0.5991,0.8979,0.6525,0.687,0.9934,2.1015,1.6991,1.1712,2.4631,44,equity_balanced
Jan,5.5884,4.9722,-0.6162,4.356,3.7891,3.4442,1.4218,3.662,10.0359,7.993,2.0429,6.8788,13,bond
Feb,0.046,-1.5684,-1.6144,-3.1828,1.6666,1.3327,0.7609,1.3901,2.6261,2.5425,0.6238,2.459,13,bond
Mar,1.9455,3.3398,1.3943,4.7342,3.8029,3.1918,1.1791,2.9485,8.9583,7.4141,2.697,7.4456,15,bond
Apr,-2.4169,-0.3761,2.0408,1.6646,1.3559,1.3375,1.3126,2.2771,1.9133,2.7168,2.0941,4.8109,15,bond
May,-0.0228,-0.6599,-0.6371,-1.297,1.7573,1.5218,1.1719,2.0714,4.6529,3.3983,1.5545,3.6453,16,bond
Jun,0.2887,-1.3654,-1.654,-3.0194,1.5416,1.3107,0.6444,1.3747,2.4269,1.7926,0.6802,1.6576,17,bond
Jul,0.0862,-0.4439,-0.5301,-0.974,1.3072,1.3562,1.091,2.0857,2.0964,2.4866,1.9342,3.3526,17,bond
Aug,1.6311,-0.3768,-2.0078,-2.3846,1.4879,1.4464,0.7363,1.7477,2.3033,2.2568,1.0249,3.0709,17,bond
Sep,-0.328,0.0302,0.3582,0.3884,1.3079,1.1655,0.9896,1.7219,1.7465,1.8245,1.8595,3.1919,12,bond
Oct,-1.4667,-0.2345,1.2321,0.9976,1.9155,1.3566,1.4012,1.9845,3.0015,1.1182,2.0313,2.0512,14,bond
Nov,-3.2057,-2.4751,0.7305,-1.7446,1.6506,0.8144,1.3709,1.5364,3.5345,1.2973,2.3865,2.1227,15,bond
Dec,-1.8238,-0.0623,1.7615,1.6992,2.5064,1.3624,1.6541,1.7037,5.5794,2.1448,3.4346,2.2203,15,bond
