fund_code,period_start,period_end,report_date,period_days,source,source_fund_key,date_conflict,template_variant,nav_begin,nav_per_unit_begin,nav_end,nav_per_unit_end,chg_investment,chg_flows_net,subscriptions,redemptions,chg_distribution,chg_nav_per_unit,nav_52w_high,nav_52w_low,foreign_units,foreign_value,foreign_ownership_pct,prior_nav_begin,prior_nav_per_unit_begin,prior_nav_end,prior_nav_per_unit_end,prior_chg_investment,prior_chg_flows_net,prior_subscriptions,prior_redemptions,prior_chg_distribution,prior_chg_nav_per_unit,prior_nav_52w_high,prior_nav_52w_low,prior_foreign_units,prior_foreign_value,prior_foreign_ownership_pct,net_flow,units_begin,units_end,gross_return,price_return,distribution_yield,total_return,foreign_share_of_nav,foreign_ownership_anomaly,reconcile_residual_vnd,net_flow_residual_vnd,prior_column_warnings,filename_date_conflict,quarantine_reason,overlaps_with
DCDS,2021-10-18,2021-06-24,2021-06-25,-116.0,https://vfmcomvnaz.azureedge.net/dcvfmcomvn/uploads/vfm_files/report/2021/06/DCDS_BC_TUAN_20210624.xlsx,dcds,period_start VN 2021-10-18 vs EN 2021-06-18,standard,851876301188.0,66705.5,873558956629.0,67410.66,8997573683.0,12685081758.0,15078557862.0,-2393476104.0,0.0,,68031.12,35084.76,3997392.07,269466837717.0,30.85,808566245657.0,65453.08,851876301188.0,66705.5,15449165811.0,27860889720.0,30888550064.0,-3027660344.0,0.0,,68031.12,35084.76,3997392.07,266648036725.0,31.3,12685081758.0,12770705.58181859,12958765.818774063,0.010571242251388613,0.010571242251388613,-0.0,0.010571242251388613,30.847012176127503,,0.0,0.0,,False,"period_days -116 outside plausible range [0, 35]; header dates suspect",
SSIBF,,,,,https://ssiam.com.vn/upload/files/QuanLyQuy/SSIBF_Bao-cao-tuan-ve-thay-doi-GTTSR-quy-mo-PLXXIV-TT98-20250728.pdf,ssibf,,standard,113438526477.0,16133.78,118911565525.0,,51818490.0,5421220558.0,,,,7.13,384984169755.0,112581719904.0,111797.02,1804505638.0,1.52,125270468531.0,16122.35,113438526477.0,,85769563.0,-11917711617.0,,,,11.43,384984169755.0,113438526477.0,111797.02,1803708525.0,1.59,5421220558.0,7031118.961396523,,,,,,1.5175190319234508,,0.0,0.0,,False,period_end missing; cannot place row in time,
SSIBF,2022-07-19,2022-07-25,,6.0,https://ssiam.com.vn/upload/files/QuanLyQuy/Quy-ETF-Giao-Dich/SSIBF_Bao-cao-ve-thay-doi-GTTSR-quy-mo-PLXXIV-TT98-25_07_2022.pdf,ssibf,,standard,1551964007237.0,13408.16,1600692248758.0,13420.62,1466603179.0,7261638342.0,,,,12.46,2014496100237.0,1135452956766.0,356308.54,4781881518.0,0.3,1534429759131.0,13391.35,1551964007237.0,13408.16,1944007864.0,15590240242.0,,,,16.81,2014496100237.0,1135452956766.0,356308.54,4777441914.0,0.3,7261638342.0,115747724.31392525,119271110.33305465,0.0009292848534028231,0.0009292848534028231,,0.0009292848534028231,0.29873834409520816,,40000000000.0,0.0,,False,"identity: nav_end 1,600,692,248,758 vs identity 1,560,692,248,758, residual 40,000,000,000.00 VND (absent, treated as 0: chg_distribution) [flow from net line 3.2]",
VINACAPITAL-VLBF,2021-09-02,2021-09-08,2021-09-09,6.0,https://vinacapital.com/wp-content/uploads/2022/07/20210901-08-vlbf-changes-of-nav-weekly-report.xlsx,vlbf,,alt,0.0,0.0,50307269329.0,9999.95,-230671.0,50307500000.0,,,0.0,9999.95,,,5005000.0,50049749750.0,99.48814789047358,0.0,0.0,0.0,0.0,0.0,0.0,,,0.0,0.0,,,0.0,0.0,0.0,50307500000.0,,5030752.086660433,,,,,99.48810662467909,,0.0,0.0,,True,nav_begin missing or zero; flow rates undefined,
DCBF,2021-06-02,2021-07-08,2021-07-09,36.0,https://vfmcomvnaz.azureedge.net/dcvfmcomvn/uploads/vfm_files/report/2021/07/DCBF_BC_TUAN_20210708.xlsx,dcbf,,standard,815456614807.0,21484.7,830746172955.0,21523.3,1489605815.0,13799952333.0,22074221637.0,-8274269304.0,0.0,,21523.3,20109.76,3333372.63,71745179127.0,8.63,816952718106.0,21466.89,815456614807.0,21484.7,676139736.0,-2172243035.0,5134307933.0,-7306550968.0,0.0,,21489.65,20086.21,3333372.63,71616510944.0,8.780000000000001,13799952333.0,37955224.63925491,38597527.932751946,0.0017966273673823974,0.0017966273673823974,-0.0,0.0017966273673823974,8.63623348053465,,,,,,period overlap: 2021-06-02 to 2021-07-08 overlaps with 2021-06-11 to 2021-06-17,https://vfmcomvnaz.azureedge.net/dcvfmcomvn/uploads/vfm_files/report/2021/06/DCBF_BC_TUAN_20210617.xlsx
DCBF,2022-01-06,2023-01-12,2023-01-13,371.0,https://vfmcomvnaz.azureedge.net/dcvfmcomvn/uploads/vfm_files/report/2023/01/DCBF_BC_TUAN_20230112.xlsx,dcbf,,standard,434969225166.0,23277.66,433163118984.0,23313.96,674414024.0,-2480520206.0,326441578.0,-2806961784.0,,,23780.78,22333.98,2273015.83,52993000140.0,12.23,437788990122.0,23256.88,434969225166.0,23277.66,388229557.0,-3207994513.0,1940438920.0,-5148433433.0,,,23780.78,22306.59,2300559.61,53551644411.0,12.31,-2480520206.0,18686123.311621528,18579560.014000196,0.0015594350978578309,0.0015594350978578309,,0.0015594350978578309,12.233959406400302,,,,,,period overlap: 2022-01-06 to 2023-01-12 overlaps with 2022-01-07 to 2022-01-13,https://vfmcomvnaz.azureedge.net/dcvfmcomvn/uploads/vfm_files/report/2022/01/DCBF_BC_TUAN_20220113.xlsx
DCDS,2021-10-15,2021-10-21,2021-10-22,6.0,https://vfmcomvnaz.azureedge.net/dcvfmcomvn/uploads/vfm_files/report/2021/10/DCDS_BC_TUAN_20211021.xlsx,dcds,,standard,1194335794647.0,76190.3,1228160963036.0,77202.54,15909134160.0,17916034229.0,32839985747.0,-14923951518.0,0.0,,77202.54,41509.84,2944262.37,227304533390.0,18.509999999999998,1161688652106.0,74618.45,1194335794647.0,76190.3,24410196767.0,8236945774.0,30002738367.0,-21765792593.0,0.0,,76190.3,41509.84,2984867.37,227417940381.0,19.040000000000003,17916034229.0,15675693.55478322,15908297.357004058,0.013285680723136517,0.013285680723136517,-0.0,0.013285680723136517,18.507715212516263,,,,,,period overlap: 2021-10-15 to 2021-10-21 overlaps with 2021-10-18 to 2021-06-24,https://vfmcomvnaz.azureedge.net/dcvfmcomvn/uploads/vfm_files/report/2021/06/DCDS_BC_TUAN_20210624.xlsx
SSI-EF,2026-04-23,2026-05-03,,10.0,https://ssiam.com.vn/upload/files/QuanLyQuy/BCThayDoiGTTSR_TT98%20tuan_SSIEF%2020260503.pdf,ssi-ef,period_end VN 2026-05-03 vs EN 2026-05-05,standard,90156366552.0,9965.54,89167729497.0,9904.62,-549376736.0,-439260319.0,,,,-60.92,91691797067.0,70747438120.0,0.0,0.0,0.0,86637627768.0,9912.7,90156366552.0,9965.54,451334275.0,3067404509.0,,,,52.84,91691797067.0,70747438120.0,0.0,0.0,0.0,-439260319.0,9046811.96924602,9002640.131272072,-0.006113065624140823,-0.006113065624140823,,-0.006113065624140823,0.0,,,,,,period overlap: 2026-04-23 to 2026-05-03 overlaps with 2026-05-01 to 2026-05-06,https://ssiam.com.vn/upload/files/QuanLyQuy/BCThayDoiGTTSR_TT98%20tuan_SSIEF%2020260506.pdf
VINACAPITAL-VESAF,2022-11-01,2022-11-07,2022-11-08,6.0,https://vinacapital.com/wp-content/uploads/2022/11/20221108_VESAF_BC_Weekly_20221107-1.xlsx,vesaf,,standard,1004250144649.0,20141.62,960038288246.0,19269.47,-43457056883.0,-754799520.0,3638044027.0,-4392843547.0,0.0,,28872.36,19269.47,13383752.09,257897809386.0,26.86,989611704071.0,19636.08,1004250144649.0,20141.62,25297257631.0,-10658817053.0,5370798470.0,-16029615523.0,0.0,,28872.36,19636.08,13383325.91,269561864815.0,26.839999999999996,-754799520.0,49859452.449654005,49821727.75099678,-0.04330088642323693,-0.04330088642323693,-0.0,-0.04330088642323693,26.863283740191445,,,,,,period overlap: 2022-11-01 to 2022-11-07 overlaps with 2022-11-06 to 2022-12-12,https://vinacapital.com/wp-content/uploads/2022/12/20221213_VESAF_BC_Weekly_20221212.xlsx
VINACAPITAL-VESAF,2022-11-06,2022-12-12,2022-12-13,36.0,https://vinacapital.com/wp-content/uploads/2022/12/20221213_VESAF_BC_Weekly_20221212.xlsx,vesaf,,standard,1034623121491.0,20527.37,1010310900480.0,20048.28,-24147625387.0,-164595624.0,3878571115.0,-4043166739.0,,,28872.36,17459.5,13394389.62,268534473531.0,26.580000000000005,966992860415.0,19245.0,1034623121491.0,20527.37,64587257405.0,3043003671.0,5910267100.0,-2867263429.0,0.0,,28872.36,17459.5,13394290.68,274949560676.0,26.580000000000005,-164595624.0,50402127.57362487,50393894.16348934,-0.023339083379897207,-0.023339083379897207,,-0.023339083379897207,26.579389908929908,,,,,,period overlap: 2022-11-06 to 2022-12-12 overlaps with 2022-11-08 to 2022-11-14,https://vinacapital.com/wp-content/uploads/2022/11/20221115_VESAF_BC_Weekly_20221114-1.xlsx
VINACAPITAL-VESAF,2022-11-08,2022-11-14,2022-11-15,6.0,https://vinacapital.com/wp-content/uploads/2022/11/20221115_VESAF_BC_Weekly_20221114-1.xlsx,vesaf,,standard,960038288246.0,19269.47,902826498051.0,18279.1,-49007955808.0,-8203834387.0,3282076071.0,-11485910458.0,0.0,,28872.36,18279.1,13384818.379999999,244662433650.0,27.1,1004250144649.0,20141.62,960038288246.0,19269.47,-43457056883.0,-754799520.0,3638044027.0,-4392843547.0,0.0,,28872.36,19269.47,13383752.09,257897809386.0,26.86,-8203834387.0,49821727.75099678,49391189.83161097,-0.0513958090180997,-0.0513958090180997,-0.0,-0.0513958090180997,27.099607087094956,,,,,,period overlap: 2022-11-08 to 2022-11-14 overlaps with 2022-11-13 to 2022-12-19,https://vinacapital.com/wp-content/uploads/2022/12/20221220-VESAF_BC_Weekly_20221219-1.xlsx
VINACAPITAL-VESAF,2022-11-13,2022-12-19,2022-12-20,36.0,https://vinacapital.com/wp-content/uploads/2022/12/20221220-VESAF_BC_Weekly_20221219-1.xlsx,vesaf,,standard,1010310900480.0,20048.28,1018957196196.0,20227.98,9054867718.0,-408572002.0,2853423747.0,-3261995749.0,,,28872.36,17459.5,13394389.62,270941445346.0,26.590000000000003,1034623121491.0,20527.37,1010310900480.0,20048.28,-24147625387.0,-164595624.0,3878571115.0,-4043166739.0,,,28872.36,17459.5,13394389.62,268534473531.0,26.580000000000005,-408572002.0,50393894.16348934,50373650.56698692,0.008963362443062506,0.008963362443062506,,0.008963362443062506,26.590071335428643,,,,,,period overlap: 2022-11-13 to 2022-12-19 overlaps with 2022-11-15 to 2022-11-21,https://vinacapital.com/wp-content/uploads/2022/11/20221122_VESAF_BC_Weekly_20221121-1.xlsx
VINACAPITAL-VESAF,2022-11-15,2022-11-21,2022-11-22,6.0,https://vinacapital.com/wp-content/uploads/2022/11/20221122_VESAF_BC_Weekly_20221121-1.xlsx,vesaf,,standard,902826498051.0,18279.1,921068793933.0,18377.97,4858165858.0,13384130024.0,21910294072.0,-8526164048.0,0.0,,28872.36,17459.5,13388745.739999998,246057967547.0,26.72,960038288246.0,19269.47,902826498051.0,18279.1,-49007955808.0,-8203834387.0,3282076071.0,-11485910458.0,0.0,,28872.36,18279.1,13384818.379999999,244662433650.0,27.1,13384130024.0,49391189.83161097,50118092.146901965,0.0054089096290299565,0.0054089096290299565,-0.0,0.0054089096290299565,26.714396271783652,,,,,,period overlap: 2022-11-15 to 2022-11-21 overlaps with 2022-11-20 to 2022-12-26,https://vinacapital.com/wp-content/uploads/2022/12/20221227-VESAF_BC_Weekly_20221226.xlsx
VINACAPITAL-VESAF,2022-11-20,2022-12-26,2022-12-27,36.0,https://vinacapital.com/wp-content/uploads/2022/12/20221227-VESAF_BC_Weekly_20221226.xlsx,vesaf,,standard,1018957196196.0,20227.98,973063550128.0,19324.51,-45498685545.0,-394960523.0,2188230307.0,-2583190830.0,,,28872.36,17459.5,13394826.12,258848451304.0,26.6,1010310900480.0,20048.28,1018957196196.0,20227.98,9054867718.0,-408572002.0,2853423747.0,-3261995749.0,,,28872.36,17459.5,13394389.62,270941445346.0,26.590000000000003,-394960523.0,50373650.56698692,50353853.73952561,-0.04466437083683106,-0.04466437083683106,,-0.04466437083683106,26.601392197863156,,,,,,period overlap: 2022-11-20 to 2022-12-26 overlaps with 2022-11-22 to 2022-11-28,https://vinacapital.com/wp-content/uploads/2022/11/20221129_VESAF_BC_Weekly_20221128.xlsx
VINACAPITAL-VESAF,2022-11-22,2022-11-28,2022-11-29,6.0,https://vinacapital.com/wp-content/uploads/2022/11/20221129_VESAF_BC_Weekly_20221128.xlsx,vesaf,,standard,921068793933.0,18377.97,966992860415.0,19245.0,43620592616.0,2303473866.0,7376190143.0,-5072716277.0,0.0,,28872.36,17459.5,13391963.959999999,257728346410.0,26.650000000000002,902826498051.0,18279.1,921068793933.0,18377.97,4858165858.0,13384130024.0,21910294072.0,-8526164048.0,0.0,,28872.36,17459.5,13388745.739999998,246057967547.0,26.72,2303473866.0,50118092.146901965,50246446.37126526,0.04717768066875716,0.04717768066875716,-0.0,0.04717768066875716,26.652559389051937,,,,,,period overlap: 2022-11-22 to 2022-11-28 overlaps with 2022-11-27 to 2023-01-02,https://vinacapital.com/wp-content/uploads/2023/01/20230103-VESAF_BC_Weekly_20230102.xlsx
VINACAPITAL-VESAF,2022-11-27,2023-01-02,2023-01-03,36.0,https://vinacapital.com/wp-content/uploads/2023/01/20230103-VESAF_BC_Weekly_20230102.xlsx,vesaf,,standard,973063550128.0,19324.51,993826967854.0,19741.73,21005999877.0,-242582151.0,2556003801.0,-2798585952.0,,,28872.36,17459.5,13399895.43,264537117607.0,26.619999999999997,1018957196196.0,20227.98,973063550128.0,19324.51,-45498685545.0,-394960523.0,2188230307.0,-2583190830.0,,,28872.36,17459.5,13394826.12,258848451304.0,26.6,-242582151.0,50353853.73952561,50341432.481043965,0.02159019814732699,0.02159019814732699,,0.02159019814732699,26.61802568894089,,,,,,period overlap: 2022-11-27 to 2023-01-02 overlaps with 2022-11-29 to 2022-12-05,https://vinacapital.com/wp-content/uploads/2022/12/20221206_VESAF_BC_Tuan_Ky-so_20221205.xlsx
VINACAPITAL-VFF,2024-01-02,2024-01-08,2024-01-09,6.0,https://vinacapital.com/wp-content/uploads/2024/01/20240109_VFF_BC_Weekly_20240108.xlsx,vff,,standard,744029798968.0,22306.26,767148631645.0,22335.89,1012686465.0,22106146212.0,24568042937.0,-2461896725.0,,,22335.89,20685.17,5502479.49,122902776616.0,16.02,694818366064.0,22275.29,744029798968.0,22306.26,1020331853.0,48191101051.0,49894151255.0,-1703050204.0,,,22306.26,20651.83,5459639.03,121784127709.0,16.37,22106146212.0,33355201.587715738,34346006.88152565,0.0013283266670431892,0.0013283266670431892,,0.0013283266670431892,16.02072552126686,,,,,,period overlap: 2024-01-02 to 2024-01-08 overlaps with 2024-01-07 to 2025-01-13,https://vinacapital.com/wp-content/uploads/2025/01/20250114_VFF_BC_Weekly_20250113-1.xlsx
VINACAPITAL-VFF,2024-01-07,2025-01-13,2025-01-14,372.0,https://vinacapital.com/wp-content/uploads/2025/01/20250114_VFF_BC_Weekly_20250113-1.xlsx,vff,,standard,1624554876508.0,23835.19,1631687443686.0,23890.24,13677512849.0,-6544945671.0,6993546408.0,-13538492079.0,,,23890.24,22399.95,9986506.97,238580048275.0,14.62,1628686507492.0,23785.33,1624554876508.0,23835.19,3398677380.0,-7530308364.0,10011155629.0,-17541463993.0,,,23835.19,22306.26,9751545.85,232429948128.0,14.309999999999997,-6544945671.0,68157832.03356047,68299332.43391444,0.0023096102863036094,0.0023096102863036094,,0.0023096102863036094,14.621675811639822,,,,,,period overlap: 2024-01-07 to 2025-01-13 overlaps with 2024-01-09 to 2024-01-15,https://vinacapital.com/wp-content/uploads/2024/01/20240116_VFF_BC_Weekly_20240115-1.xlsx
VINACAPITAL-VFF,2024-01-09,2024-01-15,2024-01-16,6.0,https://vinacapital.com/wp-content/uploads/2024/01/20240116_VFF_BC_Weekly_20240115-1.xlsx,vff,,standard,767148631645.0,22335.89,781820718500.0,22399.95,2229277397.0,12442809458.0,46237657282.0,-33794847824.0,,,22399.95,20720.15,5514518.98,123524949426.0,15.8,744029798968.0,22306.26,767148631645.0,22335.89,1012686465.0,22106146212.0,24568042937.0,-2461896725.0,,,22335.89,20685.17,5502479.49,122902776616.0,16.02,12442809458.0,34346006.88152565,34902788.555331595,0.0028680298837431284,0.0028680298837431284,,0.0028680298837431284,15.799651570118886,,,,,,period overlap: 2024-01-09 to 2024-01-15 overlaps with 2024-01-14 to 2025-01-20,https://vinacapital.com/wp-content/uploads/2025/01/20250121_VFF_BC_Weekly_20250120.xlsx
VINACAPITAL-VFF,2024-01-14,2025-01-20,2025-01-21,372.0,https://vinacapital.com/wp-content/uploads/2025/01/20250121_VFF_BC_Weekly_20250120.xlsx,vff,,standard,1631687443686.0,23890.24,1630073224974.0,23920.72,2077048236.0,-3691266948.0,8829327325.0,-12520594273.0,,,23920.72,22428.88,10050284.65,240410045033.0,14.75,1624554876508.0,23835.19,1631687443686.0,23890.24,13677512849.0,-6544945671.0,6993546408.0,-13538492079.0,,,23890.24,22399.95,9986506.97,238580048275.0,14.62,-3691266948.0,68299332.43391444,68144822.7718062,0.0012758348179005008,0.0012758348179005008,,0.0012758348179005008,14.748419969712378,,,,,,period overlap: 2024-01-14 to 2025-01-20 overlaps with 2024-01-16 to 2024-01-22,https://vinacapital.com/wp-content/uploads/2024/01/20240123_VFF_BC_Weekly_20240122.xlsx
