fund_code,period_start,period_end,report_date,period_days,source,date_conflict,template_variant,nav_begin,nav_per_unit_begin,nav_end,nav_per_unit_end,chg_investment,chg_flows_net,subscriptions,redemptions,chg_distribution,chg_nav_per_unit,nav_52w_high,nav_52w_low,foreign_units,foreign_value,foreign_ownership_pct,prior_nav_begin,prior_nav_per_unit_begin,prior_nav_end,prior_nav_per_unit_end,prior_chg_investment,prior_chg_flows_net,prior_subscriptions,prior_redemptions,prior_chg_distribution,prior_chg_nav_per_unit,prior_nav_52w_high,prior_nav_52w_low,prior_foreign_units,prior_foreign_value,prior_foreign_ownership_pct,net_flow,units_begin,units_end,gross_return,foreign_share_of_nav,superseded_by,reason
SSI-SCA,2021-09-09,2021-09-15,2021-09-16,6.0,https://ssiam.com.vn/upload/files/QuanLyQuy/Bao-cao-ve-thay-doi-gia-tri-tai-san-rong-quy-mo-PLXXIV-TT98-2020-TT-BTC_SSISCA_TUAN_210915(1).pdf,,standard,634841262611.0,29780.72,647513824342.0,30203.74,9042548471.0,3630013260.0,4704012712.0,-1073999452.0,,423.02,30222.82,17481.39,11358414.01,343066583570.0,52.98,632215848383.0,29637.05,634841262611.0,29780.72,3040025231.0,-414611003.0,2668243859.0,-3082854862.0,,143.67,30222.82,17277.87,11335040.36,337565663150.0,53.17,3630013260.0,21317189.866833307,21438200.18123583,0.014204492033772276,52.98212496368281,https://ssiam.com.vn/upload/files/QuanLyQuy/Bao-cao-ve-thay-doi-gia-tri-tai-san-rong-quy-mo-PLXXIV-TT98-2020-TT-BTC_SSISCA_TUAN_210915.pdf,"duplicate republication, identical figures"
SSI-SCA,2022-09-08,2022-09-14,2022-09-15,6.0,https://ssiam.com.vn/upload/files/QuanLyQuy/Bao-cao-ve-thay-doi-gia-tri-tai-san-rong-quy-mo-PLXXIV-TT98-2020-TT-BTC_SSISCA_TUAN_220914(1).pdf,,standard,558731566221.0,29347.08,563515858561.0,29569.47,4225940803.0,558351537.0,2248719592.0,-1690368055.0,,222.39,34573.0,26796.11,9003074.87,266216152276.0,47.24,574598777337.0,30157.56,558731566221.0,29347.08,-15431567379.0,-435643737.0,555578166.0,-991221903.0,,-810.48,34573.0,26796.11,9000165.67,264128581931.0,47.27,558351537.0,19038744.78213846,19057354.039859354,0.007577925981051559,47.24199829190475,https://ssiam.com.vn/upload/files/QuanLyQuy/Bao-cao-ve-thay-doi-gia-tri-tai-san-rong-quy-mo-PLXXIV-TT98-2020-TT-BTC_SSISCA_TUAN_220914(2).pdf,"duplicate republication, identical figures"
SSIBF,,,,,https://ssiam.com.vn/upload/files/QuanLyQuy/SSIBF_Bao-cao-tuan-ve-thay-doi-GTTSR-quy-mo-PLXXIV-TT98-20240429.pdf,,standard,192401003827.0,15083.92,180169239129.0,15090.65,91944759.0,-12323709457.0,,,,6.73,467729205231.0,112762263780.0,78751.95,1188418114.0,0.66,167935758435.0,15044.86,192401003827.0,15083.92,489309019.0,23975936373.0,,,,39.06,467729205231.0,112762263780.0,78751.95,1187888114.0,0.62,-12323709457.0,12755371.536510402,11939130.463498922,0.0004461704914902054,0.6596121067864977,https://ssiam.com.vn/upload/files/QuanLyQuy/SSIBF_Bao-cao-tuan-ve-thay-doi-GTTSR-quy-mo-PLXXIV-TT98-20240506.pdf,superseded by a restatement with different figures
SSIBF,,,,,https://ssiam.com.vn/upload/files/QuanLyQuy/SSIBF_Bao-cao-tuan-ve-thay-doi-GTTSR-quy-mo-PLXXIV-TT98-20240506.pdf,,standard,180169239129.0,15090.65,143266595959.0,15133.01,426421165.0,-37329064335.0,,,,42.36,467729205231.0,112762263780.0,78751.95,1191754047.0,0.83,192401003827.0,15083.92,180169239129.0,15090.65,91944759.0,-12323709457.0,,,,6.73,467729205231.0,112762263780.0,78751.95,1188418114.0,0.66,-37329064335.0,11939130.463498922,9467157.95198708,0.0028070361448977454,0.8318436262288635,https://ssiam.com.vn/upload/files/QuanLyQuy/SSIBF_Bao-cao-tuan-ve-thay-doi-GTTSR-quy-mo-PLXXIV-TT98-20240513.pdf,superseded by a restatement with different figures
SSIBF,,,,,https://ssiam.com.vn/upload/files/QuanLyQuy/SSIBF_Bao-cao-tuan-ve-thay-doi-GTTSR-quy-mo-PLXXIV-TT98-20240513.pdf,,standard,143266595959.0,15133.01,153196411848.0,15129.22,-32824144.0,9962640033.0,,,,-3.79,467729205231.0,112762263780.0,78751.95,1191455577.0,0.78,180169239129.0,15090.65,143266595959.0,15133.01,426421165.0,-37329064335.0,,,,42.36,467729205231.0,112762263780.0,78751.95,1191754047.0,0.83,9962640033.0,9467157.95198708,10125863.1871306,-0.00025044587957057107,0.7777307331337178,https://ssiam.com.vn/upload/files/QuanLyQuy/SSIBF_Bao-cao-tuan-ve-thay-doi-GTTSR-quy-mo-PLXXIV-TT98-20240520.pdf,superseded by a restatement with different figures
SSIBF,,,,,https://ssiam.com.vn/upload/files/QuanLyQuy/SSIBF_Bao-cao-tuan-ve-thay-doi-GTTSR-quy-mo-PLXXIV-TT98-20240520.pdf,,standard,153196411848.0,15129.22,146734811516.0,15125.26,-47943985.0,-6413656347.0,,,,-3.96,467729205231.0,112762263780.0,78751.95,1191143719.0,0.81,143266595959.0,15133.01,153196411848.0,15129.22,-32824144.0,9962640033.0,,,,-3.79,467729205231.0,112762263780.0,78751.95,1191455577.0,0.78,-6413656347.0,10125863.1871306,9701308.375260986,-0.0002617451527573422,0.8117662786993919,https://ssiam.com.vn/upload/files/QuanLyQuy/SSIBF_Bao-cao-tuan-ve-thay-doi-GTTSR-quy-mo-PLXXIV-TT98-20240527.pdf,superseded by a restatement with different figures
SSIBF,,,,,https://ssiam.com.vn/upload/files/QuanLyQuy/SSIBF_Bao-cao-tuan-ve-thay-doi-GTTSR-quy-mo-PLXXIV-TT98-20240527.pdf,,standard,146734811516.0,15125.26,142337586352.0,15172.56,454686736.0,-4851911900.0,,,,47.3,467729205231.0,112762263780.0,78751.95,1194868686.0,0.84,153196411848.0,15129.22,146734811516.0,15125.26,-47943985.0,-6413656347.0,,,,-3.96,467729205231.0,112762263780.0,78751.95,1191143719.0,0.81,-4851911900.0,9701308.375260986,9381250.517513195,0.003127218970120138,0.8394611125729623,https://ssiam.com.vn/upload/files/QuanLyQuy/SSIBF_Bao-cao-tuan-ve-thay-doi-GTTSR-quy-mo-PLXXIV-TT98-20240603.pdf,superseded by a restatement with different figures
SSIBF,,,,,https://ssiam.com.vn/upload/files/QuanLyQuy/SSIBF_Bao-cao-tuan-ve-thay-doi-GTTSR-quy-mo-PLXXIV-TT98-20240603.pdf,,standard,142337586352.0,15172.56,158286883856.0,15189.22,168884306.0,15780413198.0,,,,16.66,467729205231.0,112762263780.0,78751.95,1196180694.0,0.76,146734811516.0,15125.26,142337586352.0,15172.56,454686736.0,-4851911900.0,,,,47.3,467729205231.0,112762263780.0,78751.95,1194868686.0,0.84,15780413198.0,9381250.517513195,10421001.463932974,0.0010980348734821455,0.7557042408442471,https://ssiam.com.vn/upload/files/QuanLyQuy/SSIBF_Bao-cao-tuan-ve-thay-doi-GTTSR-quy-mo-PLXXIV-TT98-20240610.pdf,superseded by a restatement with different figures
SSIBF,,,,,https://ssiam.com.vn/upload/files/QuanLyQuy/SSIBF_Bao-cao-tuan-ve-thay-doi-GTTSR-quy-mo-PLXXIV-TT98-20240610.pdf,,standard,158286883856.0,15189.22,173457237683.0,15187.67,5908853.0,15164444974.0,,,,-1.55,467729205231.0,112762263780.0,78751.95,1196058628.0,0.69,142337586352.0,15172.56,158286883856.0,15189.22,168884306.0,15780413198.0,,,,16.66,467729205231.0,112762263780.0,78751.95,1196180694.0,0.76,15164444974.0,10421001.463932974,11420924.847787712,-0.00010204605634778208,0.6895409173907432,https://ssiam.com.vn/upload/files/QuanLyQuy/SSIBF_Bao-cao-tuan-ve-thay-doi-GTTSR-quy-mo-PLXXIV-TT98-20240617.pdf,superseded by a restatement with different figures
SSIBF,,,,,https://ssiam.com.vn/upload/files/QuanLyQuy/SSIBF_Bao-cao-tuan-ve-thay-doi-GTTSR-quy-mo-PLXXIV-TT98-20240617.pdf,,standard,173457237683.0,15187.67,201336095821.0,15202.66,166085304.0,27712772834.0,,,,14.99,467729205231.0,112762263780.0,78751.95,1197239120.0,0.59,158286883856.0,15189.22,173457237683.0,15187.67,5908853.0,15164444974.0,,,,-1.55,467729205231.0,112762263780.0,78751.95,1196058628.0,0.69,27712772834.0,11420924.847787712,13243478.16901779,0.0009869848370420709,0.5946470329217162,https://ssiam.com.vn/upload/files/QuanLyQuy/SSIBF_Bao-cao-tuan-ve-thay-doi-GTTSR-quy-mo-PLXXIV-TT98-20240624.pdf,superseded by a restatement with different figures
SSIBF,,,,,https://ssiam.com.vn/upload/files/QuanLyQuy/SSIBF_Bao-cao-tuan-ve-thay-doi-GTTSR-quy-mo-PLXXIV-TT98-20240624.pdf,,standard,201336095821.0,15202.66,212967627150.0,15245.35,582907007.0,11048624322.0,,,,42.69,467729205231.0,112762263780.0,78751.95,1200601041.0,0.56,173457237683.0,15187.67,201336095821.0,15202.66,166085304.0,27712772834.0,,,,14.99,467729205231.0,112762263780.0,78751.95,1197239120.0,0.59,11048624322.0,13243478.16901779,13969349.811581891,0.00280806122086541,0.5637481419438354,https://ssiam.com.vn/upload/files/QuanLyQuy/SSIBF_Bao-cao-tuan-ve-thay-doi-GTTSR-quy-mo-PLXXIV-TT98-20240701.pdf,superseded by a restatement with different figures
SSIBF,,,,,https://ssiam.com.vn/upload/files/QuanLyQuy/SSIBF_Bao-cao-tuan-ve-thay-doi-GTTSR-quy-mo-PLXXIV-TT98-20240701.pdf,,standard,212967627150.0,15245.35,222067463208.0,15263.55,249007446.0,8850828612.0,,,,18.2,467729205231.0,112762263780.0,78751.95,1202034326.0,0.54,201336095821.0,15202.66,212967627150.0,15245.35,582907007.0,11048624322.0,,,,42.69,467729205231.0,112762263780.0,78751.95,1200601041.0,0.56,8850828612.0,13969349.811581891,14548873.833937716,0.0011938066361216748,0.5412924111598068,https://ssiam.com.vn/upload/files/QuanLyQuy/SSIBF_Bao-cao-tuan-ve-thay-doi-GTTSR-quy-mo-PLXXIV-TT98-20240708.pdf,superseded by a restatement with different figures
SSIBF,,,,,https://ssiam.com.vn/upload/files/QuanLyQuy/SSIBF_Bao-cao-tuan-ve-thay-doi-GTTSR-quy-mo-PLXXIV-TT98-20240708.pdf,,standard,222067463208.0,15263.55,223575551968.0,15266.85,50237540.0,1457851220.0,,,,3.3,467729205231.0,112762263780.0,78751.95,1202294208.0,0.54,212967627150.0,15245.35,222067463208.0,15263.55,249007446.0,8850828612.0,,,,18.2,467729205231.0,112762263780.0,78751.95,1202034326.0,0.54,1457851220.0,14548873.833937716,14644510.948099967,0.00021620134241384648,0.53775745935409,https://ssiam.com.vn/upload/files/QuanLyQuy/SSIBF_Bao-cao-tuan-ve-thay-doi-GTTSR-quy-mo-PLXXIV-TT98-20240715.pdf,superseded by a restatement with different figures
SSIBF,,,,,https://ssiam.com.vn/upload/files/QuanLyQuy/SSIBF_Bao-cao-tuan-ve-thay-doi-GTTSR-quy-mo-PLXXIV-TT98-20240715.pdf,,standard,223575551968.0,15266.85,259137122734.0,15288.49,348200846.0,35213369920.0,,,,21.64,467729205231.0,112762263780.0,78751.95,1203998400.0,0.46,222067463208.0,15263.55,223575551968.0,15266.85,50237540.0,1457851220.0,,,,3.3,467729205231.0,112762263780.0,78751.95,1202294208.0,0.54,35213369920.0,14644510.948099967,16949817.982940108,0.001417450227126027,0.46461826360397024,https://ssiam.com.vn/upload/files/QuanLyQuy/SSIBF_Bao-cao-tuan-ve-thay-doi-GTTSR-quy-mo-PLXXIV-TT98-20240722.pdf,superseded by a restatement with different figures
SSIBF,,,,,https://ssiam.com.vn/upload/files/QuanLyQuy/SSIBF_Bao-cao-tuan-ve-thay-doi-GTTSR-quy-mo-PLXXIV-TT98-20240722.pdf,,standard,259137122734.0,15288.49,315894072808.0,15303.58,318761541.0,56438188533.0,,,,15.09,467729205231.0,112762263780.0,78751.95,1205186767.0,0.38,223575551968.0,15266.85,259137122734.0,15288.49,348200846.0,35213369920.0,,,,21.64,467729205231.0,112762263780.0,78751.95,1203998400.0,0.46,56438188533.0,16949817.982940108,20641841.50427547,0.000987017030458892,0.3815161064235956,https://ssiam.com.vn/upload/files/QuanLyQuy/SSIBF_Bao-cao-tuan-ve-thay-doi-GTTSR-quy-mo-PLXXIV-TT98-20240729.pdf,superseded by a restatement with different figures
SSIBF,,,,,https://ssiam.com.vn/upload/files/QuanLyQuy/SSIBF_Bao-cao-tuan-ve-thay-doi-GTTSR-quy-mo-PLXXIV-TT98-20240729.pdf,,standard,315894072808.0,15303.58,331261850628.0,15292.28,-234665705.0,15602443525.0,,,,-11.3,467729205231.0,112762263780.0,78751.95,1204296870.0,0.36,259137122734.0,15288.49,315894072808.0,15303.58,318761541.0,56438188533.0,,,,15.09,467729205231.0,112762263780.0,78751.95,1205186767.0,0.38,15602443525.0,20641841.50427547,21662031.471304473,-0.0007383893180549217,0.36354831312960323,https://ssiam.com.vn/upload/files/QuanLyQuy/SSIBF_Bao-cao-tuan-ve-thay-doi-GTTSR-quy-mo-PLXXIV-TT98-20240805.pdf,superseded by a restatement with different figures
SSIBF,,,,,https://ssiam.com.vn/upload/files/QuanLyQuy/SSIBF_Bao-cao-tuan-ve-thay-doi-GTTSR-quy-mo-PLXXIV-TT98-20240805.pdf,,standard,331261850628.0,15292.28,339909088406.0,15325.71,754902974.0,7892334804.0,,,,33.43,467729205231.0,112762263780.0,78751.95,1206929548.0,0.36,315894072808.0,15303.58,331261850628.0,15292.28,-234665705.0,15602443525.0,,,,-11.3,467729205231.0,112762263780.0,78751.95,1204296870.0,0.36,7892334804.0,21662031.471304473,22179010.85209103,0.002186070357068859,0.3550742210688991,https://ssiam.com.vn/upload/files/QuanLyQuy/SSIBF_Bao-cao-tuan-ve-thay-doi-GTTSR-quy-mo-PLXXIV-TT98-20240812.pdf,superseded by a restatement with different figures
SSIBF,,,,,https://ssiam.com.vn/upload/files/QuanLyQuy/SSIBF_Bao-cao-tuan-ve-thay-doi-GTTSR-quy-mo-PLXXIV-TT98-20240812.pdf,,standard,339909088406.0,15325.71,340530638110.0,15340.18,328591426.0,292958278.0,,,,14.47,467729205231.0,112762263780.0,78751.95,1208069088.0,0.35,331261850628.0,15292.28,339909088406.0,15325.71,754902974.0,7892334804.0,,,,33.43,467729205231.0,112762263780.0,78751.95,1206929548.0,0.36,292958278.0,22179010.85209103,22198607.71581559,0.0009441650664145929,0.3547607624103894,https://ssiam.com.vn/upload/files/QuanLyQuy/SSIBF_Bao-cao-tuan-ve-thay-doi-GTTSR-quy-mo-PLXXIV-TT98-20240819.pdf,superseded by a restatement with different figures
SSIBF,,,,,https://ssiam.com.vn/upload/files/QuanLyQuy/SSIBF_Bao-cao-tuan-ve-thay-doi-GTTSR-quy-mo-PLXXIV-TT98-20240819.pdf,,standard,340530638110.0,15340.18,333296014909.0,15358.29,393481188.0,-7628104389.0,,,,18.11,467729205231.0,112762263780.0,78751.95,1209495286.0,0.36,339909088406.0,15325.71,340530638110.0,15340.18,328591426.0,292958278.0,,,,14.47,467729205231.0,112762263780.0,78751.95,1208069088.0,0.35,-7628104389.0,22198607.71581559,21701375.277390905,0.0011805598109018156,0.3628892131609282,https://ssiam.com.vn/upload/files/QuanLyQuy/SSIBF_Bao-cao-tuan-ve-thay-doi-GTTSR-quy-mo-PLXXIV-TT98-20240826.pdf,superseded by a restatement with different figures
SSIBF,,,,,https://ssiam.com.vn/upload/files/QuanLyQuy/SSIBF_Bao-cao-tuan-ve-thay-doi-GTTSR-quy-mo-PLXXIV-TT98-20240826.pdf,,standard,333296014909.0,15358.29,342502711318.0,15386.44,623975853.0,8582720556.0,,,,28.15,467729205231.0,112762263780.0,78751.95,1211712154.0,0.35,340530638110.0,15340.18,333296014909.0,15358.29,393481188.0,-7628104389.0,,,,18.11,467729205231.0,112762263780.0,78751.95,1209495286.0,0.36,8582720556.0,21701375.277390905,22260036.195377227,0.0018328863434666776,0.3537817698835598,https://ssiam.com.vn/upload/files/QuanLyQuy/SSIBF_Bao-cao-tuan-ve-thay-doi-GTTSR-quy-mo-PLXXIV-TT98-20240902.pdf,superseded by a restatement with different figures
SSIBF,,,,,https://ssiam.com.vn/upload/files/QuanLyQuy/SSIBF_Bao-cao-tuan-ve-thay-doi-GTTSR-quy-mo-PLXXIV-TT98-20240902.pdf,,standard,342502711318.0,15386.44,333141065111.0,15393.52,153585580.0,-9515231787.0,,,,7.08,467729205231.0,112762263780.0,78751.95,1212269717.0,0.36,333296014909.0,15358.29,342502711318.0,15386.44,623975853.0,8582720556.0,,,,28.15,467729205231.0,112762263780.0,78751.95,1211712154.0,0.35,-9515231787.0,22260036.195377227,21641643.04921811,0.00046014542675232306,0.36389080901691934,https://ssiam.com.vn/upload/files/QuanLyQuy/SSIBF_Bao-cao-tuan-ve-thay-doi-GTTSR-quy-mo-PLXXIV-TT98-20240909.pdf,superseded by a restatement with different figures
SSIBF,,,,,https://ssiam.com.vn/upload/files/QuanLyQuy/SSIBF_Bao-cao-tuan-ve-thay-doi-GTTSR-quy-mo-PLXXIV-TT98-20240909.pdf,,standard,333141065111.0,15393.52,324231671385.0,15412.44,397144020.0,-9306537746.0,,,,18.92,467729205231.0,112762263780.0,78751.95,1213759704.0,0.37,342502711318.0,15386.44,333141065111.0,15393.52,153585580.0,-9515231787.0,,,,7.08,467729205231.0,112762263780.0,78751.95,1212269717.0,0.36,-9306537746.0,21641643.04921811,21037011.10174638,0.0012290886035162263,0.37434951953190115,https://ssiam.com.vn/upload/files/QuanLyQuy/SSIBF_Bao-cao-tuan-ve-thay-doi-GTTSR-quy-mo-PLXXIV-TT98-20240916.pdf,superseded by a restatement with different figures
SSIBF,,,,,https://ssiam.com.vn/upload/files/QuanLyQuy/SSIBF_Bao-cao-tuan-ve-thay-doi-GTTSR-quy-mo-PLXXIV-TT98-20240916.pdf,,standard,324231671385.0,15412.44,312802674605.0,15429.07,329019938.0,-11758016718.0,,,,16.63,467729205231.0,112762263780.0,78751.95,1215069349.0,0.39,333141065111.0,15393.52,324231671385.0,15412.44,397144020.0,-9306537746.0,,,,18.92,467729205231.0,112762263780.0,78751.95,1213759704.0,0.37,-11758016718.0,21037011.10174638,20273592.290721346,0.0010789985232708688,0.38844595895299217,https://ssiam.com.vn/upload/files/QuanLyQuy/SSIBF_Bao-cao-tuan-ve-thay-doi-GTTSR-quy-mo-PLXXIV-TT98-20240923.pdf,superseded by a restatement with different figures
SSIBF,,,,,https://ssiam.com.vn/upload/files/QuanLyQuy/SSIBF_Bao-cao-tuan-ve-thay-doi-GTTSR-quy-mo-PLXXIV-TT98-20240923.pdf,,standard,312802674605.0,15429.07,323798828201.0,15437.29,154965486.0,10841188110.0,,,,8.22,467729205231.0,112762263780.0,78751.95,1215716690.0,0.38,324231671385.0,15412.44,312802674605.0,15429.07,329019938.0,-11758016718.0,,,,16.63,467729205231.0,112762263780.0,78751.95,1215069349.0,0.39,10841188110.0,20273592.290721346,20975108.208824217,0.0005327605617189146,0.3754543204354454,https://ssiam.com.vn/upload/files/QuanLyQuy/SSIBF_Bao-cao-tuan-ve-thay-doi-GTTSR-quy-mo-PLXXIV-TT98-20240930.pdf,superseded by a restatement with different figures
SSIBF,,,,,https://ssiam.com.vn/upload/files/QuanLyQuy/SSIBF_Bao-cao-tuan-ve-thay-doi-GTTSR-quy-mo-PLXXIV-TT98-20240930.pdf,,standard,323798828201.0,15437.29,324241783532.0,15451.35,294804919.0,148150412.0,,,,14.06,467729205231.0,112762263780.0,78751.95,1216823943.0,0.38,312802674605.0,15429.07,323798828201.0,15437.29,154965486.0,10841188110.0,,,,8.22,467729205231.0,112762263780.0,78751.95,1215716690.0,0.38,148150412.0,20975108.208824217,20984689.592300996,0.0009107816203490771,0.3752828922124127,https://ssiam.com.vn/upload/files/QuanLyQuy/SSIBF_Bao-cao-tuan-ve-thay-doi-GTTSR-quy-mo-PLXXIV-TT98-20241008.pdf,superseded by a restatement with different figures
SSIBF,,,,,https://ssiam.com.vn/upload/files/QuanLyQuy/SSIBF_Bao-cao-tuan-ve-thay-doi-GTTSR-quy-mo-PLXXIV-TT98-20241008.pdf,,standard,324241783532.0,15451.35,353091975203.0,15466.68,348268630.0,28501923041.0,,,,15.33,467729205231.0,112762263780.0,78751.95,1218031210.0,0.34,323798828201.0,15437.29,324241783532.0,15451.35,294804919.0,148150412.0,,,,14.06,467729205231.0,112762263780.0,78751.95,1216823943.0,0.38,28501923041.0,20984689.592300996,22829202.854329437,0.000992146317312148,0.34496145354187907,https://ssiam.com.vn/upload/files/QuanLyQuy/SSIBF_Bao-cao-tuan-ve-thay-doi-GTTSR-quy-mo-PLXXIV-TT98-20241014.pdf,superseded by a restatement with different figures
SSIBF,,,,,https://ssiam.com.vn/upload/files/QuanLyQuy/SSIBF_Bao-cao-tuan-ve-thay-doi-GTTSR-quy-mo-PLXXIV-TT98-20241014.pdf,,standard,353091975203.0,15466.68,347324240207.0,15486.63,448138058.0,-6215873054.0,,,,19.95,467729205231.0,112762263780.0,78751.95,1219602311.0,0.35,324241783532.0,15451.35,353091975203.0,15466.68,348268630.0,28501923041.0,,,,15.33,467729205231.0,112762263780.0,78751.95,1218031210.0,0.34,-6215873054.0,22829202.854329437,22427360.90466422,0.0012898695776986102,0.3511422958193576,https://ssiam.com.vn/upload/files/QuanLyQuy/SSIBF_Bao-cao-tuan-ve-thay-doi-GTTSR-quy-mo-PLXXIV-TT98-20241021.pdf,superseded by a restatement with different figures
SSIBF,,,,,https://ssiam.com.vn/upload/files/QuanLyQuy/SSIBF_Bao-cao-tuan-ve-thay-doi-GTTSR-quy-mo-PLXXIV-TT98-20241021.pdf,,standard,347324240207.0,15486.63,320858843844.0,15509.83,478155851.0,-26943552214.0,,,,23.2,467729205231.0,112762263780.0,78751.95,1221429357.0,0.38,353091975203.0,15466.68,347324240207.0,15486.63,448138058.0,-6215873054.0,,,,19.95,467729205231.0,112762263780.0,78751.95,1219602311.0,0.35,-26943552214.0,22427360.90466422,20687450.72279967,0.0014980663966273067,0.38067498541316597,https://ssiam.com.vn/upload/files/QuanLyQuy/SSIBF_Bao-cao-tuan-ve-thay-doi-GTTSR-quy-mo-PLXXIV-TT98-20241028.pdf,superseded by a restatement with different figures
SSIBF,,,,,https://ssiam.com.vn/upload/files/QuanLyQuy/SSIBF_Bao-cao-tuan-ve-thay-doi-GTTSR-quy-mo-PLXXIV-TT98-20241028.pdf,,standard,320858843844.0,15509.83,288860478881.0,15528.41,340416728.0,-32338781691.0,,,,18.58,467729205231.0,112762263780.0,78751.95,1222892568.0,0.42,347324240207.0,15486.63,320858843844.0,15509.83,478155851.0,-26943552214.0,,,,23.2,467729205231.0,112762263780.0,78751.95,1221429357.0,0.38,-32338781691.0,20687450.72279967,18602064.144429468,0.0011979499452927644,0.42335059913259615,https://ssiam.com.vn/upload/files/QuanLyQuy/SSIBF_Bao-cao-tuan-ve-thay-doi-GTTSR-quy-mo-PLXXIV-TT98-20241104.pdf,superseded by a restatement with different figures
SSIBF,,,,,https://ssiam.com.vn/upload/files/QuanLyQuy/SSIBF_Bao-cao-tuan-ve-thay-doi-GTTSR-quy-mo-PLXXIV-TT98-20241104.pdf,,standard,288860478881.0,15528.41,294313106390.0,15548.28,371704694.0,5080922815.0,,,,19.87,467729205231.0,112762263780.0,78751.95,1224457369.0,0.42,320858843844.0,15509.83,288860478881.0,15528.41,340416728.0,-32338781691.0,,,,18.58,467729205231.0,112762263780.0,78751.95,1222892568.0,0.42,5080922815.0,18602064.144429468,18928981.623047695,0.001279590119014129,0.41603902184955627,https://ssiam.com.vn/upload/files/QuanLyQuy/SSIBF_Bao-cao-tuan-ve-thay-doi-GTTSR-quy-mo-PLXXIV-TT98-20241111.pdf,superseded by a restatement with different figures
SSIBF,,,,,https://ssiam.com.vn/upload/files/QuanLyQuy/SSIBF_Bao-cao-tuan-ve-thay-doi-GTTSR-quy-mo-PLXXIV-TT98-20241111.pdf,,standard,294313106390.0,15548.28,289754714125.0,15563.71,287628645.0,-4846020910.0,,,,15.43,467268538580.0,112762263780.0,78751.95,1225672512.0,0.42,288860478881.0,15528.41,294313106390.0,15548.28,371704694.0,5080922815.0,,,,19.87,467729205231.0,112762263780.0,78751.95,1224457369.0,0.42,-4846020910.0,18928981.623047695,18617329.29520018,0.0009923927276842548,0.42300347578512415,https://ssiam.com.vn/upload/files/QuanLyQuy/SSIBF_Bao-cao-tuan-ve-thay-doi-GTTSR-quy-mo-PLXXIV-TT98-20241118.pdf,superseded by a restatement with different figures
SSIBF,,,,,https://ssiam.com.vn/upload/files/QuanLyQuy/SSIBF_Bao-cao-tuan-ve-thay-doi-GTTSR-quy-mo-PLXXIV-TT98-20241118.pdf,,standard,289754714125.0,15563.71,346156729949.0,15584.17,435123191.0,55966892633.0,,,,20.46,385598546488.0,112762263780.0,85340.48,1329960548.0,0.38,294313106390.0,15548.28,289754714125.0,15563.71,287628645.0,-4846020910.0,,,,15.43,467268538580.0,112762263780.0,85340.48,1328214482.0,0.46,55966892633.0,18617329.29520018,22212073.53031955,0.0013145965839764795,0.38420762415797777,https://ssiam.com.vn/upload/files/QuanLyQuy/SSIBF_Bao-cao-tuan-ve-thay-doi-GTTSR-quy-mo-PLXXIV-TT98-20241125.pdf,superseded by a restatement with different figures
SSIBF,,,,,https://ssiam.com.vn/upload/files/QuanLyQuy/SSIBF_Bao-cao-tuan-ve-thay-doi-GTTSR-quy-mo-PLXXIV-TT98-20241125.pdf,,standard,346156729949.0,15584.17,381176187590.0,15605.97,533755157.0,34485702484.0,,,,21.8,384984169755.0,112762263780.0,85340.48,1331820971.0,0.35,289754714125.0,15563.71,346156729949.0,15584.17,435123191.0,55966892633.0,,,,20.46,385598546488.0,112762263780.0,85340.48,1329960548.0,0.38,34485702484.0,22212073.53031955,24425023.730662048,0.0013988553769626044,0.34939773636451044,https://ssiam.com.vn/upload/files/QuanLyQuy/SSIBF_Bao-cao-tuan-ve-thay-doi-GTTSR-quy-mo-PLXXIV-TT98-20241202.pdf,superseded by a restatement with different figures
SSIBF,,,,,https://ssiam.com.vn/upload/files/QuanLyQuy/SSIBF_Bao-cao-tuan-ve-thay-doi-GTTSR-quy-mo-PLXXIV-TT98-20241202.pdf,,standard,381176187590.0,15605.97,372584252183.0,15611.94,147209716.0,-8739145123.0,,,,5.97,384984169755.0,112762263780.0,85340.48,1332330453.0,0.36,346156729949.0,15584.17,381176187590.0,15605.97,533755157.0,34485702484.0,,,,21.8,384984169755.0,112762263780.0,85340.48,1331820971.0,0.35,-8739145123.0,24425023.730662048,23865339.7452847,0.00038254591031505747,0.3575917246082658,https://ssiam.com.vn/upload/files/QuanLyQuy/SSIBF_Bao-cao-tuan-ve-thay-doi-GTTSR-quy-mo-PLXXIV-TT98-20241209.pdf,superseded by a restatement with different figures
SSIBF,,,,,https://ssiam.com.vn/upload/files/QuanLyQuy/SSIBF_Bao-cao-tuan-ve-thay-doi-GTTSR-quy-mo-PLXXIV-TT98-20241209.pdf,,standard,372584252183.0,15611.94,348279798478.0,15633.95,500703997.0,-24805157702.0,,,,22.01,384984169755.0,112762263780.0,85340.48,1334208797.0,0.38,381176187590.0,15605.97,372584252183.0,15611.94,147209716.0,-8739145123.0,,,,5.97,384984169755.0,112762263780.0,85340.48,1332330453.0,0.36,-24805157702.0,23865339.7452847,22277146.75293192,0.0014098183825970168,0.38308532473906287,https://ssiam.com.vn/upload/files/QuanLyQuy/SSIBF_Bao-cao-tuan-ve-thay-doi-GTTSR-quy-mo-PLXXIV-TT98-20241216.pdf,superseded by a restatement with different figures
SSIBF,,,,,https://ssiam.com.vn/upload/files/QuanLyQuy/SSIBF_Bao-cao-tuan-ve-thay-doi-GTTSR-quy-mo-PLXXIV-TT98-20241216.pdf,,standard,348279798478.0,15633.95,316684569340.0,15655.9,468270622.0,-32063499760.0,,,,21.95,384984169755.0,112762263780.0,87514.58,1370119513.0,0.43,372584252183.0,15611.94,348279798478.0,15633.95,500703997.0,-24805157702.0,,,,22.01,384984169755.0,112762263780.0,85340.48,1334208797.0,0.38,-32063499760.0,22277146.75293192,20227809.920860507,0.0014039957912106438,0.43264486042229844,https://ssiam.com.vn/upload/files/QuanLyQuy/SSIBF_Bao-cao-tuan-ve-thay-doi-GTTSR-quy-mo-PLXXIV-TT98-20241223.pdf,superseded by a restatement with different figures
SSIBF,,,,,https://ssiam.com.vn/upload/files/QuanLyQuy/SSIBF_Bao-cao-tuan-ve-thay-doi-GTTSR-quy-mo-PLXXIV-TT98-20241223.pdf,,standard,316684569340.0,15655.9,298647658588.0,15664.94,173009937.0,-18209920689.0,,,,9.04,384984169755.0,112762263780.0,87514.58,1370910645.0,0.46,348279798478.0,15633.95,316684569340.0,15655.9,468270622.0,-32063499760.0,,,,21.95,384984169755.0,112762263780.0,87514.58,1370119513.0,0.43,-18209920689.0,20227809.920860507,19064717.68088483,0.0005774180979694066,0.4590394753073362,https://ssiam.com.vn/upload/files/QuanLyQuy/SSIBF_Bao-cao-tuan-ve-thay-doi-GTTSR-quy-mo-PLXXIV-TT98-20241230.pdf,superseded by a restatement with different figures
SSIBF,,,,,https://ssiam.com.vn/upload/files/QuanLyQuy/SSIBF_Bao-cao-tuan-ve-thay-doi-GTTSR-quy-mo-PLXXIV-TT98-20241230.pdf,,standard,298647658588.0,15664.94,313193490669.0,15695.53,604194628.0,13941637453.0,,,,30.59,384984169755.0,112762263780.0,87514.58,1373587716.0,0.44,316684569340.0,15655.9,298647658588.0,15664.94,173009937.0,-18209920689.0,,,,9.04,384984169755.0,112762263780.0,87514.58,1370910645.0,0.46,13941637453.0,19064717.68088483,19954311.23823152,0.0019527684114972743,0.43857479702593266,https://ssiam.com.vn/upload/files/QuanLyQuy/SSIBF_Bao-cao-tuan-ve-thay-doi-GTTSR-quy-mo-PLXXIV-TT98-20250106.pdf,superseded by a restatement with different figures
SSIBF,,,,,https://ssiam.com.vn/upload/files/QuanLyQuy/SSIBF_Bao-cao-tuan-ve-thay-doi-GTTSR-quy-mo-PLXXIV-TT98-20250106.pdf,,standard,313193490669.0,15695.53,313851196462.0,15698.2,53309002.0,604396791.0,,,,2.67,384984169755.0,112762263780.0,87514.58,1373821380.0,0.44,298647658588.0,15664.94,313193490669.0,15695.53,604194628.0,13941637453.0,,,,30.59,384984169755.0,112762263780.0,87514.58,1373587716.0,0.44,604396791.0,19954311.23823152,19992814.237428494,0.00017011212746553817,0.43773017133179465,https://ssiam.com.vn/upload/files/QuanLyQuy/SSIBF_Bao-cao-tuan-ve-thay-doi-GTTSR-quy-mo-PLXXIV-TT98-20250113.pdf,superseded by a restatement with different figures
SSIBF,,,,,https://ssiam.com.vn/upload/files/QuanLyQuy/SSIBF_Bao-cao-tuan-ve-thay-doi-GTTSR-quy-mo-PLXXIV-TT98-20250113.pdf,,standard,313851196462.0,15698.2,319059503853.0,15703.39,107152455.0,5101154936.0,,,,5.19,384984169755.0,112762263780.0,89678.17,1408251278.0,0.44,313193490669.0,15695.53,313851196462.0,15698.2,53309002.0,604396791.0,,,,2.67,384984169755.0,112762263780.0,87514.58,1373821380.0,0.44,5101154936.0,19992814.237428494,20317874.284024023,0.0003306111528709188,0.4413757499757231,https://ssiam.com.vn/upload/files/QuanLyQuy/SSIBF_Bao-cao-tuan-ve-thay-doi-GTTSR-quy-mo-PLXXIV-TT98-20250120.pdf,superseded by a restatement with different figures
SSIBF,,,,,https://ssiam.com.vn/upload/files/QuanLyQuy/SSIBF_Bao-cao-tuan-ve-thay-doi-GTTSR-quy-mo-PLXXIV-TT98-20250120.pdf,,standard,319059503853.0,15703.39,268131893124.0,15738.93,667299779.0,-51594910508.0,,,,35.54,384984169755.0,112762263780.0,89678.17,1411438440.0,0.53,313851196462.0,15698.2,319059503853.0,15703.39,107152455.0,5101154936.0,,,,5.19,384984169755.0,112762263780.0,89678.17,1408251278.0,0.44,-51594910508.0,20317874.284024023,17036221.21224251,0.002263205588092898,0.5263970740501458,https://ssiam.com.vn/upload/files/QuanLyQuy/SSIBF_Bao-cao-tuan-ve-thay-doi-GTTSR-quy-mo-PLXXIV-TT98-20250127.pdf,superseded by a restatement with different figures
SSIBF,,,,,https://ssiam.com.vn/upload/files/QuanLyQuy/SSIBF_Bao-cao-tuan-ve-thay-doi-GTTSR-quy-mo-PLXXIV-TT98-20250127.pdf,,standard,268131893124.0,15738.93,332049793575.0,15747.45,190451040.0,63727449411.0,,,,8.52,384984169755.0,112762263780.0,89678.17,1412202498.0,0.43,319059503853.0,15703.39,268131893124.0,15738.93,667299779.0,-51594910508.0,,,,35.54,384984169755.0,112762263780.0,89678.17,1411438440.0,0.53,63727449411.0,17036221.21224251,21085940.490365107,0.0005413328606200807,0.42529841166157095,https://ssiam.com.vn/upload/files/QuanLyQuy/SSIBF_Bao-cao-tuan-ve-thay-doi-GTTSR-quy-mo-PLXXIV-TT98-20250203.pdf,superseded by a restatement with different figures
SSIBF,,,,,https://ssiam.com.vn/upload/files/QuanLyQuy/SSIBF_Bao-cao-tuan-ve-thay-doi-GTTSR-quy-mo-PLXXIV-TT98-20250203.pdf,,standard,332049793575.0,15747.45,334446204101.0,15774.06,562564867.0,1833845659.0,,,,26.61,384984169755.0,116176093054.0,89678.17,1414588834.0,0.42,268131893124.0,15738.93,332049793575.0,15747.45,190451040.0,63727449411.0,,,,8.52,384984169755.0,112762263780.0,89678.17,1412202498.0,0.43,1833845659.0,21085940.490365107,21202290.60248281,0.0016897973957687995,0.42296453559772074,https://ssiam.com.vn/upload/files/QuanLyQuy/SSIBF_Bao-cao-tuan-ve-thay-doi-GTTSR-quy-mo-PLXXIV-TT98-20250210.pdf,superseded by a restatement with different figures
SSIBF,,,,,https://ssiam.com.vn/upload/files/QuanLyQuy/SSIBF_Bao-cao-tuan-ve-thay-doi-GTTSR-quy-mo-PLXXIV-TT98-20250210.pdf,,standard,334446204101.0,15774.06,326081655055.0,15789.52,322724133.0,-8687273179.0,,,,15.46,384984169755.0,116176093054.0,89678.17,1415975259.0,0.43,332049793575.0,15747.45,334446204101.0,15774.06,562564867.0,1833845659.0,,,,26.61,384984169755.0,116176093054.0,89678.17,1414588834.0,0.42,-8687273179.0,21202290.60248281,20651777.57493578,0.0009800900972862792,0.43423947255210305,https://ssiam.com.vn/upload/files/QuanLyQuy/SSIBF_Bao-cao-tuan-ve-thay-doi-GTTSR-quy-mo-PLXXIV-TT98-20250217.pdf,superseded by a restatement with different figures
SSIBF,,,,,https://ssiam.com.vn/upload/files/QuanLyQuy/SSIBF_Bao-cao-tuan-ve-thay-doi-GTTSR-quy-mo-PLXXIV-TT98-20250217.pdf,,standard,326081655055.0,15789.52,324828139152.0,15772.35,-354292271.0,-899223632.0,,,,-17.17,384984169755.0,116244179382.0,91831.49,1448398401.0,0.45,334446204101.0,15774.06,326081655055.0,15789.52,322724133.0,-8687273179.0,,,,15.46,384984169755.0,116176093054.0,89678.17,1415975259.0,0.43,-899223632.0,20651777.57493578,20594783.85605189,-0.0010874301435382927,0.44589683787285334,https://ssiam.com.vn/upload/files/QuanLyQuy/SSIBF_Bao-cao-tuan-ve-thay-doi-GTTSR-quy-mo-PLXXIV-TT98-20250224.pdf,superseded by a restatement with different figures
SSIBF,,,,,https://ssiam.com.vn/upload/files/QuanLyQuy/SSIBF_Bao-cao-tuan-ve-thay-doi-GTTSR-quy-mo-PLXXIV-TT98-20250224.pdf,,standard,324828139152.0,15772.35,286631452559.0,15811.59,785606182.0,-38982292775.0,,,,39.24,384984169755.0,116244179382.0,91831.49,1452001869.0,0.51,326081655055.0,15789.52,324828139152.0,15772.35,-354292271.0,-899223632.0,,,,-17.17,384984169755.0,116244179382.0,91831.49,1448398401.0,0.45,-38982292775.0,20594783.85605189,18127933.532238062,0.002487898125517196,0.5065745074508601,https://ssiam.com.vn/upload/files/QuanLyQuy/SSIBF_Bao-cao-tuan-ve-thay-doi-GTTSR-quy-mo-PLXXIV-TT98-20250303.pdf,superseded by a restatement with different figures
SSIBF,,,,,https://ssiam.com.vn/upload/files/QuanLyQuy/SSIBF_Bao-cao-tuan-ve-thay-doi-GTTSR-quy-mo-PLXXIV-TT98-20250303.pdf,,standard,286631452559.0,15811.59,307653313048.0,15807.24,-89923905.0,21111784394.0,,,,-4.35,384984169755.0,116244179382.0,91831.49,1451602402.0,0.47,324828139152.0,15772.35,286631452559.0,15811.59,785606182.0,-38982292775.0,,,,39.24,384984169755.0,116244179382.0,91831.49,1452001869.0,0.51,21111784394.0,18127933.532238062,19462810.272254992,-0.0002751146469140986,0.47183057696294706,https://ssiam.com.vn/upload/files/QuanLyQuy/SSIBF_Bao-cao-tuan-ve-thay-doi-GTTSR-quy-mo-PLXXIV-TT98-20250310.pdf,superseded by a restatement with different figures
SSIBF,,,,,https://ssiam.com.vn/upload/files/QuanLyQuy/SSIBF_Bao-cao-tuan-ve-thay-doi-GTTSR-quy-mo-PLXXIV-TT98-20250310.pdf,,standard,307653313048.0,15807.24,292739578679.0,15815.34,147544124.0,-15061278493.0,,,,8.1,384984169755.0,117342466848.0,91831.49,1452346237.0,0.5,286631452559.0,15811.59,307653313048.0,15807.24,-89923905.0,21111784394.0,,,,-4.35,384984169755.0,116244179382.0,91831.49,1451602402.0,0.47,-15061278493.0,19462810.272254992,18509850.479281507,0.0005124234211664191,0.4961222679740728,https://ssiam.com.vn/upload/files/QuanLyQuy/SSIBF_Bao-cao-tuan-ve-thay-doi-GTTSR-quy-mo-PLXXIV-TT98-20250317.pdf,superseded by a restatement with different figures
SSIBF,,,,,https://ssiam.com.vn/upload/files/QuanLyQuy/SSIBF_Bao-cao-tuan-ve-thay-doi-GTTSR-quy-mo-PLXXIV-TT98-20250317.pdf,,standard,292739578679.0,15815.34,291895075247.0,15830.1,269574060.0,-1114077492.0,,,,14.76,384984169755.0,122689890088.0,91831.49,1453701670.0,0.5,307653313048.0,15807.24,292739578679.0,15815.34,147544124.0,-15061278493.0,,,,8.1,384984169755.0,117342466848.0,91831.49,1452346237.0,0.5,-1114077492.0,18509850.479281507,18439243.924359288,0.0009332711152589823,0.4980219925841111,https://ssiam.com.vn/upload/files/QuanLyQuy/SSIBF_Bao-cao-tuan-ve-thay-doi-GTTSR-quy-mo-PLXXIV-TT98-20250324.pdf,superseded by a restatement with different figures
SSIBF,,,,,https://ssiam.com.vn/upload/files/QuanLyQuy/SSIBF_Bao-cao-tuan-ve-thay-doi-GTTSR-quy-mo-PLXXIV-TT98-20250324.pdf,,standard,291895075247.0,15830.1,279380329957.0,15882.61,937970402.0,-13452715692.0,,,,52.51,384984169755.0,140183620744.0,91831.49,1458523741.0,0.52,292739578679.0,15815.34,291895075247.0,15830.1,269574060.0,-1114077492.0,,,,14.76,384984169755.0,122689890088.0,91831.49,1453701670.0,0.5,-13452715692.0,18439243.924359288,17590328.66493605,0.003317098439049593,0.5220567035712516,https://ssiam.com.vn/upload/files/QuanLyQuy/SSIBF_Bao-cao-tuan-ve-thay-doi-GTTSR-quy-mo-PLXXIV-TT98-20250331.pdf,superseded by a restatement with different figures
SSIBF,,,,,https://ssiam.com.vn/upload/files/QuanLyQuy/SSIBF_Bao-cao-tuan-ve-thay-doi-GTTSR-quy-mo-PLXXIV-TT98-20250331.pdf,,standard,279380329957.0,15882.61,247263657097.0,15900.88,291635454.0,-32408308314.0,,,,18.27,384984169755.0,140183620744.0,91831.49,1460201503.0,0.59,291895075247.0,15830.1,279380329957.0,15882.61,937970402.0,-13452715692.0,,,,52.51,384984169755.0,140183620744.0,91831.49,1458523741.0,0.52,-32408308314.0,17590328.66493605,15550312.756086456,0.0011503147152764903,0.5905443283268969,https://ssiam.com.vn/upload/files/QuanLyQuy/SSIBF_Bao-cao-tuan-ve-thay-doi-GTTSR-quy-mo-PLXXIV-TT98-20250407.pdf,superseded by a restatement with different figures
SSIBF,,,,,https://ssiam.com.vn/upload/files/QuanLyQuy/SSIBF_Bao-cao-tuan-ve-thay-doi-GTTSR-quy-mo-PLXXIV-TT98-20250407.pdf,,standard,247263657097.0,15900.88,229909897974.0,15913.42,184353230.0,-17538112353.0,,,,12.54,384984169755.0,140183620744.0,91831.49,1461353070.0,0.64,279380329957.0,15882.61,247263657097.0,15900.88,291635454.0,-32408308314.0,,,,18.27,384984169755.0,140183620744.0,91831.49,1460201503.0,0.59,-17538112353.0,15550312.756086456,14447547.91704109,0.0007886355975268433,0.6356199027869871,https://ssiam.com.vn/upload/files/QuanLyQuy/SSIBF_Bao-cao-tuan-ve-thay-doi-GTTSR-quy-mo-PLXXIV-TT98-20250414.pdf,superseded by a restatement with different figures
SSIBF,,,,,https://ssiam.com.vn/upload/files/QuanLyQuy/SSIBF_Bao-cao-tuan-ve-thay-doi-GTTSR-quy-mo-PLXXIV-TT98-20250414.pdf,,standard,229909897974.0,15913.42,193452951034.0,15929.49,198422794.0,-36655369734.0,,,,16.07,384984169755.0,140183620744.0,96117.18,1531097658.0,0.79,247263657097.0,15900.88,229909897974.0,15913.42,184353230.0,-17538112353.0,,,,12.54,384984169755.0,140183620744.0,91831.49,1461353070.0,0.64,-36655369734.0,14447547.91704109,12144327.974969694,0.0010098394939617172,0.7914573801104252,https://ssiam.com.vn/upload/files/QuanLyQuy/SSIBF_Bao-cao-tuan-ve-thay-doi-GTTSR-quy-mo-PLXXIV-TT98-20250421.pdf,superseded by a restatement with different figures
SSIBF,,,,,https://ssiam.com.vn/upload/files/QuanLyQuy/SSIBF_Bao-cao-tuan-ve-thay-doi-GTTSR-quy-mo-PLXXIV-TT98-20250421.pdf,,standard,193452951034.0,15929.49,176360493515.0,15941.42,134586884.0,-17227044403.0,,,,11.93,384984169755.0,140183620744.0,96117.18,1532244336.0,0.87,229909897974.0,15913.42,193452951034.0,15929.49,198422794.0,-36655369734.0,,,,16.07,384984169755.0,140183620744.0,96117.18,1531097658.0,0.79,-17227044403.0,12144327.974969694,11063035.382983448,0.0007489254207133644,0.8688138173471814,https://ssiam.com.vn/upload/files/QuanLyQuy/SSIBF_Bao-cao-tuan-ve-thay-doi-GTTSR-quy-mo-PLXXIV-TT98-20250428.pdf,superseded by a restatement with different figures
SSIBF,,,,,https://ssiam.com.vn/upload/files/QuanLyQuy/SSIBF_Bao-cao-tuan-ve-thay-doi-GTTSR-quy-mo-PLXXIV-TT98-20250428.pdf,,standard,176360493515.0,15941.42,173187950610.0,15956.05,157844838.0,-3330387743.0,,,,14.63,384984169755.0,140183620744.0,96117.18,1533650530.0,0.89,193452951034.0,15929.49,176360493515.0,15941.42,134586884.0,-17227044403.0,,,,11.93,384984169755.0,140183620744.0,96117.18,1532244336.0,0.87,-3330387743.0,11063035.382983448,10854061.663757635,0.0009177350574791632,0.88554112719632,https://ssiam.com.vn/upload/files/QuanLyQuy/SSIBF_Bao-cao-tuan-ve-thay-doi-GTTSR-quy-mo-PLXXIV-TT98-20250505.pdf,superseded by a restatement with different figures
SSIBF,,,,,https://ssiam.com.vn/upload/files/QuanLyQuy/SSIBF_Bao-cao-tuan-ve-thay-doi-GTTSR-quy-mo-PLXXIV-TT98-20250505.pdf,,standard,173187950610.0,15956.05,171127154156.0,15972.72,178253957.0,-2239050411.0,,,,16.67,384984169755.0,140183620744.0,96117.18,1535252803.0,0.9,176360493515.0,15941.42,173187950610.0,15956.05,157844838.0,-3330387743.0,,,,14.63,384984169755.0,140183620744.0,96117.18,1533650530.0,0.89,-2239050411.0,10854061.663757635,10713714.01714924,0.0010447447833266121,0.8971415498445438,https://ssiam.com.vn/upload/files/QuanLyQuy/SSIBF_Bao-cao-tuan-ve-thay-doi-GTTSR-quy-mo-PLXXIV-TT98-20250512.pdf,superseded by a restatement with different figures
SSIBF,,,,,https://ssiam.com.vn/upload/files/QuanLyQuy/SSIBF_Bao-cao-tuan-ve-thay-doi-GTTSR-quy-mo-PLXXIV-TT98-20250512.pdf,,standard,171127154156.0,15972.72,163929565935.0,15986.39,141905844.0,-7339494065.0,,,,13.67,384984169755.0,140503270594.0,98244.31,1570571855.0,0.96,173187950610.0,15956.05,171127154156.0,15972.72,178253957.0,-2239050411.0,,,,16.67,384984169755.0,140183620744.0,96117.18,1535252803.0,0.9,-7339494065.0,10713714.01714924,10254320.452272214,0.0008558341973063932,0.9580772364289369,https://ssiam.com.vn/upload/files/QuanLyQuy/SSIBF_Bao-cao-tuan-ve-thay-doi-GTTSR-quy-mo-PLXXIV-TT98-20250519.pdf,superseded by a restatement with different figures
SSIBF,,,,,https://ssiam.com.vn/upload/files/QuanLyQuy/SSIBF_Bao-cao-tuan-ve-thay-doi-GTTSR-quy-mo-PLXXIV-TT98-20250519.pdf,,standard,163929565935.0,15986.39,163764954907.0,16001.29,153782442.0,-318393470.0,,,,14.9,384984169755.0,140503270594.0,98244.31,1572035695.0,0.96,171127154156.0,15972.72,163929565935.0,15986.39,141905844.0,-7339494065.0,,,,13.67,384984169755.0,140503270594.0,98244.31,1570571855.0,0.96,-318393470.0,10254320.452272214,10234484.526372561,0.0009320428189230068,0.9599341299197613,https://ssiam.com.vn/upload/files/QuanLyQuy/SSIBF_Bao-cao-tuan-ve-thay-doi-GTTSR-quy-mo-PLXXIV-TT98-20250526.pdf,superseded by a restatement with different figures
SSIBF,,,,,https://ssiam.com.vn/upload/files/QuanLyQuy/SSIBF_Bao-cao-tuan-ve-thay-doi-GTTSR-quy-mo-PLXXIV-TT98-20250526.pdf,,standard,163764954907.0,16001.29,149930946512.0,16034.83,320540931.0,-14154549326.0,,,,33.54,384984169755.0,140503270594.0,98244.31,1575330809.0,1.05,163929565935.0,15986.39,163764954907.0,16001.29,153782442.0,-318393470.0,,,,14.9,384984169755.0,140503270594.0,98244.31,1572035695.0,0.96,-14154549326.0,10234484.526372561,9350329.658125468,0.0020960810034691413,1.050704237949912,https://ssiam.com.vn/upload/files/QuanLyQuy/SSIBF_Bao-cao-tuan-ve-thay-doi-GTTSR-quy-mo-PLXXIV-TT98-20250602.pdf,superseded by a restatement with different figures
SSIBF,,,,,https://ssiam.com.vn/upload/files/QuanLyQuy/SSIBF_Bao-cao-tuan-ve-thay-doi-GTTSR-quy-mo-PLXXIV-TT98-20250602.pdf,,standard,149930946512.0,16034.83,138224679624.0,16043.34,74755539.0,-11781022427.0,,,,8.51,384984169755.0,138224679624.0,98244.31,1576166868.0,1.14,163764954907.0,16001.29,149930946512.0,16034.83,320540931.0,-14154549326.0,,,,33.54,384984169755.0,140503270594.0,98244.31,1575330809.0,1.05,-11781022427.0,9350329.658125468,8615704.686430631,0.0005307196895758537,1.1402933776280062,https://ssiam.com.vn/upload/files/QuanLyQuy/SSIBF_Bao-cao-tuan-ve-thay-doi-GTTSR-quy-mo-PLXXIV-TT98-20250609.pdf,superseded by a restatement with different figures
SSIBF,,,,,https://ssiam.com.vn/upload/files/QuanLyQuy/SSIBF_Bao-cao-tuan-ve-thay-doi-GTTSR-quy-mo-PLXXIV-TT98-20250609.pdf,,standard,138224679624.0,16043.34,144818660139.0,16054.82,104036165.0,6489944350.0,,,,11.48,384984169755.0,138224679624.0,98244.31,1577294713.0,1.09,149930946512.0,16034.83,138224679624.0,16043.34,74755539.0,-11781022427.0,,,,8.51,384984169755.0,138224679624.0,98244.31,1576166868.0,1.14,6489944350.0,8615704.686430631,9020260.590838142,0.0007155617221850097,1.0891515716870184,https://ssiam.com.vn/upload/files/QuanLyQuy/SSIBF_Bao-cao-tuan-ve-thay-doi-GTTSR-quy-mo-PLXXIV-TT98-20250616.pdf,superseded by a restatement with different figures
SSIBF,,,,,https://ssiam.com.vn/upload/files/QuanLyQuy/SSIBF_Bao-cao-tuan-ve-thay-doi-GTTSR-quy-mo-PLXXIV-TT98-20250616.pdf,,standard,144818660139.0,16054.82,130239124543.0,16074.49,158309161.0,-14737844757.0,,,,19.67,384984169755.0,129568077223.0,100362.46,1613275360.0,1.24,138224679624.0,16043.34,144818660139.0,16054.82,104036165.0,6489944350.0,,,,11.48,384984169755.0,138224679624.0,98244.31,1577294713.0,1.09,-14737844757.0,9020260.590838142,8102224.365625286,0.0012251772364935132,1.2387025524479458,https://ssiam.com.vn/upload/files/QuanLyQuy/SSIBF_Bao-cao-tuan-ve-thay-doi-GTTSR-quy-mo-PLXXIV-TT98-20250623.pdf,superseded by a restatement with different figures
SSIBF,,,,,https://ssiam.com.vn/upload/files/QuanLyQuy/SSIBF_Bao-cao-tuan-ve-thay-doi-GTTSR-quy-mo-PLXXIV-TT98-20250623.pdf,,standard,130239124543.0,16074.49,131212245577.0,16084.21,79150870.0,893970164.0,,,,9.72,384984169755.0,129568077223.0,100362.46,1614250883.0,1.23,144818660139.0,16054.82,130239124543.0,16074.49,158309161.0,-14737844757.0,,,,19.67,384984169755.0,129568077223.0,100362.46,1613275360.0,1.24,893970164.0,8102224.365625286,8157829.671273877,0.0006046848142615691,1.2302593221397924,https://ssiam.com.vn/upload/files/QuanLyQuy/SSIBF_Bao-cao-tuan-ve-thay-doi-GTTSR-quy-mo-PLXXIV-TT98-20250630.pdf,superseded by a restatement with different figures
SSIBF,,,,,https://ssiam.com.vn/upload/files/QuanLyQuy/SSIBF_Bao-cao-tuan-ve-thay-doi-GTTSR-quy-mo-PLXXIV-TT98-20250630.pdf,,standard,131212245577.0,16084.21,127911325961.0,16109.96,207278888.0,-3508198504.0,,,,25.75,384984169755.0,127911325961.0,109683.76,1767000986.0,1.38,130239124543.0,16074.49,131212245577.0,16084.21,79150870.0,893970164.0,,,,9.72,384984169755.0,129568077223.0,100362.46,1614250883.0,1.23,-3508198504.0,8157829.671273877,7939890.971858404,0.0016009490052666386,1.3814265255437634,https://ssiam.com.vn/upload/files/QuanLyQuy/SSIBF_Bao-cao-tuan-ve-thay-doi-GTTSR-quy-mo-PLXXIV-TT98-20250707.pdf,superseded by a restatement with different figures
SSIBF,,,,,https://ssiam.com.vn/upload/files/QuanLyQuy/SSIBF_Bao-cao-tuan-ve-thay-doi-GTTSR-quy-mo-PLXXIV-TT98-20250707.pdf,,standard,127911325961.0,16109.96,134075363402.0,16099.27,-88800533.0,6252837974.0,,,,-10.69,384984169755.0,126118791922.0,109683.76,1765828467.0,1.32,131212245577.0,16084.21,127911325961.0,16109.96,207278888.0,-3508198504.0,,,,25.75,384984169755.0,127911325961.0,109683.76,1767000986.0,1.38,6252837974.0,7939890.971858404,8328039.92988502,-0.0006635646519295157,1.3170417160873116,https://ssiam.com.vn/upload/files/QuanLyQuy/SSIBF_Bao-cao-tuan-ve-thay-doi-GTTSR-quy-mo-PLXXIV-TT98-20250714.pdf,superseded by a restatement with different figures
SSIBF,,,,,https://ssiam.com.vn/upload/files/QuanLyQuy/SSIBF_Bao-cao-tuan-ve-thay-doi-GTTSR-quy-mo-PLXXIV-TT98-20250714.pdf,,standard,134075363402.0,16099.27,125270468531.0,16122.35,178353424.0,-8983248295.0,,,,23.08,384984169755.0,124755359247.0,111797.02,1802430685.0,1.44,127911325961.0,16109.96,134075363402.0,16099.27,-88800533.0,6252837974.0,,,,-10.69,384984169755.0,126118791922.0,109683.76,1765828467.0,1.32,-8983248295.0,8328039.92988502,7769988.155014622,0.0014336053746535349,1.43883127934016,https://ssiam.com.vn/upload/files/QuanLyQuy/SSIBF_Bao-cao-tuan-ve-thay-doi-GTTSR-quy-mo-PLXXIV-TT98-20250721.pdf,superseded by a restatement with different figures
SSIBF,,,,,https://ssiam.com.vn/upload/files/QuanLyQuy/SSIBF_Bao-cao-tuan-ve-thay-doi-GTTSR-quy-mo-PLXXIV-TT98-20250721.pdf,,standard,125270468531.0,16122.35,113438526477.0,16133.78,85769563.0,-11917711617.0,,,,11.43,384984169755.0,113438526477.0,111797.02,1803708525.0,1.59,134075363402.0,16099.27,125270468531.0,16122.35,178353424.0,-8983248295.0,,,,23.08,384984169755.0,124755359247.0,111797.02,1802430685.0,1.44,-11917711617.0,7769988.155014622,7031118.961396523,0.000708953719525951,1.5900316947132658,https://ssiam.com.vn/upload/files/QuanLyQuy/SSIBF_Bao-cao-tuan-ve-thay-doi-GTTSR-quy-mo-PLXXIV-TT98-20250728.pdf,superseded by a restatement with different figures
SSIBF,2023-06-06,2023-06-12,,6.0,https://ssiam.com.vn/upload/files/QuanLyQuy/SSIBF_Bao-cao-ve-thay-doi-GTTSR-quy-mo-PLXXIV-TT98-20230619.pdf,,standard,455474226909.0,13943.81,455951802382.0,13980.92,121097.0,-73340.0,,,,37.11,1808773684277.0,445198974045.0,90760.55,1268915989.0,0.28,455032095816.0,13913.83,455474226909.0,13943.81,979652188.0,-537521095.0,,,,29.98,1808773684277.0,445198974045.0,90760.55,1265547865.0,0.28,-73340.0,32664976.567308363,32612431.97028522,0.002661395988614368,0.2783004656130062,https://ssiam.com.vn/upload/files/QuanLyQuy/SSIBF_Bao-cao-ve-thay-doi-GTTSR-quy-mo.pdf,superseded by a restatement with different figures
SSIBF,2024-01-16,2024-01-22,,6.0,https://ssiam.com.vn/upload/files/QuanLyQuy/SSIBF_Bao-cao-tuan-ve-thay-doi-GTTSR-quy-mo-PLXXIV-TT98-20240122(1).pdf,,standard,118494186414.0,14766.53,112946421680.0,14808.42,322402603.0,-5870167337.0,,,,41.0,467729205231.0,112915310274.0,78751.95,1166191951.0,1.03,,,,-5547764734.0,,,,,,1.89,,,,,,-5870167337.0,8024511.270691218,7627175.733805497,0.002836820837393672,1.0325178377975153,https://ssiam.com.vn/upload/files/QuanLyQuy/SSIBF_Bao-cao-tuan-ve-thay-doi-GTTSR-quy-mo-PLXXIV-TT98-20240122.pdf,superseded by a restatement with different figures
SSIBF,2025-09-16,2025-09-22,,6.0,https://ssiam.com.vn/upload/files/QuanLyQuy/BCThayDoiGTTSR_TT98%20tuan_SSIBF%2020250922(1).pdf,,standard,113246393501.0,16290.31,108257839588.0,16287.18,-26666320.0,-4961887593.0,,,,-3.13,384984169755.0,107905977729.0,113900.1,1855111431.0,1.71,125314865824.0,16263.85,113246393501.0,16290.31,179444488.0,-12247916811.0,,,,26.46,384984169755.0,112581719904.0,113900.1,1855467938.0,1.64,-4961887593.0,6951764.177661444,6646812.989602866,-0.00019213876224577486,1.713604703419218,https://ssiam.com.vn/upload/files/QuanLyQuy/BCThayDoiGTTSR_TT98%20tuan_SSIBF%2020250929.pdf,superseded by a restatement with different figures
SSIBF,2025-09-16,2025-09-22,,6.0,https://ssiam.com.vn/upload/files/QuanLyQuy/BCThayDoiGTTSR_TT98%20tuan_SSIBF%2020250929.pdf,,standard,108257839588.0,16287.18,108966316601.0,16312.43,169587986.0,538889027.0,,,,25.25,384984169755.0,107905977729.0,113900.1,1857987408.0,1.71,113246393501.0,16290.31,108257839588.0,16287.18,-26666320.0,-4961887593.0,,,,-3.13,384984169755.0,107905977729.0,113900.1,1855111431.0,1.71,538889027.0,6646812.989602866,6679956.119413232,0.0015502990695750452,1.705102517875647,https://ssiam.com.vn/upload/files/QuanLyQuy/BCThayDoiGTTSR_TT98%20tuan_SSIBF%2020251006.pdf,superseded by a restatement with different figures
SSIBF,2025-10-07,2025-10-13,,6.0,https://ssiam.com.vn/upload/files/QuanLyQuy/BCThayDoiGTTSR_TT98%20tuan_SSIBF%2020251013.pdf,,standard,104973374340.0,16330.56,106012149291.0,16343.91,86425834.0,952349117.0,,,,13.35,384984169755.0,104259996745.0,113900.1,1861572983.0,1.76,108966316601.0,16312.43,104973374340.0,16330.56,117593600.0,-4110535861.0,,,,18.13,384984169755.0,104259996745.0,113900.1,1860052417.0,1.77,952349117.0,6428032.7398448065,6486339.516737427,0.0008174857445182315,1.7559996617840856,https://ssiam.com.vn/upload/files/QuanLyQuy/BCThayDoiGTTSR_TT98%20tuan_SSIBF%2020251020.pdf,superseded by a restatement with different figures
VCBF-AIF,2025-05-22,2025-05-28,2025-05-29,6.0,https://www.vcbf.com/images/2025/vcbaif_bc_tuan_20250528_1.xlsx,,standard,230800249664.0,9685.82,235389979847.0,9794.52,2604540468.0,1985189715.0,2235399374.0,-250209659.0,,,10201.1,8092.46,50638.02,495975100.0,0.21,229229073218.0,9671.69,230800249664.0,9685.82,341648032.0,1229528414.0,2394278344.0,-1164749930.0,,,10201.1,8092.46,50638.02,490470747.0,0.21,1985189715.0,23828674.254115812,24032824.46173983,0.011222591375846358,0.21070357384047378,https://www.vcbf.com/images/2025/vcbaif_bc_tuan_20250528_3.xlsx,"duplicate republication, identical figures"
VCBF-BCF,2025-05-22,2025-05-28,2025-05-29,6.0,https://www.vcbf.com/images/2025/vcbbcf_bc_tuan_20250528_1.xlsx,,standard,821137212412.0,35791.87,831844503392.0,36130.3,7791322579.0,2915968401.0,7528072235.0,-4612103834.0,,,36774.07,29253.38,2973089.81,107418626762.0,12.9,814314464919.0,35673.89,821137212412.0,35791.87,2728339039.0,4094408454.0,7421433836.0,-3327025382.0,,,36774.07,29253.38,2973089.81,106412443978.0,12.920000000000002,2915968401.0,22942003.656472825,23023459.627846986,0.009455499251645794,12.91330607150503,https://www.vcbf.com/images/2025/vcbbcf_bc_tuan_20250528_3.xlsx,"duplicate republication, identical figures"
VCBF-FIF,2023-07-13,2023-07-19,2023-07-20,6.0,https://www.vcbf.com/images/2023/vcbfif_bc_tuan_20230719_1.xlsx,,standard,91033333127.0,12944.27,90881626579.0,12901.64,-300258910.0,148552362.0,248217343.0,-99664981.0,,,12944.27,11843.42,169476.07,2186519244.0,2.4,90353013749.0,12810.73,91033333127.0,12944.27,941094403.0,-260775025.0,120407051.0,-381182076.0,,,12944.27,11833.3,169476.07,2193744009.0,2.41,148552362.0,7032712.7854255205,7044191.79104362,-0.003293349103502985,2.40589800854779,https://www.vcbf.com/images/2023/vcbfif_bc_tuan_20230719_2.xlsx,"duplicate republication, identical figures"
VCBF-FIF,2025-05-22,2025-05-28,2025-05-29,6.0,https://www.vcbf.com/images/2025/vcbfif_bc_tuan_20250528_1.xlsx,,standard,512742262525.0,14797.67,520917562280.0,14822.31,856594333.0,7318705422.0,10427026836.0,-3108321414.0,,,14829.23,13900.67,246945.43,3660301717.0,0.7000000000000001,509727332053.0,14790.06,512742262525.0,14797.67,261915584.0,2753014888.0,6921439037.0,-4168424149.0,,,14801.27,13878.67,246945.43,3654216981.0,0.7100000000000001,7318705422.0,34650202.533574544,35144155.14720715,0.0016651270098602122,0.7026642950910033,https://www.vcbf.com/images/2025/vcbfif_bc_tuan_20250528_3.xlsx,"duplicate republication, identical figures"
VCBF-MGF,2023-10-26,2023-11-01,2023-11-02,6.0,https://www.vcbf.com/images/2023/vcbmgf_bc_tuan_20231101_1.xlsx,,standard,317173003675.0,10177.46,297971948922.0,9560.46,-19228482007.0,27427254.0,1683885305.0,-1656458051.0,,,10946.13,6778.32,101170.75,967238909.0,0.32,315270731747.0,10154.0,317173003675.0,10177.46,735715173.0,1166556755.0,2670072887.0,-1503516132.0,,,10946.13,6778.32,101170.75,1029661261.0,0.32,27427254.0,31164259.4198356,31167114.231114406,-0.0606241635928807,0.32460737076065965,https://www.vcbf.com/images/2023/vcbmgf_bc_tuan_20231101_2.xlsx,"duplicate republication, identical figures"
VCBF-MGF,2025-05-22,2025-05-28,2025-05-29,6.0,https://www.vcbf.com/images/2025/vcbmgf_bc_tuan_20250528_1.xlsx,,standard,823054695895.0,12831.86,836897150591.0,13034.22,12996891564.0,845563132.0,5453778942.0,-4608215810.0,,,13931.95,10786.1,141920.76,1849826408.0,0.22,823790474750.0,12896.99,823054695895.0,12831.86,-4151273822.0,3415494967.0,8080498399.0,-4665003432.0,,,13931.95,10786.1,141920.76,1821107323.0,0.22,845563132.0,64141495.924597055,64207689.49664806,0.015770122180260637,0.2210338996486832,https://www.vcbf.com/images/2025/vcbmgf_bc_tuan_20250528_3.xlsx,"duplicate republication, identical figures"
VCBF-TBF,2022-07-14,2022-07-20,2022-07-21,6.0,https://www.vcbf.com/images/2022/vcbtbf_bc_tuan_20220720.pdf,,standard,242852990466.0,25316.86,244342316005.0,25513.44,1882304954.0,-392979415.0,200715432.0,-593694847.0,,196.58,28297.48,24761.92,3158193.53,80576381136.0,32.97,239444825272.0,25025.21,242852990466.0,25316.86,2797629210.0,610535984.0,728137074.0,-117601090.0,,291.65,28297.48,24497.12,3158193.53,79955543452.0,32.93,-392979415.0,9592539.93054431,9577003.963597227,0.007764785996367651,32.97684267441877,https://www.vcbf.com/images/2022/vcbtbf_bc_tuan_20220720_1.pdf,"duplicate republication, identical figures"
VCBF-TBF,2022-09-22,2022-09-28,2022-09-29,6.0,https://www.vcbf.com/images/2022/vcbtbf_bc_tuan_20220928.pdf,,standard,245712742147.0,25676.89,236850623147.0,24761.52,-8758694644.0,-103424356.0,315542923.0,-418967279.0,,-915.37,28297.48,24761.52,3159721.13,78239497955.0,33.02,250732517072.0,26168.28,245712742147.0,25676.89,-4710947346.0,-308827579.0,299671148.0,-608498727.0,,-491.39,28297.48,25025.21,3159721.13,81131811886.0,33.01,-103424356.0,9569412.111318778,9565269.948977284,-0.035649566594708304,33.03326667054665,https://www.vcbf.com/images/2022/vcbtbf_bc_tuan_20220928_1.pdf,"duplicate republication, identical figures"
VCBF-TBF,2024-12-19,2024-12-25,2024-12-26,6.0,https://www.vcbf.com/images/2024/vcbtbf_bc_tuan_20241225.xlsx,,standard,373402887974.0,32886.23,379192362521.0,33200.38,3588060122.0,2201414425.0,2773065238.0,-571650813.0,,,33200.38,27475.1,2973294.14,98714495300.0,25.970000000000006,371700570642.0,32926.67,373402887974.0,32886.23,-459312077.0,2161629409.0,4097604678.0,-1935975269.0,,,32964.83,26929.56,2973294.14,97780434946.0,26.08,2201414425.0,11354384.128980426,11421325.976419548,0.009552630386638894,26.03282794086685,https://www.vcbf.com/images/2024/vcbtbf_bc_tuan_20241225_1.xlsx,"duplicate republication, identical figures"
VCBF-TBF,2025-05-22,2025-05-28,2025-05-29,6.0,https://www.vcbf.com/images/2025/vcbtbf_bc_tuan_20250528_1.xlsx,,standard,427209719513.0,33351.63,431792961382.0,33592.36,3090895194.0,1492346675.0,4081902222.0,-2589555547.0,,,33910.97,29331.63,2810983.18,94427558937.0,21.85,423875053109.0,33284.82,427209719513.0,33351.63,877446898.0,2457219506.0,4056897343.0,-1599677837.0,,,33910.97,29331.63,2810983.18,93750870956.0,21.939999999999998,1492346675.0,12809260.582256401,12853903.726383023,0.007217938073791341,21.86871194814626,https://www.vcbf.com/images/2025/vcbtbf_bc_tuan_20250528_3.xlsx,"duplicate republication, identical figures"
VINACAPITAL-VESAF,2024-03-19,2024-03-25,2024-03-26,6.0,https://vinacapital.com/wp-content/uploads/2024/03/20240326_VESAF_BC_Weekly_20240325-1.xlsx,,standard,1785599565347.0,28386.57,1837376543240.0,28873.55,30872649191.0,20904328702.0,51627719530.0,-30723390828.0,,,29111.5,20705.25,15943974.26,460359137995.0,25.05,1730342700138.0,27960.34,1785599565347.0,28386.57,25720917833.0,29535947376.0,52728397334.0,-23192449958.0,,,29026.83,20393.2,15638798.89,443931859407.0,24.860000000000003,20904328702.0,62902970.14915857,63635283.61562745,0.017155295620428834,25.055241925708387,https://vinacapital.com/wp-content/uploads/2024/03/20240326_VESAF_BC_Weekly_20240325.xlsx,"duplicate republication, identical figures"
VINACAPITAL-VIBF,2025-04-15,2025-04-21,2025-04-22,6.0,https://vinacapital.com/wp-content/uploads/2025/04/20250422_VIBF_BC_Weekly_20250421-1.xlsx,,standard,1022565733589.0,17528.03,1023611196150.0,17415.58,-6561373173.0,7606835734.0,11137588773.0,-3530753039.0,,,18274.3,16043.42,3140950.3200000003,54701471574.0,5.34,1018581884893.0,17288.44,1022565733589.0,17528.03,13576897206.0,-9593048510.0,9884363254.0,-19477411764.0,,,18274.3,15942.84,2988462.02,52381851940.0,5.12,7606835734.0,58338885.407487325,58775601.854776,-0.006415438586081623,5.343969641963945,https://vinacapital.com/wp-content/uploads/2025/04/20250422_VIBF_BC_Weekly_20250421.xlsx,"duplicate republication, identical figures"
VINACAPITAL-VLBF,2026-02-12,2026-02-22,2026-02-23,10.0,https://vinacapital.com/wp-content/uploads/2026/02/20260223-VLBF-NAV-TUAN-TU-12.02.2026-den-22.02.2026-1.xlsx,,alt,46330693297.0,12349.21,46458284980.0,12365.72,62037523.0,65554160.0,,,0.0,16.51,,,112341.29000000234,1389180937.0,2.9899999999999998,46348386325.0,12338.72,46330693297.0,12349.21,39329385.0,-57022413.0,,,0.0,10.49,,,112341.29000000234,1387326182.0,2.9899999999999998,65554160.0,3751713.129584808,3757022.234047027,0.0013369276253298867,2.9901683576955835,https://vinacapital.com/wp-content/uploads/2026/02/20260223-VLBF-NAV-TUAN-TU-12.02.2026-den-22.02.2026-2.xlsx,"duplicate republication, identical figures"
VLGF,2023-02-09,2023-02-15,2023-02-16,6.0,https://ssiam.com.vn/upload/files/QuanLyQuy/Bao-cao-ve-thay-doi-gia-tri-tai-san-rong-quy-mo-PLXXIV-TT98-2020-TT-BTC_VLGF_TUAN_230215(1).pdf,,standard,2689734567811.0,8571.07,2672019857535.0,8440.54,-40758712876.0,23044002600.0,23138684710.0,-94682110.0,,-130.53,10523.99,7089.5,311433725.27,2628668815490.0,98.38,2712225077040.0,8722.09,2689734567811.0,8571.07,-47513448325.0,25022939096.0,25101533990.0,-78594894.0,,-151.02,10523.99,7089.5,308688740.66,2645792804409.0,98.37,23044002600.0,313815494.1927904,316569776.0492812,-0.015229137085567945,98.37759281905217,https://ssiam.com.vn/upload/files/QuanLyQuy/Bao-cao-ve-thay-doi-gia-tri-tai-san-rong-quy-mo-PLXXIV-TT98-2020-TT-BTC_VLGF_TUAN_230215(2).pdf,"duplicate republication, identical figures"
VLGF,2024-09-26,2024-10-02,2024-10-03,6.0,https://ssiam.com.vn/upload/files/QuanLyQuy/Bao-cao-ve-thay-doi-gia-tri-tai-san-rong-quy-mo-PLXXIV-TT98-2020-TT-BTC_VLGF_TUAN_241002(1).pdf,,standard,4609792722469.0,12365.96,4581170089603.0,12256.0,-41073481541.0,12450848675.0,13832749230.0,-1381900555.0,,-109.96,12365.96,8683.83,367172558.09,4500066871951.0,98.23,4518193254961.0,12120.61,4609792722469.0,12365.96,91462739273.0,136728235.0,1208345512.0,-1071617277.0,,245.35,12365.96,8683.83,366185776.77,4528238668107.0,98.23,12450848675.0,372780821.09832156,373789987.72870433,-0.008892152327841796,98.22963967576615,https://ssiam.com.vn/upload/files/QuanLyQuy/Bao-cao-ve-thay-doi-gia-tri-tai-san-rong-quy-mo-PLXXIV-TT98-2020-TT-BTC_VLGF_TUAN_241002.pdf,"duplicate republication, identical figures"
DCBF,2025-01-17,2025-01-21,2025-01-22,4.0,https://vfmcomvnaz.azureedge.net/dcvfmcomvn/uploads/vfm_files/report/2025/01/DCBF_BC_TUAN_20250121.xlsx,,standard,1684547653298.0,27179.98,1664738361026.0,27202.18,1358406495.0,-21167698767.0,6315121930.0,-27482820697.0,,,27202.18,25503.69,512860.79,13950931525.0,0.84,1676225301323.0,27146.34,1684547653298.0,27179.98,2092918646.0,6229433329.0,32977342794.0,-26747909465.0,,,27179.98,25456.36,512860.79,13939546015.0,0.83,-21167698767.0,61977516.29316872,61198711.31747529,0.0008167776429564011,0.8380254730480204,https://vfmcomvnaz.azureedge.net/dcvfmcomvn/uploads/vfm_files/report/2025/01/DCBF_BC_TUAN_20250123.xlsx,superseded by a later filing with the same opening boundary and a longer period
VINACAPITAL-VEOF,2021-01-05,2021-01-06,2021-01-07,1.0,https://vinacapital.com/wp-content/uploads/2022/07/20210106-veof-changes-of-nav-weekly-report.xlsx,,standard,331190021791.0,17274.52,339432454690.0,17629.5,6834648517.0,1407784382.0,2760105498.0,-1352321116.0,0.0,,17629.5,10253.94,277840.18,4898183453.0,1.43,320725683280.0,16838.11,331190021791.0,17274.52,8367039340.0,2097299171.0,4085452778.0,-1988153607.0,0.0,,17274.52,10253.94,277840.18,4799555746.0,1.44,1407784382.0,19172169.286961373,19253663.160611477,0.020549340878936118,1.4430510062667574,https://vinacapital.com/wp-content/uploads/2022/07/20210111-veof-changes-of-nav-weekly-report.xlsx,superseded by a later filing with the same opening boundary and a longer period
VINACAPITAL-VEOF,2021-01-12,2021-01-13,2021-01-14,1.0,https://vinacapital.com/wp-content/uploads/2022/07/20210113-veof-changes-of-nav-weekly-report.xlsx,,standard,354508576710.0,18221.19,348825991640.0,18372.58,2874315373.0,-8556900443.0,8029306914.0,-16586207357.0,0.0,,18372.58,10253.94,323972.48,5952210307.0,1.71,339432454690.0,17629.5,354508576710.0,18221.19,11511745412.0,3564376608.0,4584668583.0,-1020291975.0,0.0,,18221.19,10253.94,323972.48,5903164113.0,1.71,-8556900443.0,19455841.06800928,18986227.935325358,0.008308458448652578,1.706355159779171,https://vinacapital.com/wp-content/uploads/2022/07/20210118-veof-changes-of-nav-weekly-report.xlsx,superseded by a later filing with the same opening boundary and a longer period
VINACAPITAL-VEOF,2021-01-19,2021-01-20,2021-01-21,1.0,https://vinacapital.com/wp-content/uploads/2022/07/20210120-veof-changes-of-nav-weekly-report.xlsx,,standard,351346543520.0,18507.72,329878704779.0,17754.47,-13995527787.0,-7472310954.0,4754402469.0,-12226713423.0,0.0,,18507.72,10253.94,339427.54,6026356076.0,1.8499999999999999,348825991640.0,18372.58,351346543520.0,18507.72,2565593464.0,-45041584.0,11236807988.0,-11281849572.0,0.0,,18507.72,10253.94,339145.93,6276817912.0,1.83,-7472310954.0,18983783.17372426,18580036.733228307,-0.04069923253647667,1.8268399835137332,https://vinacapital.com/wp-content/uploads/2022/07/20210125-veof-changes-of-nav-weekly-report.xlsx,superseded by a later filing with the same opening boundary and a longer period
VINACAPITAL-VEOF,2021-01-26,2021-01-27,2021-01-28,1.0,https://vinacapital.com/wp-content/uploads/2022/07/20210127-veof-changes-of-nav-weekly-report.xlsx,,standard,340265317247.0,18523.9,316144711357.0,17503.38,-18432518040.0,-5688087850.0,4344490104.0,-10032577954.0,0.0,,18523.9,10253.94,339983.11,5950853568.0,1.83,329878704779.0,17754.47,340265317247.0,18523.9,14133593175.0,-3746980707.0,6670992347.0,-10417973054.0,0.0,,18523.9,10253.94,339697.46,6292521779.0,1.8800000000000001,-5688087850.0,18368989.103104636,18061923.54602368,-0.055092070244387004,1.8823195056646445,https://vinacapital.com/wp-content/uploads/2022/07/20210201-veof-changes-of-nav-weekly-report.xlsx,superseded by a later filing with the same opening boundary and a longer period
VINACAPITAL-VEOF,2021-02-02,2021-02-03,2021-02-04,1.0,https://vinacapital.com/wp-content/uploads/2022/07/20210203-veof-changes-of-nav-weekly-report.xlsx,,standard,306501602846.0,16493.11,320897934002.0,17712.99,22100087440.0,-7703756284.0,5122144025.0,-12825900309.0,0.0,,18523.9,10253.94,340286.26,6027487121.0,1.9,316144711357.0,17503.38,306501602846.0,16493.11,-18774479090.0,9131370579.0,13090264764.0,-3958894185.0,0.0,,18523.9,10253.94,340286.26,5612378718.0,1.8800000000000001,-7703756284.0,18583614.78496172,18116531.08831428,0.07396300637053899,1.87831907978642,https://vinacapital.com/wp-content/uploads/2022/07/20210208-veof-changes-of-nav-weekly-report.xlsx,superseded by a later filing with the same opening boundary and a longer period
VINACAPITAL-VEOF,2021-02-16,2021-02-17,2021-02-18,1.0,https://vinacapital.com/wp-content/uploads/2022/07/20210217-veof-changes-of-nav-weekly-report.xlsx,,standard,323682263139.0,18001.96,338721155419.0,18838.37,15038892280.0,0.0,0.0,0.0,0.0,,18838.37,10253.94,340764.0,6419438315.0,1.92,313610945492.0,17479.42,323682263139.0,18001.96,9395396124.0,675921523.0,2169632178.0,-1493710655.0,0.0,,18523.9,10253.94,340286.26,6125819641.0,1.8900000000000001,0.0,17980390.087468255,17980385.533302512,0.04646216300891681,1.8951985172166521,https://vinacapital.com/wp-content/uploads/2022/07/20210222-veof-changes-of-nav-weekly-report.xlsx,superseded by a later filing with the same opening boundary and a longer period
VINACAPITAL-VEOF,2021-02-23,2021-02-24,2021-02-25,1.0,https://vinacapital.com/wp-content/uploads/2022/07/20210224-veof-changes-of-nav-weekly-report.xlsx,,standard,337632951904.0,19032.93,311129711712.0,18799.94,-3855811665.0,-22647428527.0,843857221.0,-23491285748.0,0.0,,19032.93,10253.94,310303.54,5833687934.0,1.8900000000000001,338721155419.0,18838.37,337632951904.0,19032.93,3451395432.0,-4539598947.0,301276457.0,-4840875404.0,0.0,,19032.93,10253.94,340764.0,6485737359.0,2.06,-22647428527.0,17739410.16459368,16549505.56820926,-0.012241415273423595,1.8750018768377883,https://vinacapital.com/wp-content/uploads/2022/07/20210301-veof-changes-of-nav-weekly-report.xlsx,superseded by a later filing with the same opening boundary and a longer period
VINACAPITAL-VEOF,2021-03-09,2021-03-10,2021-03-11,1.0,https://vinacapital.com/wp-content/uploads/2022/07/20210310-veof-changes-of-nav-weekly-report.xlsx,,standard,303807985472.0,18906.48,296697942184.0,18965.19,918496346.0,-8028539634.0,2016525185.0,-10045064819.0,0.0,,19284.47,10253.94,311349.37,5904799958.0,1.9900000000000002,318000337767.0,19284.47,303807985472.0,18906.48,-6073940656.0,-8118411639.0,712634279.0,-8831045918.0,0.0,,19284.47,10253.94,310822.09,5876551628.0,1.9900000000000002,-8028539634.0,16068987.218773669,15644343.2511881,0.0031052845373649163,1.990172198207591,https://vinacapital.com/wp-content/uploads/2022/07/20210315-veof-changes-of-nav-weekly-report.xlsx,superseded by a later filing with the same opening boundary and a longer period
VINACAPITAL-VEOF,2021-03-23,2021-03-24,2021-03-25,1.0,https://vinacapital.com/wp-content/uploads/2022/07/20210324-veof-changes-of-nav-weekly-report.xlsx,,standard,299072350149.0,19448.25,285565066359.0,18879.33,-8605379781.0,-4901904009.0,1446389479.0,-6348293488.0,0.0,,19448.25,10253.94,311453.03,5880024533.0,2.02,300197697986.0,19374.96,299072350149.0,19448.25,1126947123.0,-2252294960.0,1287449201.0,-3539744161.0,0.0,,19448.25,10253.94,311453.03,6057216391.0,2.06,-4901904009.0,15377854.056226138,15125805.119090559,-0.02925301762369359,2.0590839796937517,https://vinacapital.com/wp-content/uploads/2022/07/20210329-veof-changes-of-nav-weekly-report.xlsx,superseded by a later filing with the same opening boundary and a longer period
VINACAPITAL-VEOF,2021-03-30,2021-03-31,2021-04-01,1.0,https://vinacapital.com/wp-content/uploads/2022/07/20210331-veof-changes-of-nav-weekly-report.xlsx,,standard,293422381199.0,19010.42,293456329693.0,19054.69,681728853.0,-647780359.0,1266711703.0,-1914492062.0,0.0,,19448.25,11256.75,311979.05,5944664084.0,2.11,285565066359.0,18879.33,293422381199.0,19010.42,2023416575.0,5833898265.0,7199895572.0,-1365997307.0,0.0,,19448.25,10253.94,311979.05,5930852772.0,2.03,-647780359.0,15434818.44162307,15400740.169113223,0.002328722879347156,2.0257406239010156,https://vinacapital.com/wp-content/uploads/2022/07/20210405-veof-changes-of-nav-weekly-report.xlsx,superseded by a later filing with the same opening boundary and a longer period
VINACAPITAL-VEOF,2021-04-06,2021-04-07,2021-04-08,1.0,https://vinacapital.com/wp-content/uploads/2022/07/20210407-veof-changes-of-nav-weekly-report.xlsx,,standard,290736575372.0,19685.15,290554099371.0,19852.23,2445409271.0,-2627885272.0,572422673.0,-3200307945.0,0.0,,19852.23,11407.32,311979.05,6193479856.0,2.16,293456329693.0,19054.69,290736575372.0,19685.15,9311429030.0,-12031183351.0,669216654.0,-12700400005.0,0.0,,19685.15,11256.75,311979.05,6141354396.0,2.13,-2627885272.0,14769335.025234757,14635841.886327129,0.008487616299596379,2.1316098686639857,https://vinacapital.com/wp-content/uploads/2022/07/20210412-veof-changes-of-nav-weekly-report.xlsx,superseded by a later filing with the same opening boundary and a longer period
VINACAPITAL-VEOF,2021-04-13,2021-04-14,2021-04-15,1.0,https://vinacapital.com/wp-content/uploads/2022/07/20210414-veof-changes-of-nav-weekly-report.xlsx,,standard,289445120868.0,20039.54,284008551076.0,19938.77,-1435477130.0,-4001092662.0,3866889247.0,-7867981909.0,0.0,,20039.54,11731.79,312677.66,6234407947.0,2.1999999999999997,290554099371.0,19852.23,289445120868.0,20039.54,2705475521.0,-3814454024.0,661618942.0,-4476072966.0,0.0,,20039.54,11568.04,312677.66,6265916475.0,2.1999999999999997,-4001092662.0,14443700.846825825,14244035.669000644,-0.005028558539766914,2.1951479712072777,https://vinacapital.com/wp-content/uploads/2022/07/20210419-veof-changes-of-nav-weekly-report.xlsx,superseded by a later filing with the same opening boundary and a longer period
VINACAPITAL-VEOF,2021-04-20,2021-04-20,2021-04-22,0.0,https://vinacapital.com/wp-content/uploads/2022/07/20210420-veof-changes-of-nav-weekly-report.xlsx,,standard,285064922275.0,20098.03,289158948513.0,20238.71,2009916938.0,2084109300.0,7135442245.0,-5051332945.0,0.0,,20238.71,11731.79,313175.22,6338262457.0,2.19,284008551076.0,19938.77,285064922275.0,20098.03,2258951300.0,-1202580101.0,1583842076.0,-2786422177.0,0.0,,20098.03,11731.79,313175.22,6294204967.0,2.19,2084109300.0,14183724.58768347,14287419.92513357,0.006999691014492493,2.1919648309673683,https://vinacapital.com/wp-content/uploads/2022/07/20210426-veof-changes-of-nav-weekly-report.xlsx,superseded by a later filing with the same opening boundary and a longer period
VINACAPITAL-VEOF,2021-04-27,2021-04-28,2021-04-29,1.0,https://vinacapital.com/wp-content/uploads/2022/07/20210428-veof-changes-of-nav-weekly-report.xlsx,,standard,281134274579.0,19696.25,287899651404.0,19868.42,2494663563.0,4270713262.0,5999258724.0,-1728545462.0,0.0,,20238.71,11731.79,313175.22,6222296805.0,2.12,289158948513.0,20238.71,281134274579.0,19696.25,-7742723474.0,-281950460.0,1719000000.0,-2000950460.0,0.0,,20238.71,11731.79,313175.22,6168377427.0,2.16,4270713262.0,14273492.394694421,14490314.34829745,0.008741257853652318,2.1612727819070745,https://vinacapital.com/wp-content/uploads/2022/07/20210429-veof-changes-of-nav-weekly-report.xlsx,superseded by a later filing with the same opening boundary and a longer period
VINACAPITAL-VEOF,2021-04-30,2021-05-05,2021-05-06,5.0,https://vinacapital.com/wp-content/uploads/2022/07/20210505-veof-changes-of-nav-weekly-report.xlsx,,standard,297806515616.0,20131.42,304682900214.0,20581.49,6662684833.0,213699765.0,326200583.0,-112500818.0,0.0,,20581.49,11960.58,313175.22,6445612659.0,2.11,287899651404.0,19868.42,297806515616.0,20131.42,3890653862.0,6016210350.0,11281500000.0,-5265289650.0,0.0,,20238.71,11731.79,313175.22,6304661887.0,2.12,213699765.0,14793120.188044362,14803733.850853363,0.022356594815467812,2.1155150664749476,https://vinacapital.com/wp-content/uploads/2022/07/20210510-veof-changes-of-nav-weekly-report.xlsx.xlsx,superseded by a later filing with the same opening boundary and a longer period
VINACAPITAL-VEOF,2021-05-11,2021-05-12,2021-05-13,1.0,https://vinacapital.com/wp-content/uploads/2022/07/20210512-veof-changes-of-nav-weekly-report.xlsx.xlsx,,standard,308556277866.0,20801.25,314848732266.0,21122.56,4789259032.0,1503195368.0,4382314685.0,-2879119317.0,0.0,,21122.56,12235.88,313848.25,6629278492.0,2.13,304682900214.0,20581.49,308556277866.0,20801.25,3259908986.0,613468666.0,2031104820.0,-1417636154.0,0.0,,20801.25,12235.88,313848.25,6528435910.0,2.11,1503195368.0,14833544.99686317,14905803.665180735,0.015446667868517672,2.105543968460147,https://vinacapital.com/wp-content/uploads/2022/07/20210517-veof-changes-of-nav-weekly-report.xlsx,superseded by a later filing with the same opening boundary and a longer period
VINACAPITAL-VEOF,2021-05-18,2021-05-19,2021-05-20,1.0,https://vinacapital.com/wp-content/uploads/2022/07/20210519-veof-changes-of-nav-weekly-report.xlsx,,standard,307484494401.0,20878.45,311416417633.0,21227.31,5117865428.0,-1185942196.0,3731689832.0,-4917632028.0,0.0,,21227.31,12235.88,314327.21,6672321128.0,2.12,314848732266.0,21122.56,307484494401.0,20878.45,-3595027551.0,-3769210314.0,2705414707.0,-6474625021.0,0.0,,21122.56,12235.88,314327.21,6562664938.0,2.1399999999999997,-1185942196.0,14727362.155763479,14670554.942336075,0.016709094784335132,2.142572051504118,https://vinacapital.com/wp-content/uploads/2022/07/20210524-veof-changes-of-nav-weekly-report.xlsx,superseded by a later filing with the same opening boundary and a longer period
VINACAPITAL-VEOF,2021-06-01,2021-06-02,2021-06-03,1.0,https://vinacapital.com/wp-content/uploads/2022/07/20210602-veof-changes-of-nav-weekly-report.xlsx,,standard,320509510223.0,22457.68,324587654991.0,22692.29,3355770749.0,722374019.0,5514329998.0,-4791955979.0,0.0,,22692.29,12235.88,315229.93,7153288988.0,2.16,322021055345.0,22151.82,320509510223.0,22457.68,4365159649.0,-5876704771.0,1367506349.0,-7244211120.0,0.0,,22457.68,12235.88,315229.93,7079332894.0,2.1999999999999997,722374019.0,14271710.622958383,14303873.914488137,0.010446760306496605,2.203808086354468,https://vinacapital.com/wp-content/uploads/2022/07/20210607-veof-changes-of-nav-weekly-report.xlsx,superseded by a later filing with the same opening boundary and a longer period
VINACAPITAL-VEOF,2021-06-08,2021-06-09,2021-06-10,1.0,https://vinacapital.com/wp-content/uploads/2022/07/20210609-veof-changes-of-nav-weekly-report.xlsx,,standard,331619125519.0,22762.65,326442961104.0,22207.58,-8159351424.0,2983187009.0,8055884764.0,-5072697755.0,0.0,,22762.65,12235.88,316119.53,7020249752.0,2.1399999999999997,324587654991.0,22692.29,331619125519.0,22762.65,1025142924.0,6006327604.0,10476057918.0,-4469730314.0,0.0,,22762.65,12235.88,315669.24,7185468426.0,2.15,2983187009.0,14568564.095964221,14699618.828526115,-0.02438512211890964,2.150528756465804,https://vinacapital.com/wp-content/uploads/2022/07/20210614-veof-changes-of-nav-weekly-report.xlsx,superseded by a later filing with the same opening boundary and a longer period
VINACAPITAL-VEOF,2021-06-15,2021-06-16,2021-06-17,1.0,https://vinacapital.com/wp-content/uploads/2022/07/20210616-veof-changes-of-nav-weekly-report.xlsx,,standard,338433420769.0,22880.07,329428354644.0,22699.68,-2617951413.0,-6387114712.0,3595584527.0,-9982699239.0,0.0,,22880.07,12235.88,338676.05,7687837959.0,2.31,326442961104.0,22207.58,338433420769.0,22880.07,9947135462.0,2043324203.0,7041964648.0,-4998640445.0,0.0,,22880.07,12235.88,338147.42,7736836640.0,2.33,-6387114712.0,14791625.234057413,14512466.900150133,-0.007884154200577198,2.333690421793819,https://vinacapital.com/wp-content/uploads/2022/07/20210621-veof-changes-of-nav-weekly-report.xlsx.xlsx,superseded by a later filing with the same opening boundary and a longer period
VINACAPITAL-VEOF,2021-06-22,2021-06-23,2021-06-24,1.0,https://vinacapital.com/wp-content/uploads/2022/07/20210623-veof-changes-of-nav-weekly-report.xlsx,,standard,337255367372.0,23045.81,343627902753.0,23112.93,997881832.0,5374653549.0,6986329777.0,-1611676228.0,0.0,,23112.93,12235.88,338676.05,7827795836.0,2.25,329428354644.0,22699.68,337255367372.0,23045.81,5065302936.0,2761709792.0,6106193251.0,-3344483459.0,0.0,,23045.81,12235.88,338676.05,7805063900.0,2.2800000000000002,5374653549.0,14634129.473947758,14867344.934328966,0.0029124600089993624,2.277986092889152,https://vinacapital.com/wp-content/uploads/2022/07/20210628-veof-changes-of-nav-weekly-report.xlsx,superseded by a later filing with the same opening boundary and a longer period
VINACAPITAL-VEOF,2021-06-29,2021-06-30,2021-07-01,1.0,https://vinacapital.com/wp-content/uploads/2022/07/20210630-veof-changes-of-nav-weekly-report.xlsx,,standard,354884358025.0,23528.12,359036915979.0,23610.46,1252103755.0,2900454199.0,8730370593.0,-5829916394.0,0.0,,23610.46,12235.88,339101.07,8006332249.0,2.21,343627902753.0,23112.93,354884358025.0,23528.12,6262503381.0,4993951891.0,6644088662.0,-1650136771.0,0.0,,23528.12,12235.88,339101.07,7978410667.0,2.23,2900454199.0,15083413.295452422,15206688.729444493,0.003499642130353031,2.229946808441361,https://vinacapital.com/wp-content/uploads/2022/07/20210705-veof-changes-of-nav-weekly-report.xlsx,superseded by a later filing with the same opening boundary and a longer period
VINACAPITAL-VEOF,2021-07-06,2021-07-07,2021-07-08,1.0,https://vinacapital.com/wp-content/uploads/2022/07/20210707-veof-changes-of-nav-weekly-report.xlsx,,standard,368957439467.0,24041.78,368819582030.0,23573.6,-7324935626.0,7187078189.0,8023642699.0,-836564510.0,0.0,,24041.78,12235.88,340026.05,8015638092.0,2.11,359036915979.0,23610.46,368957439467.0,24041.78,6619290093.0,3301233395.0,4626589806.0,-1325356411.0,0.0,,24041.78,12235.88,339517.01,8162593261.0,2.17,7187078189.0,15346510.926686794,15645450.08102284,-0.019473599708507483,2.173322264474559,https://vinacapital.com/wp-content/uploads/2022/07/20210712-veof-changes-of-nav-weekly-report.xlsx,superseded by a later filing with the same opening boundary and a longer period
VINACAPITAL-VEOF,2021-07-13,2021-07-14,2021-07-15,1.0,https://vinacapital.com/wp-content/uploads/2022/07/20210714-veof-changes-of-nav-weekly-report.xlsx,,standard,362060996204.0,22503.0,358095774508.0,22145.71,-5777399528.0,1812177832.0,4255117237.0,-2442939405.0,0.0,,24041.78,12235.88,340559.3,7541927496.0,2.09,368819582030.0,23573.6,362060996204.0,22503.0,-17225360515.0,10466774689.0,15384518310.0,-4917743621.0,0.0,,24041.78,12235.88,340559.3,7663605928.0,2.11,1812177832.0,16089454.570679465,16169983.915981922,-0.015877438563747126,2.1061202150073153,https://vinacapital.com/wp-content/uploads/2022/07/20210719-veof-changes-of-nav-weekly-report.xlsx,superseded by a later filing with the same opening boundary and a longer period
VINACAPITAL-VEOF,2021-07-27,2021-07-28,2021-07-29,1.0,https://vinacapital.com/wp-content/uploads/2022/07/20210728-veof-changes-of-nav-weekly-report.xlsx,,standard,370117015320.0,22701.48,372794879277.0,22678.44,-378720554.0,3056584511.0,4283597012.0,-1227012501.0,0.0,,24041.78,12376.07,387011.07,8776807330.0,2.34,363037228343.0,22299.64,370117015320.0,22701.48,6551457970.0,528329007.0,1695902031.0,-1167573024.0,0.0,,24041.78,12235.88,387011.07,8785724065.0,2.35,3056584511.0,16303651.361937637,16438294.665638378,-0.001014911803107199,2.3543261503542587,https://vinacapital.com/wp-content/uploads/2022/07/20210802-veof-changes-of-nav-weekly-report.xlsx,superseded by a later filing with the same opening boundary and a longer period
VINACAPITAL-VEOF,2021-08-03,2021-08-04,2021-08-05,1.0,https://vinacapital.com/wp-content/uploads/2022/07/20210804-veof-changes-of-nav-weekly-report.xlsx,,standard,385771928172.0,23327.0,391574671861.0,23596.45,4471274917.0,1331468772.0,1923571248.0,-592102476.0,0.0,,24041.78,13077.48,387011.07,9132087363.0,2.31,372794879277.0,22678.44,385771928172.0,23327.0,10725616541.0,2251432354.0,4020814675.0,-1769382321.0,0.0,,24041.78,12727.76,387011.07,9027807230.0,2.33,1331468772.0,16537571.405324303,16594643.340883903,0.011550992412226124,2.3321445484711227,https://vinacapital.com/wp-content/uploads/2022/07/20210809-veof-changes-of-nav-weekly-report.xlsx,superseded by a later filing with the same opening boundary and a longer period
VINACAPITAL-VEOF,2021-08-10,2021-08-11,2021-08-12,1.0,https://vinacapital.com/wp-content/uploads/2022/07/20210811-veof-changes-of-nav-weekly-report.xlsx,,standard,404818550834.0,24116.06,403629907352.0,24042.18,-1240253100.0,51609618.0,4014677483.0,-3963067865.0,0.0,,24116.06,13202.6,387509.54,9316574112.0,2.35,391574671861.0,23596.45,404818550834.0,24116.06,8722303117.0,4521575856.0,4739301717.0,-217725861.0,0.0,,24116.06,13128.99,387218.4,9338182168.0,2.31,51609618.0,16786264.042882625,16788407.18071323,-0.0030635186676430948,2.308197173277139,https://vinacapital.com/wp-content/uploads/2022/07/20210816-veof-changes-of-nav-weekly-report.xlsx,superseded by a later filing with the same opening boundary and a longer period
VINACAPITAL-VEOF,2021-08-17,2021-08-18,2021-08-19,1.0,https://vinacapital.com/wp-content/uploads/2022/07/20210818-veof-changes-of-nav-weekly-report.xlsx,,standard,402439553851.0,24423.21,400963522488.0,24338.8,-1390617706.0,-85413657.0,4486943165.0,-4572356822.0,0.0,,24423.21,13356.25,387714.97,9436517112.0,2.36,403629907352.0,24042.18,402439553851.0,24423.21,6278420615.0,-7468774116.0,7708949770.0,-15177723886.0,0.0,,24423.21,13302.2,387509.54,9464226872.0,2.35,-85413657.0,16477750.215921659,16474251.914145315,-0.003456138648441409,2.353460248315335,https://vinacapital.com/wp-content/uploads/2022/07/20210823-veof-changes-of-nav-weekly-report.xlsx,superseded by a later filing with the same opening boundary and a longer period
VINACAPITAL-VEOF,2021-08-24,2021-08-25,2021-08-26,1.0,https://vinacapital.com/wp-content/uploads/2022/07/20210825-veof-changes-of-nav-weekly-report.xlsx,,standard,379669557438.0,23078.82,389545345318.0,23276.97,3316030108.0,6559757772.0,9463547135.0,-2903789363.0,0.0,,24423.21,13707.48,387714.97,9024829725.0,2.2800000000000002,400963522488.0,24338.8,379669557438.0,23078.82,-20727910998.0,-566054052.0,7124640936.0,-7690694988.0,0.0,,24423.21,13637.88,387714.97,8948004004.0,2.32,6559757772.0,16450995.217173148,16735225.646551074,0.008585794247712997,2.31675973887782,https://vinacapital.com/wp-content/uploads/2022/07/20210830-veof-changes-of-nav-weekly-report.xlsx,superseded by a later filing with the same opening boundary and a longer period
