fund_code,sample_start,sample_end,n_observations,n_months,n_funds,total_subscriptions_vnd,total_redemptions_vnd,total_net_flow_vnd,redemptions_per_100_subscriptions,retained_net_per_100_subscriptions,metric_scope,redemption_per_100_subs,retained_net_per_100_subs,manager_id,asset_class,fund_name
DCBF,2021-06,2026-08,59,59,1,4936108900799.0,5425852019967.0,-489743119168.0,109.92164332291628,-9.921643322916276,aggregate_book_flow_not_customer_cohort_retention,109.92164332291628,-9.921643322916276,dcvfm,bond,DC Bond Fund
DCDE,2021-06,2026-08,62,62,1,2015471816338.0,1433012705042.0,582459111296.0,71.10060748186021,28.899392518139784,aggregate_book_flow_not_customer_cohort_retention,71.10060748186021,28.899392518139784,dcvfm,equity,DC Dividend Focus Equity Fund
DCDS,2021-06,2026-08,62,62,1,11660132067694.0,7216751404824.0,4443380662870.0,61.89253571851903,38.10746428148097,aggregate_book_flow_not_customer_cohort_retention,61.89253571851903,38.10746428148097,dcvfm,equity,DC Dynamic Securities Fund
SSI-SCA,2021-07,2025-07,47,47,1,1097825916229.0,983619087570.0,114206828659.0,89.5970001280989,10.402999871901105,aggregate_book_flow_not_customer_cohort_retention,89.5970001280989,10.402999871901105,ssiam,equity,SSI Sustainable Competitive Advantage Fund
VCBF-AIF,2025-06,2026-08,15,15,1,384787542514.0,153072522701.0,231715019813.0,39.7810494853613,60.2189505146387,aggregate_book_flow_not_customer_cohort_retention,39.7810494853613,60.2189505146387,vcbf,bond,VCBF Active Income Fund
VCBF-BCF,2022-08,2026-08,48,48,1,1767547349060.0,782754223041.0,984793126019.0,44.28476688091421,55.71523311908579,aggregate_book_flow_not_customer_cohort_retention,44.28476688091421,55.71523311908579,vcbf,equity,VCBF Blue Chip Fund
VCBF-FIF,2022-07,2026-08,47,47,1,1097526576485.0,735410596432.0,362115980053.0,67.00617663284903,32.99382336715097,aggregate_book_flow_not_customer_cohort_retention,67.00617663284903,32.99382336715097,vcbf,bond,VCBF Fixed Income Fund
VCBF-MGF,2022-10,2026-08,45,45,1,1215828012973.0,774472284678.0,441355728295.0,63.69916438956064,36.30083561043936,aggregate_book_flow_not_customer_cohort_retention,63.69916438956064,36.30083561043936,vcbf,equity,VCBF Midcap Growth Fund
VCBF-TBF,2022-07,2026-08,48,48,1,762221738087.0,334317526771.0,427904211316.0,43.860927872519035,56.139072127480965,aggregate_book_flow_not_customer_cohort_retention,43.860927872519035,56.139072127480965,vcbf,balanced,VCBF Tactical Balanced Fund
VINACAPITAL-VEOF,2021-01,2026-08,64,64,1,3571980402202.0,2765850263669.0,806130138533.0,77.43184318603626,22.56815681396374,aggregate_book_flow_not_customer_cohort_retention,77.43184318603626,22.56815681396374,vinacapital,equity,VinaCapital Leading Enterprise Equity Fund
VINACAPITAL-VESAF,2021-01,2026-08,64,64,1,5637554114448.0,4275767780783.0,1361786333665.0,75.84437672757774,24.155623272422265,aggregate_book_flow_not_customer_cohort_retention,75.84437672757774,24.155623272422265,vinacapital,equity,VinaCapital Strategic Growth Equity Fund
VINACAPITAL-VFF,2021-01,2026-08,61,61,1,4107762348212.0,4468231682971.0,-360469334759.0,108.77532106782913,-8.775321067829125,aggregate_book_flow_not_customer_cohort_retention,108.77532106782913,-8.775321067829125,vinacapital,bond,VinaCapital Enhanced Fixed Income Fund
VINACAPITAL-VIBF,2021-01,2026-08,64,64,1,3269243049786.0,2232629580525.0,1036613469261.0,68.29194240150315,31.70805759849685,aggregate_book_flow_not_customer_cohort_retention,68.29194240150315,31.70805759849685,vinacapital,balanced,VinaCapital Integrated Balanced Fund
VLGF,2022-11,2025-03,27,27,1,2071318962979.0,633321499120.0,1439262453651.0,30.575759235513786,69.48531246877751,aggregate_book_flow_not_customer_cohort_retention,30.575759235513786,69.48531246877751,ssiam,equity,Vietnam Long-term Growth Fund
