fund_code,manager_id,asset_class,subscriptions,redemptions,mean_redemption_rate,n_months,redemptions_per_100_subs,median_opening_foreign_share,fee_at_6m,fee_at_12m,fee_at_18m,mean_fee_first_24m,fee_verified
VLGF,ssiam,equity,2125226281613.0,-635128501221.0,0.007225000258455607,28,29.88521771615545,0.9825257624792144,0.0,0.0,0.0,0.0,True
VCBF-MGF,vcbf,equity,638710011197.0,-273736937106.0,0.023520226432331176,29,42.85778088760381,0.0030696561295892,2.0,0.5,0.5,1.2916666666666667,True
VCBF-BCF,vcbf,equity,512054175907.0,-247317918623.0,0.01738960389887115,29,48.299170333866826,0.1673067532311021,2.0,0.5,0.5,1.2916666666666667,True
VCBF-TBF,vcbf,balanced,239238743704.0,-131854627851.0,0.01741575052694194,29,55.11424521361731,0.2757267601585089,2.0,0.5,0.5,1.2916666666666667,True
VINACAPITAL-VESAF,vinacapital,equity,2684851017973.0,-1755498260042.0,0.03485441707897459,28,65.38531368371271,0.2289958465152232,2.0,1.0,1.0,1.5,True
VINACAPITAL-VIBF,vinacapital,balanced,979767546847.0,-647018107725.0,0.04158719605352006,29,66.03791989305786,0.0563401924394012,2.0,1.0,1.0,1.5,True
DCDS,dcvfm,equity,2933242962075.0,-2100604392178.0,0.036788068829284065,29,71.61371967264571,0.1375619357960368,1.5,0.5,0.5,1.0,True
SSI-SCA,ssiam,equity,667520430248.0,-533517020261.0,0.03250924992870195,28,79.92519720524291,0.4683022064969328,2.0,1.5,1.5,1.875,True
DCDE,dcvfm,equity,544224425403.0,-497939394406.0,0.036815336850015104,29,91.49523085761435,0.1469601477843151,1.5,0.5,0.5,1.0,True
VINACAPITAL-VEOF,vinacapital,equity,919143114167.0,-1084448961319.0,0.0413554121116598,29,117.98477784406982,0.0821988828128895,2.0,1.0,1.0,1.5,True
