report_period,fund_code,reported_name,fiin_nav_bn_vnd,source_page,panel_nav_bn_vnd,gap_days
2025.02,DCBF,DC Bond Fund,1661.0,7,1659.581190755,1.0
2025.02,DCDS,DC Dynamic Securities Fund,2858.0,12,2866.718318538,1.0
2025.02,DCIP,DC Income Plus Bond Fund,1231.0,7,1204.801838985,1.0
2025.02,SSI-SCA,SSI Sustainable Competitive Advantage Fund,851.0,12,846.767622044,2.0
2025.02,SSIBF,SSI Bond Fund Open-ended,307.0,11,,
2025.02,VCBF-FIF,VCBF Fixed Income Fund,428.0,7,423.458495854,2.0
2025.02,VCBF-MGF,VCBF Midcap Growth,740.0,12,733.809880905,2.0
2025.02,VINACAPITAL-VESAF,Vietnam Equity Special Access Fund,2642.0,5,2652.028676543,4.0
2025.02,VLGF,Vietnam Long Term Growth Fund,4839.0,12,4803.874161946,2.0
2025.03,DCBF,DC Bond Fund,1581.0,8,1608.446587477,4.0
2025.03,DCDE,DC Dividend Focused Equity Fund,537.0,14,542.383024784,4.0
2025.03,DCDS,DC Dynamic Securities Fund,2789.0,14,2807.391246248,4.0
2025.03,DCIP,DC Income Plus Bond Fund,1205.0,8,1197.553442583,4.0
2025.03,SSI-SCA,SSI Sustainable Competitive Advantage Fund,859.0,14,869.213243716,5.0
2025.03,SSIBF,SSI Bond Fund,247.0,8,,
2025.03,VCBF-BCF,VCBF Blue Chip Fund,781.0,14,786.118463255,5.0
2025.03,VCBF-FIF,VCBF Fixed Income Fund,457.0,8,455.931733683,5.0
2025.03,VCBF-MGF,VCBF Midcap Growth,794.0,14,793.894907994,5.0
2025.03,VINACAPITAL-VESAF,Vietnam Equity Special Access Fund,2509.0,14,2509.404399938,0.0
2025.03,VINACAPITAL-VFF,VinaCapital Enhanced Fixed Income Fund,1613.0,8,1612.584483222,0.0
2025.03,VLGF,Vietnam Long Term Growth Fund,4723.0,14,4762.777146837,5.0
2025.04,DCBF,DC Bond Fund,1538.0,6,1542.233085742,6.0
2025.04,DCDE,DC Dividend Focused Equity Fund,548.0,11,545.704630884,6.0
2025.04,DCDS,DC Dynamic Securities Fund,2863.0,4,2849.602890712,6.0
2025.04,DCIP,DC Income Plus Bond Fund,1078.0,6,1102.356130695,6.0
2025.04,SSI-SCA,SSI Sustainable Competitive Advantage Fund,817.0,11,816.920561776,0.0
2025.04,SSIBF,SSI Bond Fund,171.0,6,,
2025.04,VCBF-BCF,VCBF Blue Chip Fund,753.0,4,752.521398179,0.0
2025.04,VCBF-FIF,VCBF Fixed Income Fund Open-ended,501.0,10,500.936768057,0.0
2025.04,VCBF-MGF,VCBF Midcap Growth,765.0,11,764.588575046,0.0
2025.04,VINACAPITAL-VESAF,Vietnam Equity Special Access Fund,2354.0,11,2350.728370943,2.0
2025.04,VINACAPITAL-VFF,VinaCapital Enhanced Fixed Income Fund Open-ended,1495.0,10,1496.362884784,2.0
2025.04,VLGF,Vietnam Long Term Growth Fund,4390.0,11,,
2025.05,DCBF,DC Bond Fund,1548.0,6,1556.970767583,2.0
2025.05,DCDE,DC Dividend Focused Equity Fund,573.0,11,577.378910332,2.0
2025.05,DCDS,DC Dynamic Securities Fund,2986.0,11,3026.396095931,2.0
2025.05,DCIP,DC Income Plus Bond Fund,1275.0,10,1257.625568438,2.0
2025.05,SSIBF,SSI Bond Fund,141.0,6,,
2025.05,VCBF-BCF,VCBF Blue Chip Fund,824.0,11,831.844503392,3.0
2025.05,VCBF-FIF,VCBF Fixed Income Fund,524.0,6,520.91756228,3.0
2025.05,VINACAPITAL-VESAF,Vietnam Equity Special Access Fund,2505.0,11,2518.892043049,5.0
2025.05,VINACAPITAL-VFF,VinaCapital Enhanced Fixed Income Fund,1499.0,6,1501.746817849,5.0
2025.05,VLGF,Vietnam Long Term Growth Fund,4722.0,11,,
2025.06,DCBF,DC Bond Fund,1615.0,8,1613.315647189,4.0
2025.06,DCDE,DC Dividend Focused Equity Fund,590.0,16,588.30384451,4.0
2025.06,DCDS,DC Dynamic Securities Fund,3116.0,16,3116.273619986,4.0
2025.06,DCIP,DC Income Plus Bond Fund,1432.0,8,1477.559622123,4.0
2025.06,SSI-SCA,SSI Sustainable Competitive Advantage Fund,930.0,6,925.356320399,5.0
2025.06,SSIBF,SSI Bond Fund,128.0,8,,
2025.06,VCBF-FIF,VCBF Fixed Income Fund,581.0,8,572.828873315,5.0
2025.06,VINACAPITAL-VESAF,Vietnam Equity Special Access Fund,2429.0,16,2429.068535147,0.0
2025.06,VINACAPITAL-VLBF,VinaCapital Liquidity Bond Fund,43.0,14,42.545909624,5.0
2025.06,VLGF,Vietnam Long Term Growth Fund,4847.0,16,,
2025.07,DCBF,DC Bond Fund,1757.0,7,1756.723520438,0.0
2025.07,DCDE,DC Dividend Focused Equity Fund,616.0,14,616.228771544,0.0
2025.07,DCDS,DC Dynamic Securities Fund,3397.0,14,3397.281062763,0.0
2025.07,DCIP,DC Income Plus Bond Fund,1856.0,7,1855.526544015,0.0
2025.07,SSI-SCA,SSI Sustainable Competitive Advantage Fund,973.0,14,974.752283412,8.0
2025.07,SSIBF,SSI Bond Fund,119.0,12,,
2025.07,VCBF-MGF,VCBF Midcap Growth,873.0,14,878.041479013,1.0
2025.07,VINACAPITAL-VESAF,Vietnam Equity Special Access Fund,2393.0,14,2494.882367634,3.0
2025.07,VLGF,Vietnam Long Term Growth Fund,4967.0,14,,
2025.11,DCBF,DC Bond Fund,1926.0,12,1921.39237714,3.0
2025.11,DCDS,DC Dynamic Securities Fund,5481.0,5,5444.487437635,3.0
2025.11,DCIP,DC Income Plus Bond Fund,1803.0,12,1810.132682787,3.0
2025.11,SSI-SCA,SSI Sustainable Competitive Advantage,1227.0,15,,
2025.11,VCBF-FIF,VCBF Fixed Income Fund,622.0,7,619.228334095,4.0
2025.11,VINACAPITAL-VESAF,Vietnam Equity Special Access Fund,2432.0,15,2426.327277118,6.0
2025.11,VLGF,Vietnam Long Term Growth Fund,4987.0,15,,
2025.12,DCBF,DC Bond Fund,1779.0,8,1791.800573662,6.0
2025.12,DCDS,DC Dynamic Securities Fund,5774.0,16,5694.025046515,6.0
2025.12,DCIP,DC Income Plus Bond Fund,1342.0,8,1559.093838877,6.0
2025.12,VCBF-BCF,VCBF Blue Chip Fund,1260.0,6,1260.00218743,0.0
2025.12,VCBF-FIF,VCBF Fixed Income Fund,619.0,8,619.024402871,0.0
2025.12,VCBF-MGF,VCBF Midcap Growth,866.0,16,865.753401383,0.0
2025.12,VINACAPITAL-VESAF,Vietnam Equity Special Access Fund,2391.0,16,2395.948349918,2.0
2025.12,VINACAPITAL-VFF,VinaCapital Enhanced Fund,1491.0,8,1494.612342263,2.0
2025.12,VLGF,Vietnam Long Term Growth Fund,5009.0,16,,
2026.01,DCBF,DC Bond Fund,1695.0,7,1696.454698027,2.0
2026.01,DCDE,DC Dividend Focused Equity Fund,946.0,15,931.655758181,2.0
2026.01,DCDS,DC Dynamic Securities Fund,5881.0,15,5791.229651054,2.0
2026.01,DCIP,DC Income Plus Bond Fund,1170.0,7,1232.052897747,2.0
2026.01,SSI-SCA,SSI Sustainable Competitive Advantage,1356.0,5,,
2026.01,VCBF-BCF,VCBF Blue Chip Fund,1395.0,15,1352.521808363,3.0
2026.01,VCBF-MGF,VCBF Midcap Growth,941.0,15,911.821513225,3.0
2026.01,VINACAPITAL-VEOF,VINACAPITAL-VEOF,1815.0,5,1730.708263586,5.0
2026.01,VINACAPITAL-VESAF,Vietnam Equity Special Access Fund,2535.0,15,2460.090004178,5.0
2026.01,VINACAPITAL-VFF,VinaCapital Enhanced Fixed Income Fund,1452.0,7,1455.525158394,5.0
2026.01,VLGF,Vietnam Long Term Growth Fund,5366.0,15,,
2026.02,DCBF,DC Bond Fund,1667.0,7,1671.082242507,2.0
2026.02,DCDE,DC Dividend Focused Equity Fund,1005.0,15,1004.839326289,2.0
2026.02,DCDS,DC Dynamic Securities Fund,6311.0,15,6344.419577092,2.0
2026.02,DCIP,DC Income Plus Bond Fund,1168.0,7,1132.42789491,2.0
2026.02,SSI-SCA,SSI Sustainable Competitive Advantage Fund,1400.0,5,,
2026.02,VCBF-AIF,VCBF Active Income Fund,493.0,15,488.071661167,3.0
2026.02,VCBF-FIF,VCBF Fixed Income Fund,613.0,7,609.609202158,3.0
2026.02,VINACAPITAL-VEOF,VINACAPITAL-VEOF,1849.0,5,1826.338226026,5.0
2026.02,VINACAPITAL-VESAF,VINACAPITAL-VESAF,2617.0,5,2574.735164012,5.0
2026.02,VINACAPITAL-VFF,VinaCapital Enhanced Fixed Income Fund,1407.0,7,1416.728759698,5.0
2026.03,DCBF,DC Bond Fund,1420.0,8,1405.15706461,5.0
2026.03,DCDE,DC Dividend Focused Equity Fund,970.0,16,954.097641582,5.0
2026.03,DCDS,DC Dynamic Securities Fund,5874.0,16,5734.658173462,5.0
2026.03,DCIP,DC Income Plus Bond Fund,1035.0,8,968.18135612,5.0
2026.03,SSI-SCA,SSI-SCA,1364.0,16,,
2026.03,VCBF-AIF,VCBF Active Income Fund,496.0,16,490.325376755,6.0
2026.03,VCBF-MGF,VCBF Midcap Growth,987.0,16,967.631977706,6.0
2026.03,VINACAPITAL-VEOF,VINACAPITAL-VEOF,1772.0,6,1756.256590875,1.0
2026.03,VINACAPITAL-VESAF,VINACAPITAL-VESAF,2529.0,6,2523.033524342,1.0
2026.03,VINACAPITAL-VFF,VINACAPITAL-VFF,1313.0,13,1321.771735506,1.0
2026.03,VLGF,Vietnam Long Term Growth Fund,4802.0,16,,
2026.04,DCBF,DC Bond Fund,1218.0,7,1232.900249768,7.0
2026.04,DCDE,DC Dividend Focused Equity Fund,964.0,16,971.541438655,7.0
2026.04,DCDS,DC Dynamic Securities Fund,6121.0,16,6154.144389967,7.0
2026.04,SSI-SCA,SSI-SCA,1377.0,16,,
2026.04,VCBF-AIF,VCBF Active Income Fund,507.0,16,507.515642735,1.0
2026.04,VCBF-BCF,VCBF Blue Chip Fund,1569.0,5,1569.052221531,1.0
2026.04,VCBF-FIF,VCBF Fixed Income Fund,604.0,7,604.304483328,1.0
2026.04,VINACAPITAL-VESAF,Vietnam Equity Special Access Fund,2516.0,5,2530.971793145,3.0
2026.04,VLGF,Vietnam Long Term Growth Fund,4728.0,16,,
2026.05,DCBF,DC Bond Fund,1028.0,7,1030.452062736,3.0
2026.05,DCDE,DC Dividend Focused Equity Fund,951.0,16,954.032619264,3.0
2026.05,DCDS,DC Dynamic Securities Fund,5952.0,16,6000.434927069,3.0
2026.05,DCIP,DC Income Plus Bond Fund,775.0,7,777.668458976,3.0
2026.05,SSI-SCA,SSI Sustainable Competitive Advantage Fund,1350.0,16,,
2026.05,VCBF-AIF,VCBF Active Income Fund,510.0,16,514.465559514,4.0
2026.05,VCBF-BCF,VCBF Blue Chip Fund,1589.0,16,1597.04140596,4.0
2026.05,VCBF-FIF,VCBF Fixed Income Fund,595.0,7,597.745577701,4.0
2026.05,VCBF-MGF,VCBF Midcap Growth,948.0,16,957.849085399,4.0
2026.05,VINACAPITAL-VEOF,VINACAPITAL-VEOF,1675.0,5,1682.921784832,6.0
2026.05,VINACAPITAL-VESAF,VINACAPITAL-VESAF,2452.0,5,2457.235831641,6.0
2026.05,VLGF,Vietnam Long Term Growth Fund,4546.0,16,,
2026.06,DCDE,DC Dividend Focused Equity Fund,956.0,17,944.99145388,5.0
2026.06,DCDS,DC Dynamic Securities Fund,6071.0,17,6031.840742473,5.0
2026.06,SSI-SCA,SSI-SCA Fund,1354.0,17,,
2026.06,VCBF-AIF,VCBF Active Income Fund,510.0,17,508.023217677,6.0
2026.06,VCBF-MGF,VCBF Midcap Growth,946.0,17,941.56534993,6.0
2026.06,VINACAPITAL-VESAF,VINACAPITAL-VESAF,2435.0,6,2436.882154639,1.0
2026.06,VLGF,Vietnam Long Term Growth Fund,4456.0,17,,
