sample,leg,lag_coefficient,std_error,t_stat,n_observations,n_funds,n_months
all,subscriptions,0.536410217887255,0.07025632538582988,7.635045171255776,666,14,67
all,redemptions,0.36158441006596576,0.08098710835830011,4.464715649140819,666,14,67
all,net,0.4442950549134647,0.06499970863508392,6.835339176792159,671,14,67
equity_balanced,subscriptions,0.5539274917506125,0.08633786941706598,6.415811456671415,501,10,67
equity_balanced,redemptions,0.25284493521374696,0.09894557803684165,2.5553939875878235,501,10,67
equity_balanced,net,0.4036939877830955,0.07931696952572723,5.089629497911584,502,10,67
bond,subscriptions,0.48878454083322964,0.1139591281069344,4.28912145040786,165,4,63
bond,redemptions,0.3412988559322345,0.16209488951497372,2.105549761337211,165,4,63
bond,net,0.3300196213827806,0.13781539250934208,2.3946499398491325,169,4,64
vinacapital,subscriptions,0.7804668239243973,0.1368819809497536,5.701749919961268,230,4,66
vinacapital,redemptions,0.5710081413959474,0.10286974964236859,5.550787703684352,230,4,66
vinacapital,net,0.6292193139444354,0.11727745613970764,5.365219665021326,231,4,66
