manager_id,asset_class,sample_start,sample_end,n_observations,n_months,n_funds,total_subscriptions_vnd,total_redemptions_vnd,total_net_flow_vnd,redemptions_per_100_subscriptions,retained_net_per_100_subscriptions,metric_scope,redemption_per_100_subs,retained_net_per_100_subs,window_rationale,illustrative_10pct_redemption_reduction_vnd,illustrative_annualised_redemption_reduction_vnd,illustrative_10pp_conversion_gain_vnd,illustrative_annualised_conversion_gain_vnd,scenario_caveat
dcvfm,bond,2022-11,2025-03,26,26,1,2322727323416.0,1713644414332.0,609082909084.0,73.77725301873872,26.222746981261277,aggregate_book_flow_not_customer_cohort_retention,73.77725301873872,26.222746981261277,common mature equity/balanced lineup overlap before VLGF coverage ends,171364441433.2,79091280661.47693,232272732341.6,107202799542.27693,"mechanical arithmetic only; not a forecast, causal estimate, or achievable target"
dcvfm,equity,2022-11,2025-03,57,29,2,3472685918566.0,2592865640789.0,879820277777.0,74.66455940995924,25.335440590040754,aggregate_book_flow_not_customer_cohort_retention,74.66455940995924,25.335440590040754,common mature equity/balanced lineup overlap before VLGF coverage ends,259286564078.90002,107290992032.64828,347268591856.60004,143697348354.45517,"mechanical arithmetic only; not a forecast, causal estimate, or achievable target"
ssiam,equity,2022-11,2025-03,54,28,2,2713307381968.0,1155774067957.0,1558798303803.0,42.59650328001912,57.450118411294106,aggregate_book_flow_not_customer_cohort_retention,42.59650328001912,57.450118411294106,common mature equity/balanced lineup overlap before VLGF coverage ends,115577406795.70001,49533174341.01429,271330738196.80002,116284602084.34286,"mechanical arithmetic only; not a forecast, causal estimate, or achievable target"
vcbf,balanced,2022-11,2025-03,27,27,1,231394358732.0,128107992547.0,103286366185.0,55.36348995239515,44.63651004760485,aggregate_book_flow_not_customer_cohort_retention,55.36348995239515,44.63651004760485,common mature equity/balanced lineup overlap before VLGF coverage ends,12810799254.7,5693688557.644445,23139435873.2,10284193721.422224,"mechanical arithmetic only; not a forecast, causal estimate, or achievable target"
vcbf,bond,2022-11,2025-03,26,26,1,471743681131.0,148005673141.0,323738007990.0,31.37417183546754,68.62582816453246,aggregate_book_flow_not_customer_cohort_retention,31.37417183546754,68.62582816453246,common mature equity/balanced lineup overlap before VLGF coverage ends,14800567314.1,6831031068.046154,47174368113.100006,21772785282.969234,"mechanical arithmetic only; not a forecast, causal estimate, or achievable target"
vcbf,equity,2022-11,2025-03,55,28,2,1125820862971.0,512891821960.0,612929041011.0,45.55714313256705,54.44285686743295,aggregate_book_flow_not_customer_cohort_retention,45.55714313256705,54.44285686743295,common mature equity/balanced lineup overlap before VLGF coverage ends,51289182196.0,21981078084.0,112582086297.1,48249465555.90001,"mechanical arithmetic only; not a forecast, causal estimate, or achievable target"
vinacapital,balanced,2022-11,2025-03,28,28,1,894956456146.0,622443274375.0,272513181771.0,69.55011834379759,30.449881656202407,aggregate_book_flow_not_customer_cohort_retention,69.55011834379759,30.449881656202407,common mature equity/balanced lineup overlap before VLGF coverage ends,62244327437.5,26676140330.357143,89495645614.6,38355276691.97143,"mechanical arithmetic only; not a forecast, causal estimate, or achievable target"
vinacapital,bond,2022-11,2025-03,26,26,1,1847183725667.0,1702642164121.0,144541561546.0,92.1750305864238,7.824969413576198,aggregate_book_flow_not_customer_cohort_retention,92.1750305864238,7.824969413576198,common mature equity/balanced lineup overlap before VLGF coverage ends,170264216412.1,78583484497.89232,184718372566.7,85254633492.32309,"mechanical arithmetic only; not a forecast, causal estimate, or achievable target"
vinacapital,equity,2022-11,2025-03,55,28,2,3575570830300.0,2800282551043.0,775288279257.0,78.31707673954955,21.68292326045045,aggregate_book_flow_not_customer_cohort_retention,78.31707673954955,21.68292326045045,common mature equity/balanced lineup overlap before VLGF coverage ends,280028255104.3,120012109330.41428,357557083030.0,153238749870.0,"mechanical arithmetic only; not a forecast, causal estimate, or achievable target"
