sample,segment,predictor,timing,predictor_change,effect_percentage_points,effect_std_error,t_stat,n_months,n_funds_mean,sample_start,sample_end,hac_lags,controls,r_squared,interpretation,specification
all,foreign,deposit_rate_pct,current,1.0,0.6070977593262439,0.6702897031913991,0.9057244299527737,36,12.75,2022-07,2026-08,3,none,0.029510965724126592,exploratory_association_not_causal,uncontrolled
all,foreign,deposit_rate_pct,lag1,1.0,0.19968997971752667,0.5209036816444178,0.3833529820467657,35,12.771428571428572,2022-08,2026-04,3,none,0.004935691443758827,exploratory_association_not_causal,uncontrolled
all,foreign,deposit_rate_change_pp,current,1.0,2.099736464725143,1.1356607040411102,1.848911789633547,29,12.793103448275861,2022-08,2025-07,3,none,0.04907000769269232,exploratory_association_not_causal,uncontrolled
all,foreign,deposit_rate_change_pp,lag1,1.0,2.881930257083418,1.456959970653064,1.9780435393785247,29,12.827586206896552,2022-09,2025-08,3,none,0.08434307877499692,exploratory_association_not_causal,uncontrolled
all,foreign,vix_mean,current,10.0,-0.6229966484917393,1.012411755843598,-0.6153589632832973,64,11.53125,2021-05,2026-08,3,none,0.006169457054629346,exploratory_association_not_causal,uncontrolled
all,foreign,vix_mean,lag1,10.0,0.20756065953219643,0.9777743692397971,0.21227868725334997,64,11.53125,2021-05,2026-08,3,none,0.0006788556745799257,exploratory_association_not_causal,uncontrolled
all,foreign,sp500_return,current,0.1,0.49468971254273053,1.0051746624972469,0.49214303841854495,64,11.53125,2021-05,2026-08,3,none,0.0035059983850841414,exploratory_association_not_causal,uncontrolled
all,foreign,sp500_return,lag1,0.1,0.9140828328363144,0.6714122134319835,1.3614331323582844,64,11.53125,2021-05,2026-08,3,none,0.012042131054685767,exploratory_association_not_causal,uncontrolled
all,foreign,broad_dollar_return,current,0.01,-0.4751248013618305,0.36011882635714587,-1.3193556309400722,64,11.53125,2021-05,2026-08,3,none,0.037048414170644084,exploratory_association_not_causal,uncontrolled
all,foreign,broad_dollar_return,lag1,0.01,-0.05039273789385072,0.32509612567159746,-0.1550087310014761,64,11.53125,2021-05,2026-08,3,none,0.000417133558370697,exploratory_association_not_causal,uncontrolled
all,foreign,us10y_pct,current,1.0,1.2040194642077169,0.40788968742040566,2.9518261955143585,64,11.53125,2021-05,2026-08,3,none,0.12188753324988444,exploratory_association_not_causal,uncontrolled
all,foreign,us10y_pct,lag1,1.0,1.2138545920717045,0.4009755526027304,3.0272533679237554,64,11.53125,2021-05,2026-08,3,none,0.1289013563708138,exploratory_association_not_causal,uncontrolled
all,foreign,us10y_change_pp,current,1.0,-0.8651122191996516,1.2786127895367672,-0.6766021944087357,64,11.53125,2021-05,2026-08,3,none,0.004289143805256357,exploratory_association_not_causal,uncontrolled
all,foreign,us10y_change_pp,lag1,1.0,-0.26058722732692496,1.4578461493983235,-0.17874809864845717,64,11.53125,2021-05,2026-08,3,none,0.0003884021254193515,exploratory_association_not_causal,uncontrolled
all,foreign,fed_funds_pct,current,1.0,0.6737712722014033,0.25011713119451556,2.6938229659983297,63,11.523809523809524,2021-05,2026-07,3,none,0.1262558415444519,exploratory_association_not_causal,uncontrolled
all,foreign,fed_funds_pct,lag1,1.0,0.606005624011204,0.2569692712305225,2.3582805099975057,64,11.53125,2021-05,2026-08,3,none,0.10734499704137002,exploratory_association_not_causal,uncontrolled
all,foreign,fed_funds_change_pp,current,1.0,3.590001692564557,1.806896547880515,1.9868330020197447,63,11.523809523809524,2021-05,2026-07,3,none,0.03718419899522041,exploratory_association_not_causal,uncontrolled
all,foreign,fed_funds_change_pp,lag1,1.0,3.7461064699493987,1.967591153181979,1.9039049163700565,64,11.53125,2021-05,2026-08,3,none,0.04056358621829348,exploratory_association_not_causal,uncontrolled
all,domestic,deposit_rate_pct,current,1.0,-2.846643364386299,0.7004239879292916,-4.06417172090581,36,12.75,2022-07,2026-08,3,none,0.40728054157283045,exploratory_association_not_causal,uncontrolled
all,domestic,deposit_rate_pct,lag1,1.0,-2.242308118210751,0.5800444562351349,-3.8657521748673997,35,12.771428571428572,2022-08,2026-04,3,none,0.25997160405435915,exploratory_association_not_causal,uncontrolled
all,domestic,deposit_rate_change_pp,current,1.0,-7.596031101729012,3.0475880514935336,-2.4924730552104704,29,12.793103448275861,2022-08,2025-07,3,none,0.2622660053192766,exploratory_association_not_causal,uncontrolled
all,domestic,deposit_rate_change_pp,lag1,1.0,-5.719402935929237,2.440703401593118,-2.3433420595866,29,12.827586206896552,2022-09,2025-08,3,none,0.14467428451700715,exploratory_association_not_causal,uncontrolled
all,domestic,vix_mean,current,10.0,-1.9243798397757441,1.7777835820542018,-1.0824601257438504,64,11.53125,2021-05,2026-08,3,none,0.046583840648465547,exploratory_association_not_causal,uncontrolled
all,domestic,vix_mean,lag1,10.0,-2.616394334920473,1.8104600923964234,-1.445154381424266,64,11.53125,2021-05,2026-08,3,none,0.08536344597853929,exploratory_association_not_causal,uncontrolled
all,domestic,sp500_return,current,0.1,-0.7768122124868365,0.8597140606015984,-0.9035704405523506,64,11.53125,2021-05,2026-08,3,none,0.0068415768976562985,exploratory_association_not_causal,uncontrolled
all,domestic,sp500_return,lag1,0.1,1.2068299489362408,1.1593803120527428,1.0409267230003985,64,11.53125,2021-05,2026-08,3,none,0.016611259854135807,exploratory_association_not_causal,uncontrolled
all,domestic,broad_dollar_return,current,0.01,0.6560291567906729,0.26736988245080284,2.45363894683009,64,11.53125,2021-05,2026-08,3,none,0.055895735367073374,exploratory_association_not_causal,uncontrolled
all,domestic,broad_dollar_return,lag1,0.01,-0.03609455126410788,0.3718867409609884,-0.09705791384451176,64,11.53125,2021-05,2026-08,3,none,0.00016935603773271524,exploratory_association_not_causal,uncontrolled
all,domestic,us10y_pct,current,1.0,-0.36894334382456473,0.5586331432369829,-0.6604394105346734,64,11.53125,2021-05,2026-08,3,none,0.009057113311203735,exploratory_association_not_causal,uncontrolled
all,domestic,us10y_pct,lag1,1.0,-0.3029702566281629,0.5363706674399509,-0.5648523959638077,64,11.53125,2021-05,2026-08,3,none,0.006354806268444313,exploratory_association_not_causal,uncontrolled
all,domestic,us10y_change_pp,current,1.0,-0.7879946993380481,1.5976605354493758,-0.49321785313825,64,11.53125,2021-05,2026-08,3,none,0.002816115589871937,exploratory_association_not_causal,uncontrolled
all,domestic,us10y_change_pp,lag1,1.0,-1.5392244240806083,2.5789839549504476,-0.5968336565747199,64,11.53125,2021-05,2026-08,3,none,0.010724014921573044,exploratory_association_not_causal,uncontrolled
all,domestic,fed_funds_pct,current,1.0,-0.15969834382378015,0.33041034951307285,-0.4833333582290273,63,11.523809523809524,2021-05,2026-07,3,none,0.005594164004915525,exploratory_association_not_causal,uncontrolled
all,domestic,fed_funds_pct,lag1,1.0,-0.07535226310811459,0.3238229984413895,-0.23269583528902135,64,11.53125,2021-05,2026-08,3,none,0.0013134068270098664,exploratory_association_not_causal,uncontrolled
all,domestic,fed_funds_change_pp,current,1.0,-7.711112409569215,4.318549738937338,-1.7855791586799419,63,11.523809523809524,2021-05,2026-07,3,none,0.13530413244562312,exploratory_association_not_causal,uncontrolled
all,domestic,fed_funds_change_pp,lag1,1.0,-7.3370286121314905,3.2868335542956046,-2.232248299443893,64,11.53125,2021-05,2026-08,3,none,0.1231387401439461,exploratory_association_not_causal,uncontrolled
all,foreign,deposit_rate_pct,current,1.0,-0.2291083769060799,0.7610123628051435,-0.3010573652989957,36,12.75,2022-07,2026-08,3,trend+local_market_return,0.24591054498793563,exploratory_association_not_causal,trend_and_local_market
all,foreign,deposit_rate_pct,lag1,1.0,-0.8332395210948279,0.5730385117141826,-1.4540724646974985,35,12.771428571428572,2022-08,2026-04,3,trend+local_market_return,0.13291108317564648,exploratory_association_not_causal,trend_and_local_market
all,foreign,deposit_rate_change_pp,current,1.0,2.0214419019513716,1.298405931699204,1.556864346195601,29,12.793103448275861,2022-08,2025-07,3,trend+local_market_return,0.21371909801767686,exploratory_association_not_causal,trend_and_local_market
all,foreign,deposit_rate_change_pp,lag1,1.0,2.554396258262586,1.5667517222035516,1.6303771823336284,29,12.827586206896552,2022-09,2025-08,3,trend+local_market_return,0.15063990777128033,exploratory_association_not_causal,trend_and_local_market
all,foreign,vix_mean,current,10.0,0.0813564906159349,1.1771613306827626,0.06911243896259106,64,11.53125,2021-05,2026-08,3,trend+local_market_return,0.031080551318186322,exploratory_association_not_causal,trend_and_local_market
all,foreign,vix_mean,lag1,10.0,0.674198211950146,1.2231769234959562,0.5511861767496588,64,11.53125,2021-05,2026-08,3,trend+local_market_return,0.03753903645505596,exploratory_association_not_causal,trend_and_local_market
all,foreign,sp500_return,current,0.1,-0.06118991213919429,1.0090397852969284,-0.060641723974429844,64,11.53125,2021-05,2026-08,3,trend+local_market_return,0.031046030101574917,exploratory_association_not_causal,trend_and_local_market
all,foreign,sp500_return,lag1,0.1,0.665087002188368,0.743289579233806,0.8947885464423565,64,11.53125,2021-05,2026-08,3,trend+local_market_return,0.03711581879662729,exploratory_association_not_causal,trend_and_local_market
all,foreign,broad_dollar_return,current,0.01,-0.3892220335544682,0.36291538285460784,-1.0724870092111787,64,11.53125,2021-05,2026-08,3,trend+local_market_return,0.05320355310433367,exploratory_association_not_causal,trend_and_local_market
all,foreign,broad_dollar_return,lag1,0.01,0.0408395587918179,0.3885599161658313,0.10510491971176002,64,11.53125,2021-05,2026-08,3,trend+local_market_return,0.03126533996859904,exploratory_association_not_causal,trend_and_local_market
all,foreign,us10y_pct,current,1.0,2.5188406864281974,0.6954241604076159,3.622020674334645,64,11.53125,2021-05,2026-08,3,trend+local_market_return,0.2036226602475465,exploratory_association_not_causal,trend_and_local_market
all,foreign,us10y_pct,lag1,1.0,2.4644207185988907,0.6378354672320588,3.86372480867747,64,11.53125,2021-05,2026-08,3,trend+local_market_return,0.20427572873628586,exploratory_association_not_causal,trend_and_local_market
all,foreign,us10y_change_pp,current,1.0,-0.34899146272169107,1.0283084241221434,-0.33938403550434937,64,11.53125,2021-05,2026-08,3,trend+local_market_return,0.03162629800807959,exploratory_association_not_causal,trend_and_local_market
all,foreign,us10y_change_pp,lag1,1.0,0.006551006020111966,1.5957326130544898,0.004105328152422907,64,11.53125,2021-05,2026-08,3,trend+local_market_return,0.031005926303215303,exploratory_association_not_causal,trend_and_local_market
all,foreign,fed_funds_pct,current,1.0,0.82458937668539,0.3158621899044061,2.6105985554489672,63,11.523809523809524,2021-05,2026-07,3,trend+local_market_return,0.14145618229681567,exploratory_association_not_causal,trend_and_local_market
all,foreign,fed_funds_pct,lag1,1.0,0.7353349371285338,0.30695953964735606,2.3955435233363582,64,11.53125,2021-05,2026-08,3,trend+local_market_return,0.11966015973861133,exploratory_association_not_causal,trend_and_local_market
all,foreign,fed_funds_change_pp,current,1.0,6.558434192494901,2.0529507652417656,3.194637837173142,63,11.523809523809524,2021-05,2026-07,3,trend+local_market_return,0.12761023661396098,exploratory_association_not_causal,trend_and_local_market
all,foreign,fed_funds_change_pp,lag1,1.0,6.583173081465285,2.1576053692662964,3.051147895365093,64,11.53125,2021-05,2026-08,3,trend+local_market_return,0.1301264277101749,exploratory_association_not_causal,trend_and_local_market
all,domestic,deposit_rate_pct,current,1.0,-2.518486682410079,0.7036880091405172,-3.578981948955123,36,12.75,2022-07,2026-08,3,trend+local_market_return,0.4336078750472738,exploratory_association_not_causal,trend_and_local_market
all,domestic,deposit_rate_pct,lag1,1.0,-2.335986158057607,0.9959623773189543,-2.3454562253103197,35,12.771428571428572,2022-08,2026-04,3,trend+local_market_return,0.3311974923845604,exploratory_association_not_causal,trend_and_local_market
all,domestic,deposit_rate_change_pp,current,1.0,-6.267556402052402,1.994653226816145,-3.1421784587873667,29,12.793103448275861,2022-08,2025-07,3,trend+local_market_return,0.41234706512205177,exploratory_association_not_causal,trend_and_local_market
all,domestic,deposit_rate_change_pp,lag1,1.0,-4.56105376272082,1.8965117683483839,-2.404969923647195,29,12.827586206896552,2022-09,2025-08,3,trend+local_market_return,0.3575976551319656,exploratory_association_not_causal,trend_and_local_market
all,domestic,vix_mean,current,10.0,-1.813671381714196,1.6472976511886623,-1.1009979771448597,64,11.53125,2021-05,2026-08,3,trend+local_market_return,0.04701759574523601,exploratory_association_not_causal,trend_and_local_market
all,domestic,vix_mean,lag1,10.0,-2.5704300848663375,1.6952335009107609,-1.5162690469987639,64,11.53125,2021-05,2026-08,3,trend+local_market_return,0.09272746660579934,exploratory_association_not_causal,trend_and_local_market
all,domestic,sp500_return,current,0.1,-1.8309127712387014,1.29001679322394,-1.419293749396071,64,11.53125,2021-05,2026-08,3,trend+local_market_return,0.04615883286577216,exploratory_association_not_causal,trend_and_local_market
all,domestic,sp500_return,lag1,0.1,0.9963958245794687,0.9854920713107876,1.0110642729516617,64,11.53125,2021-05,2026-08,3,trend+local_market_return,0.028426381775600196,exploratory_association_not_causal,trend_and_local_market
all,domestic,broad_dollar_return,current,0.01,0.8696126493122647,0.3802236835442386,2.287108054938104,64,11.53125,2021-05,2026-08,3,trend+local_market_return,0.10526296994271167,exploratory_association_not_causal,trend_and_local_market
all,domestic,broad_dollar_return,lag1,0.01,0.0505520435441863,0.3545312081590926,0.14258841642370038,64,11.53125,2021-05,2026-08,3,trend+local_market_return,0.01788857297331059,exploratory_association_not_causal,trend_and_local_market
all,domestic,us10y_pct,current,1.0,-1.6545555147869064,1.1931083372249371,-1.386760500421323,64,11.53125,2021-05,2026-08,3,trend+local_market_return,0.07651547413206239,exploratory_association_not_causal,trend_and_local_market
all,domestic,us10y_pct,lag1,1.0,-1.5459550696082458,1.2075750969923114,-1.2802144342482156,64,11.53125,2021-05,2026-08,3,trend+local_market_return,0.07153295624673783,exploratory_association_not_causal,trend_and_local_market
all,domestic,us10y_change_pp,current,1.0,-0.17865691672188916,1.904871277774364,-0.09378949580815268,64,11.53125,2021-05,2026-08,3,trend+local_market_return,0.0177024423060822,exploratory_association_not_causal,trend_and_local_market
all,domestic,us10y_change_pp,lag1,1.0,-1.294430624451514,2.3506592881833757,-0.5506670536893797,64,11.53125,2021-05,2026-08,3,trend+local_market_return,0.02501520666598156,exploratory_association_not_causal,trend_and_local_market
all,domestic,fed_funds_pct,current,1.0,-0.46965084706853727,0.46603726320576616,-1.0077538517798215,63,11.523809523809524,2021-05,2026-07,3,trend+local_market_return,0.04731444986787503,exploratory_association_not_causal,trend_and_local_market
all,domestic,fed_funds_pct,lag1,1.0,-0.3247189219175741,0.44452265400525687,-0.7304890290557251,64,11.53125,2021-05,2026-08,3,trend+local_market_return,0.03125491533788527,exploratory_association_not_causal,trend_and_local_market
all,domestic,fed_funds_change_pp,current,1.0,-8.5847760697821,4.556661244413958,-1.884005768545168,63,11.523809523809524,2021-05,2026-07,3,trend+local_market_return,0.1494031705327452,exploratory_association_not_causal,trend_and_local_market
all,domestic,fed_funds_change_pp,lag1,1.0,-8.048457076955659,3.362793191523762,-2.393384492761123,64,11.53125,2021-05,2026-08,3,trend+local_market_return,0.1348195707250004,exploratory_association_not_causal,trend_and_local_market
equity_balanced,foreign,deposit_rate_pct,current,1.0,0.728906070015945,0.8144891479532035,0.8949242256298598,36,8.583333333333334,2022-07,2026-08,3,none,0.031037497361522393,exploratory_association_not_causal,uncontrolled
equity_balanced,foreign,deposit_rate_pct,lag1,1.0,0.21643307407624968,0.6517825840291687,0.33206329745466756,35,8.714285714285714,2022-08,2026-04,3,none,0.004060486230724081,exploratory_association_not_causal,uncontrolled
equity_balanced,foreign,deposit_rate_change_pp,current,1.0,2.808421583561027,1.297390804637627,2.164668944409117,29,8.689655172413794,2022-08,2025-07,3,none,0.06377838293627425,exploratory_association_not_causal,uncontrolled
equity_balanced,foreign,deposit_rate_change_pp,lag1,1.0,4.094233730265595,1.711090522299543,2.392762788939614,29,8.827586206896552,2022-09,2025-08,3,none,0.1214639980552491,exploratory_association_not_causal,uncontrolled
equity_balanced,foreign,vix_mean,current,10.0,-0.7805557009768206,1.204978142264489,-0.6477758173355239,64,7.65625,2021-05,2026-08,3,none,0.007361588148249165,exploratory_association_not_causal,uncontrolled
equity_balanced,foreign,vix_mean,lag1,10.0,0.1669989284696947,1.201757014648682,0.13896230804903156,64,7.65625,2021-05,2026-08,3,none,0.0003340434262150138,exploratory_association_not_causal,uncontrolled
equity_balanced,foreign,sp500_return,current,0.1,0.5710115246993547,1.063103595932695,0.5371174802568397,64,7.65625,2021-05,2026-08,3,none,0.0035507810457489075,exploratory_association_not_causal,uncontrolled
equity_balanced,foreign,sp500_return,lag1,0.1,1.140818406317425,0.8491987488346397,1.3434056607866844,64,7.65625,2021-05,2026-08,3,none,0.014257831406725874,exploratory_association_not_causal,uncontrolled
equity_balanced,foreign,broad_dollar_return,current,0.01,-0.4911117635463801,0.3974430443725207,-1.2356783456148859,64,7.65625,2021-05,2026-08,3,none,0.030088676603453712,exploratory_association_not_causal,uncontrolled
equity_balanced,foreign,broad_dollar_return,lag1,0.01,-0.06742651765545793,0.3759223057119111,-0.17936290725757145,64,7.65625,2021-05,2026-08,3,none,0.0005676607589639726,exploratory_association_not_causal,uncontrolled
equity_balanced,foreign,us10y_pct,current,1.0,1.2918684289433517,0.44357741836436915,2.9123854719812816,64,7.65625,2021-05,2026-08,3,none,0.10666379563711037,exploratory_association_not_causal,uncontrolled
equity_balanced,foreign,us10y_pct,lag1,1.0,1.320554232320522,0.4234801066188061,3.1183382918839526,64,7.65625,2021-05,2026-08,3,none,0.11596443883034813,exploratory_association_not_causal,uncontrolled
equity_balanced,foreign,us10y_change_pp,current,1.0,-1.2050358885438563,1.4616489797401135,-0.824435897569686,64,7.65625,2021-05,2026-08,3,none,0.006325776876868083,exploratory_association_not_causal,uncontrolled
equity_balanced,foreign,us10y_change_pp,lag1,1.0,-0.3050537218589944,1.6473212518849094,-0.1851816829959206,64,7.65625,2021-05,2026-08,3,none,0.0004045909794386793,exploratory_association_not_causal,uncontrolled
equity_balanced,foreign,fed_funds_pct,current,1.0,0.766638285264797,0.259795044024212,2.9509349885571683,63,7.650793650793651,2021-05,2026-07,3,none,0.12431335252480935,exploratory_association_not_causal,uncontrolled
equity_balanced,foreign,fed_funds_pct,lag1,1.0,0.6868326742021467,0.2706653208542939,2.537571758488729,64,7.65625,2021-05,2026-08,3,none,0.10481382874012668,exploratory_association_not_causal,uncontrolled
equity_balanced,foreign,fed_funds_change_pp,current,1.0,4.392213951613125,2.2964532607094212,1.9126075965753733,63,7.650793650793651,2021-05,2026-07,3,none,0.042329814785812436,exploratory_association_not_causal,uncontrolled
equity_balanced,foreign,fed_funds_change_pp,lag1,1.0,4.6221001690560355,2.45508416400256,1.8826646502906677,64,7.65625,2021-05,2026-08,3,none,0.04693999175853869,exploratory_association_not_causal,uncontrolled
equity_balanced,domestic,deposit_rate_pct,current,1.0,-1.581036358867445,0.22835324580003075,-6.923643030902923,36,8.583333333333334,2022-07,2026-08,3,none,0.26869856600800257,exploratory_association_not_causal,uncontrolled
equity_balanced,domestic,deposit_rate_pct,lag1,1.0,-1.4141387388655002,0.3679462707824698,-3.843329450950029,35,8.714285714285714,2022-08,2026-04,3,none,0.2397480975772991,exploratory_association_not_causal,uncontrolled
equity_balanced,domestic,deposit_rate_change_pp,current,1.0,-2.184075153294768,0.966820808821799,-2.259027870900252,29,8.689655172413794,2022-08,2025-07,3,none,0.07071520101998408,exploratory_association_not_causal,uncontrolled
equity_balanced,domestic,deposit_rate_change_pp,lag1,1.0,-1.7269389915384112,1.0711733482729937,-1.6121937633368866,29,8.827586206896552,2022-09,2025-08,3,none,0.038094281149665954,exploratory_association_not_causal,uncontrolled
equity_balanced,domestic,vix_mean,current,10.0,0.1878668581166133,1.4292772476280666,0.13144185876350067,64,7.65625,2021-05,2026-08,3,none,0.00026502584515852856,exploratory_association_not_causal,uncontrolled
equity_balanced,domestic,vix_mean,lag1,10.0,-1.6595058812716663,1.3900800897316161,-1.193820337065664,64,7.65625,2021-05,2026-08,3,none,0.020500163229448476,exploratory_association_not_causal,uncontrolled
equity_balanced,domestic,sp500_return,current,0.1,-1.394607538835683,0.9385553958841065,-1.4859086048106744,64,7.65625,2021-05,2026-08,3,none,0.013163225750961738,exploratory_association_not_causal,uncontrolled
equity_balanced,domestic,sp500_return,lag1,0.1,0.6594949736905462,1.1035733055632384,0.5975996069911778,64,7.65625,2021-05,2026-08,3,none,0.0029611989221077772,exploratory_association_not_causal,uncontrolled
equity_balanced,domestic,broad_dollar_return,current,0.01,0.700173667866784,0.45063505590827396,1.5537487789438718,64,7.65625,2021-05,2026-08,3,none,0.038008272163960855,exploratory_association_not_causal,uncontrolled
equity_balanced,domestic,broad_dollar_return,lag1,0.01,0.1869971664875124,0.37243818842216675,0.5020891312991435,64,7.65625,2021-05,2026-08,3,none,0.0027134487994514567,exploratory_association_not_causal,uncontrolled
equity_balanced,domestic,us10y_pct,current,1.0,-3.0145990358708796,0.6373387381283518,-4.72997929597648,64,7.65625,2021-05,2026-08,3,none,0.3609638772051884,exploratory_association_not_causal,uncontrolled
equity_balanced,domestic,us10y_pct,lag1,1.0,-2.807656498549859,0.6828335260690654,-4.111773062334783,64,7.65625,2021-05,2026-08,3,none,0.32578003154922175,exploratory_association_not_causal,uncontrolled
equity_balanced,domestic,us10y_change_pp,current,1.0,-1.3688415035767878,2.015254926899423,-0.67923987447227,64,7.65625,2021-05,2026-08,3,none,0.0050727610192962125,exploratory_association_not_causal,uncontrolled
equity_balanced,domestic,us10y_change_pp,lag1,1.0,-0.7237577818107861,2.0432818295746773,-0.3542133891345968,64,7.65625,2021-05,2026-08,3,none,0.0014153837302234296,exploratory_association_not_causal,uncontrolled
equity_balanced,domestic,fed_funds_pct,current,1.0,-1.581542374669596,0.45016901283197003,-3.5132191012443634,63,7.650793650793651,2021-05,2026-07,3,none,0.3296672861385548,exploratory_association_not_causal,uncontrolled
equity_balanced,domestic,fed_funds_pct,lag1,1.0,-1.4186639294313728,0.4813045353033769,-2.947539084661144,64,7.65625,2021-05,2026-08,3,none,0.2779072719456922,exploratory_association_not_causal,uncontrolled
equity_balanced,domestic,fed_funds_change_pp,current,1.0,-8.986248134777597,2.325026362666418,-3.8650091367015156,63,7.650793650793651,2021-05,2026-07,3,none,0.11041132544407695,exploratory_association_not_causal,uncontrolled
equity_balanced,domestic,fed_funds_change_pp,lag1,1.0,-8.5819286668351,2.239230791674587,-3.8325342339621855,64,7.65625,2021-05,2026-08,3,none,0.10056764266852458,exploratory_association_not_causal,uncontrolled
equity_balanced,foreign,deposit_rate_pct,current,1.0,-0.2619877406323068,0.9168183167093212,-0.28575753326203496,36,8.583333333333334,2022-07,2026-08,3,trend+local_market_return,0.2496801287333933,exploratory_association_not_causal,trend_and_local_market
equity_balanced,foreign,deposit_rate_pct,lag1,1.0,-1.1201243568937276,0.6925679093324238,-1.6173494928077616,35,8.714285714285714,2022-08,2026-04,3,trend+local_market_return,0.1403553855382912,exploratory_association_not_causal,trend_and_local_market
equity_balanced,foreign,deposit_rate_change_pp,current,1.0,2.6457034274909965,1.4072360013907566,1.880070879991896,29,8.689655172413794,2022-08,2025-07,3,trend+local_market_return,0.2199628070287032,exploratory_association_not_causal,trend_and_local_market
equity_balanced,foreign,deposit_rate_change_pp,lag1,1.0,3.6991417997635265,1.7999410820915742,2.05514604703896,29,8.827586206896552,2022-09,2025-08,3,trend+local_market_return,0.18206151809545223,exploratory_association_not_causal,trend_and_local_market
equity_balanced,foreign,vix_mean,current,10.0,-0.13793318731254484,1.3934186280336378,-0.09898905076875078,64,7.65625,2021-05,2026-08,3,trend+local_market_return,0.02113399121732673,exploratory_association_not_causal,trend_and_local_market
equity_balanced,foreign,vix_mean,lag1,10.0,0.5839533249320499,1.4339831157926226,0.40722468660955913,64,7.65625,2021-05,2026-08,3,trend+local_market_return,0.024698263620611005,exploratory_association_not_causal,trend_and_local_market
equity_balanced,foreign,sp500_return,current,0.1,-0.006489405352073375,1.088554666471604,-0.0059614877892240955,64,7.65625,2021-05,2026-08,3,trend+local_market_return,0.020971337515312993,exploratory_association_not_causal,trend_and_local_market
equity_balanced,foreign,sp500_return,lag1,0.1,0.8982135112532796,0.9492279475479308,0.94625691708042,64,7.65625,2021-05,2026-08,3,trend+local_market_return,0.029413153413270776,exploratory_association_not_causal,trend_and_local_market
equity_balanced,foreign,broad_dollar_return,current,0.01,-0.40664479580640245,0.415014538937603,-0.9798326507967016,64,7.65625,2021-05,2026-08,3,trend+local_market_return,0.039406338352739545,exploratory_association_not_causal,trend_and_local_market
equity_balanced,foreign,broad_dollar_return,lag1,0.01,0.025097502407513947,0.453386635301344,0.055355629066641675,64,7.65625,2021-05,2026-08,3,trend+local_market_return,0.021045326980339785,exploratory_association_not_causal,trend_and_local_market
equity_balanced,foreign,us10y_pct,current,1.0,3.028337583519334,0.796183733234972,3.803566258776606,64,7.65625,2021-05,2026-08,3,trend+local_market_return,0.20996735983928616,exploratory_association_not_causal,trend_and_local_market
equity_balanced,foreign,us10y_pct,lag1,1.0,3.0043727800507436,0.730730677170175,4.111463872962699,64,7.65625,2021-05,2026-08,3,trend+local_market_return,0.21645531317752342,exploratory_association_not_causal,trend_and_local_market
equity_balanced,foreign,us10y_change_pp,current,1.0,-0.6857939046345167,1.248874673535055,-0.5491294836601288,64,7.65625,2021-05,2026-08,3,trend+local_market_return,0.022793366352757305,exploratory_association_not_causal,trend_and_local_market
equity_balanced,foreign,us10y_change_pp,lag1,1.0,-0.02501048735148413,1.8088284969461688,-0.013826898124232975,64,7.65625,2021-05,2026-08,3,trend+local_market_return,0.02097365796780981,exploratory_association_not_causal,trend_and_local_market
equity_balanced,foreign,fed_funds_pct,current,1.0,1.0341513865241256,0.3609079433967658,2.865415975029473,63,7.650793650793651,2021-05,2026-07,3,trend+local_market_return,0.15282459741574939,exploratory_association_not_causal,trend_and_local_market
equity_balanced,foreign,fed_funds_pct,lag1,1.0,0.9287331333675399,0.35005647775939047,2.6530951214275196,64,7.65625,2021-05,2026-08,3,trend+local_market_return,0.12853178847356328,exploratory_association_not_causal,trend_and_local_market
equity_balanced,foreign,fed_funds_change_pp,current,1.0,7.372538899779715,2.566585764958198,2.872508295042224,63,7.650793650793651,2021-05,2026-07,3,trend+local_market_return,0.11354003481297759,exploratory_association_not_causal,trend_and_local_market
equity_balanced,foreign,fed_funds_change_pp,lag1,1.0,7.52882902094141,2.63326214767263,2.859126284709502,64,7.65625,2021-05,2026-08,3,trend+local_market_return,0.11936462409061455,exploratory_association_not_causal,trend_and_local_market
equity_balanced,domestic,deposit_rate_pct,current,1.0,-1.0364737004898434,0.3596715862935185,-2.881722493486057,36,8.583333333333334,2022-07,2026-08,3,trend+local_market_return,0.47953804201391603,exploratory_association_not_causal,trend_and_local_market
equity_balanced,domestic,deposit_rate_pct,lag1,1.0,-0.2652468039963571,0.5222183415930532,-0.5079231862810647,35,8.714285714285714,2022-08,2026-04,3,trend+local_market_return,0.39723624849587946,exploratory_association_not_causal,trend_and_local_market
equity_balanced,domestic,deposit_rate_change_pp,current,1.0,-2.1544333166642367,0.7745177805439266,-2.781644748234477,29,8.689655172413794,2022-08,2025-07,3,trend+local_market_return,0.42633464928979725,exploratory_association_not_causal,trend_and_local_market
equity_balanced,domestic,deposit_rate_change_pp,lag1,1.0,-1.0711689868665912,0.9273935492136851,-1.1550317422143057,29,8.827586206896552,2022-09,2025-08,3,trend+local_market_return,0.2773464970310544,exploratory_association_not_causal,trend_and_local_market
equity_balanced,domestic,vix_mean,current,10.0,-1.2055321666592136,1.9649942224380128,-0.6135041787367103,64,7.65625,2021-05,2026-08,3,trend+local_market_return,0.10505767710567526,exploratory_association_not_causal,trend_and_local_market
equity_balanced,domestic,vix_mean,lag1,10.0,-2.914751767994242,1.6728277927521313,-1.7424099364100718,64,7.65625,2021-05,2026-08,3,trend+local_market_return,0.1550311411511648,exploratory_association_not_causal,trend_and_local_market
equity_balanced,domestic,sp500_return,current,0.1,-1.2030873847343744,1.1703545766075103,-1.02796828310079,64,7.65625,2021-05,2026-08,3,trend+local_market_return,0.10468744230836469,exploratory_association_not_causal,trend_and_local_market
equity_balanced,domestic,sp500_return,lag1,0.1,1.1528497835894664,1.2359530654839475,0.9327617818060581,64,7.65625,2021-05,2026-08,3,trend+local_market_return,0.1059626779367624,exploratory_association_not_causal,trend_and_local_market
equity_balanced,domestic,broad_dollar_return,current,0.01,0.5707531301886096,0.48215276449255123,1.183759945438262,64,7.65625,2021-05,2026-08,3,trend+local_market_return,0.1198902097572726,exploratory_association_not_causal,trend_and_local_market
equity_balanced,domestic,broad_dollar_return,lag1,0.01,0.05778797886765824,0.3717602559535318,0.15544420884754678,64,7.65625,2021-05,2026-08,3,trend+local_market_return,0.09756460892864738,exploratory_association_not_causal,trend_and_local_market
equity_balanced,domestic,us10y_pct,current,1.0,-5.379615599113158,0.9497835497767657,-5.6640437712124685,64,7.65625,2021-05,2026-08,3,trend+local_market_return,0.46797611730371846,exploratory_association_not_causal,trend_and_local_market
equity_balanced,domestic,us10y_pct,lag1,1.0,-4.751948693918147,0.9263819726055228,-5.129578116198563,64,7.65625,2021-05,2026-08,3,trend+local_market_return,0.40124854954981426,exploratory_association_not_causal,trend_and_local_market
equity_balanced,domestic,us10y_change_pp,current,1.0,-2.0519858944969918,2.0745276096427157,-0.9891340491006498,64,7.65625,2021-05,2026-08,3,trend+local_market_return,0.10745934051744177,exploratory_association_not_causal,trend_and_local_market
equity_balanced,domestic,us10y_change_pp,lag1,1.0,-1.0809718720423596,2.0886031435406216,-0.5175573327012641,64,7.65625,2021-05,2026-08,3,trend+local_market_return,0.10041402381664355,exploratory_association_not_causal,trend_and_local_market
equity_balanced,domestic,fed_funds_pct,current,1.0,-1.7758705653324867,0.458135118720092,-3.8763030659902213,63,7.650793650793651,2021-05,2026-07,3,trend+local_market_return,0.33747849938254293,exploratory_association_not_causal,trend_and_local_market
equity_balanced,domestic,fed_funds_pct,lag1,1.0,-1.5421195389397466,0.4738868383534179,-3.2541936473653577,64,7.65625,2021-05,2026-08,3,trend+local_market_return,0.2816226739909703,exploratory_association_not_causal,trend_and_local_market
equity_balanced,domestic,fed_funds_change_pp,current,1.0,-16.364906687604154,3.0643860356592882,-5.340354151588907,63,7.650793650793651,2021-05,2026-07,3,trend+local_market_return,0.37954755078723823,exploratory_association_not_causal,trend_and_local_market
equity_balanced,domestic,fed_funds_change_pp,lag1,1.0,-15.436138465574475,3.0202144873253283,-5.110941136913943,64,7.65625,2021-05,2026-08,3,trend+local_market_return,0.3543673257301828,exploratory_association_not_causal,trend_and_local_market
bond,foreign,deposit_rate_pct,current,1.0,-1.2990834766314747,1.4999986839725206,-0.8660564109236735,36,4.166666666666667,2022-07,2026-08,3,none,0.041833481280793894,exploratory_association_not_causal,uncontrolled
bond,foreign,deposit_rate_pct,lag1,1.0,-0.5157426649050993,1.5031263239213999,-0.3431133210145737,35,4.057142857142857,2022-08,2026-04,3,none,0.0059735686783030095,exploratory_association_not_causal,uncontrolled
bond,foreign,deposit_rate_change_pp,current,1.0,-7.642317407017344,2.622432955676178,-2.9142088801453534,29,4.103448275862069,2022-08,2025-07,3,none,0.11659952259050022,exploratory_association_not_causal,uncontrolled
bond,foreign,deposit_rate_change_pp,lag1,1.0,-14.22794906704437,2.5421779865450227,-5.596755672635272,29,4.0,2022-09,2025-08,3,none,0.4105091991718349,exploratory_association_not_causal,uncontrolled
bond,foreign,vix_mean,current,10.0,-0.534540833821488,1.4348524878306006,-0.3725406188824869,63,3.9365079365079363,2021-05,2026-08,3,none,0.00223752090358742,exploratory_association_not_causal,uncontrolled
bond,foreign,vix_mean,lag1,10.0,-2.117958459883295,1.8792723104327176,-1.1270098793695404,63,3.9365079365079363,2021-05,2026-08,3,none,0.034933978939799215,exploratory_association_not_causal,uncontrolled
bond,foreign,sp500_return,current,0.1,-0.2949584595892227,1.5241256769704667,-0.19352633712957132,63,3.9365079365079363,2021-05,2026-08,3,none,0.0006153622587952157,exploratory_association_not_causal,uncontrolled
bond,foreign,sp500_return,lag1,0.1,-0.5650664584763558,1.7064215869004664,-0.33114118035903367,63,3.9365079365079363,2021-05,2026-08,3,none,0.002273977913958669,exploratory_association_not_causal,uncontrolled
bond,foreign,broad_dollar_return,current,0.01,-0.015023035368885478,0.5343692681240997,-0.028113584116885613,63,3.9365079365079363,2021-05,2026-08,3,none,1.785399698450707e-05,exploratory_association_not_causal,uncontrolled
bond,foreign,broad_dollar_return,lag1,0.01,-0.0515972509160709,0.6330995180753349,-0.08149943167375961,63,3.9365079365079363,2021-05,2026-08,3,none,0.00021400914998936926,exploratory_association_not_causal,uncontrolled
bond,foreign,us10y_pct,current,1.0,0.15926593645863105,0.4793714375349067,0.3322391031005757,63,3.9365079365079363,2021-05,2026-08,3,none,0.0009800804181515632,exploratory_association_not_causal,uncontrolled
bond,foreign,us10y_pct,lag1,1.0,0.07774100324105084,0.5353976696377507,0.14520235639734907,63,3.9365079365079363,2021-05,2026-08,3,none,0.0002464401719783904,exploratory_association_not_causal,uncontrolled
bond,foreign,us10y_change_pp,current,1.0,1.0602915619089763,2.4625227449741796,0.43057127657925204,63,3.9365079365079363,2021-05,2026-08,3,none,0.003163613127346254,exploratory_association_not_causal,uncontrolled
bond,foreign,us10y_change_pp,lag1,1.0,-1.4380549036572314,2.980810864888856,-0.4824374872609878,63,3.9365079365079363,2021-05,2026-08,3,none,0.005830355942252896,exploratory_association_not_causal,uncontrolled
bond,foreign,fed_funds_pct,current,1.0,-0.06108382685520906,0.30284491367329963,-0.20170002564779585,62,3.935483870967742,2021-05,2026-07,3,none,0.0004859067869042999,exploratory_association_not_causal,uncontrolled
bond,foreign,fed_funds_pct,lag1,1.0,-0.01053489624172196,0.28638255327920203,-0.03678609650306179,63,3.9365079365079363,2021-05,2026-08,3,none,1.5263439813395507e-05,exploratory_association_not_causal,uncontrolled
bond,foreign,fed_funds_change_pp,current,1.0,-4.572302646517912,5.1723413738355175,-0.883990888468243,62,3.935483870967742,2021-05,2026-07,3,none,0.029768081369438426,exploratory_association_not_causal,uncontrolled
bond,foreign,fed_funds_change_pp,lag1,1.0,-6.5731295613364855,6.311275789992673,-1.0414898318591963,63,3.9365079365079363,2021-05,2026-08,3,none,0.06162852077755043,exploratory_association_not_causal,uncontrolled
bond,domestic,deposit_rate_pct,current,1.0,-5.489673730684441,1.8873392044690727,-2.908684203499466,36,4.166666666666667,2022-07,2026-08,3,none,0.24202359130779927,exploratory_association_not_causal,uncontrolled
bond,domestic,deposit_rate_pct,lag1,1.0,-4.245907526204869,1.4212795621268035,-2.987383790878756,35,4.057142857142857,2022-08,2026-04,3,none,0.14479378999234305,exploratory_association_not_causal,uncontrolled
bond,domestic,deposit_rate_change_pp,current,1.0,-15.933397421163217,7.77625372216091,-2.0489811663109614,29,4.103448275862069,2022-08,2025-07,3,none,0.16548100013947176,exploratory_association_not_causal,uncontrolled
bond,domestic,deposit_rate_change_pp,lag1,1.0,-11.99990332852515,6.575396699335852,-1.8249702454814931,29,4.0,2022-09,2025-08,3,none,0.10445249524626499,exploratory_association_not_causal,uncontrolled
bond,domestic,vix_mean,current,10.0,-6.241360341758183,3.8334098495589943,-1.6281484596478004,63,3.9365079365079363,2021-05,2026-08,3,none,0.11254129486600917,exploratory_association_not_causal,uncontrolled
bond,domestic,vix_mean,lag1,10.0,-5.468523577799461,4.281030403490669,-1.277384896248467,63,3.9365079365079363,2021-05,2026-08,3,none,0.08592141525821484,exploratory_association_not_causal,uncontrolled
bond,domestic,sp500_return,current,0.1,-0.3599323992101208,2.2449614500378248,-0.16032898881361923,63,3.9365079365079363,2021-05,2026-08,3,none,0.0003380641294526976,exploratory_association_not_causal,uncontrolled
bond,domestic,sp500_return,lag1,0.1,3.544186380462702,2.4566338404922674,1.4427003007304124,63,3.9365079365079363,2021-05,2026-08,3,none,0.033004134993841916,exploratory_association_not_causal,uncontrolled
bond,domestic,broad_dollar_return,current,0.01,1.1581890607535916,0.541155739868971,2.1402139447583455,63,3.9365079365079363,2021-05,2026-08,3,none,0.03914957580549017,exploratory_association_not_causal,uncontrolled
bond,domestic,broad_dollar_return,lag1,0.01,-0.18262812640373866,0.5517088161611513,-0.33102267184070866,63,3.9365079365079363,2021-05,2026-08,3,none,0.0009891510328925435,exploratory_association_not_causal,uncontrolled
bond,domestic,us10y_pct,current,1.0,1.485117996342616,1.0179655036038964,1.4589079797742288,63,3.9365079365079363,2021-05,2026-08,3,none,0.03144024346778285,exploratory_association_not_causal,uncontrolled
bond,domestic,us10y_pct,lag1,1.0,1.361126254197088,1.0214228709613555,1.332578594912415,63,3.9365079365079363,2021-05,2026-08,3,none,0.027871228332053133,exploratory_association_not_causal,uncontrolled
bond,domestic,us10y_change_pp,current,1.0,0.6680854184490135,2.99431600752685,0.2231178729197716,63,3.9365079365079363,2021-05,2026-08,3,none,0.00046338802919243527,exploratory_association_not_causal,uncontrolled
bond,domestic,us10y_change_pp,lag1,1.0,-4.223270554250378,4.934784082098393,-0.8558166849834166,63,3.9365079365079363,2021-05,2026-08,3,none,0.01855196896380662,exploratory_association_not_causal,uncontrolled
bond,domestic,fed_funds_pct,current,1.0,1.1768266056736678,0.7011113544397379,1.6785159707106394,62,3.935483870967742,2021-05,2026-07,3,none,0.06649938990690707,exploratory_association_not_causal,uncontrolled
bond,domestic,fed_funds_pct,lag1,1.0,1.164723781655321,0.7222580028422587,1.6126145741159714,63,3.9365079365079363,2021-05,2026-08,3,none,0.0688312799161458,exploratory_association_not_causal,uncontrolled
bond,domestic,fed_funds_change_pp,current,1.0,-4.798263459913309,10.108515507378566,-0.4746753819995513,62,3.935483870967742,2021-05,2026-07,3,none,0.012087633963874245,exploratory_association_not_causal,uncontrolled
bond,domestic,fed_funds_change_pp,lag1,1.0,-5.187041585112448,8.288922349823272,-0.6257799706885951,63,3.9365079365079363,2021-05,2026-08,3,none,0.014158749034867801,exploratory_association_not_causal,uncontrolled
bond,foreign,deposit_rate_pct,current,1.0,-1.4234987347424208,1.7518222539171193,-0.8125817168719265,36,4.166666666666667,2022-07,2026-08,3,trend+local_market_return,0.042957972964853264,exploratory_association_not_causal,trend_and_local_market
bond,foreign,deposit_rate_pct,lag1,1.0,0.2270057221582469,2.1501636935366757,0.10557601862621853,35,4.057142857142857,2022-08,2026-04,3,trend+local_market_return,0.039369418124690414,exploratory_association_not_causal,trend_and_local_market
bond,foreign,deposit_rate_change_pp,current,1.0,-7.79719691927227,2.5994131631208237,-2.99959892097763,29,4.103448275862069,2022-08,2025-07,3,trend+local_market_return,0.11825770546017489,exploratory_association_not_causal,trend_and_local_market
bond,foreign,deposit_rate_change_pp,lag1,1.0,-14.282242162964451,2.691124356279453,-5.307165434268526,29,4.0,2022-09,2025-08,3,trend+local_market_return,0.410844722310416,exploratory_association_not_causal,trend_and_local_market
bond,foreign,vix_mean,current,10.0,0.14228724466975887,1.8686759162748743,0.07614335018209173,63,3.9365079365079363,2021-05,2026-08,3,trend+local_market_return,0.021439875634149175,exploratory_association_not_causal,trend_and_local_market
bond,foreign,vix_mean,lag1,10.0,-1.7908884060508348,1.9763477291533205,-0.9061605807688824,63,3.9365079365079363,2021-05,2026-08,3,trend+local_market_return,0.04406148728115422,exploratory_association_not_causal,trend_and_local_market
bond,foreign,sp500_return,current,0.1,-0.9173916319538428,1.7153987623254312,-0.5347978861254435,63,3.9365079365079363,2021-05,2026-08,3,trend+local_market_return,0.025800286113029203,exploratory_association_not_causal,trend_and_local_market
bond,foreign,sp500_return,lag1,0.1,-0.8374471824891131,1.9350740934691004,-0.43277267021221977,63,3.9365079365079363,2021-05,2026-08,3,trend+local_market_return,0.02615539853773785,exploratory_association_not_causal,trend_and_local_market
bond,foreign,broad_dollar_return,current,0.01,0.10003604470677607,0.6170583677943611,0.16211763737091686,63,3.9365079365079363,2021-05,2026-08,3,trend+local_market_return,0.022020268675682297,exploratory_association_not_causal,trend_and_local_market
bond,foreign,broad_dollar_return,lag1,0.01,0.040052615803708336,0.7122335140184548,0.05623523046216908,63,3.9365079365079363,2021-05,2026-08,3,trend+local_market_return,0.021448684813549335,exploratory_association_not_causal,trend_and_local_market
bond,foreign,us10y_pct,current,1.0,-1.2215246673680091,1.343974039599091,-0.908890076278848,63,3.9365079365079363,2021-05,2026-08,3,trend+local_market_return,0.04108625642698449,exploratory_association_not_causal,trend_and_local_market
bond,foreign,us10y_pct,lag1,1.0,-1.4573449240364287,1.609475568954246,-0.9054781272531749,63,3.9365079365079363,2021-05,2026-08,3,trend+local_market_return,0.050998114575457,exploratory_association_not_causal,trend_and_local_market
bond,foreign,us10y_change_pp,current,1.0,1.6761989206377794,2.844977436445053,0.5891782828099603,63,3.9365079365079363,2021-05,2026-08,3,trend+local_market_return,0.028338563484112234,exploratory_association_not_causal,trend_and_local_market
bond,foreign,us10y_change_pp,lag1,1.0,-1.2119760073837476,3.1827456122759794,-0.38079575153889356,63,3.9365079365079363,2021-05,2026-08,3,trend+local_market_return,0.025399708369620022,exploratory_association_not_causal,trend_and_local_market
bond,foreign,fed_funds_pct,current,1.0,-0.5297849784848555,0.5782112213512494,-0.9162481787309069,62,3.935483870967742,2021-05,2026-07,3,trend+local_market_return,0.044372094568294385,exploratory_association_not_causal,trend_and_local_market
bond,foreign,fed_funds_pct,lag1,1.0,-0.4559520065005002,0.5457099986785945,-0.8355207117416977,63,3.9365079365079363,2021-05,2026-08,3,trend+local_market_return,0.03794516445860041,exploratory_association_not_causal,trend_and_local_market
bond,foreign,fed_funds_change_pp,current,1.0,-3.484536879881002,5.971252231136367,-0.5835521168761402,62,3.935483870967742,2021-05,2026-07,3,trend+local_market_return,0.035455127506819784,exploratory_association_not_causal,trend_and_local_market
bond,foreign,fed_funds_change_pp,lag1,1.0,-6.114197794352633,7.40834328182314,-0.8253124297512268,63,3.9365079365079363,2021-05,2026-08,3,trend+local_market_return,0.06290913426505984,exploratory_association_not_causal,trend_and_local_market
bond,domestic,deposit_rate_pct,current,1.0,-6.502296875095204,2.0515335781440367,-3.169481086913354,36,4.166666666666667,2022-07,2026-08,3,trend+local_market_return,0.44954916120385047,exploratory_association_not_causal,trend_and_local_market
bond,domestic,deposit_rate_pct,lag1,1.0,-8.582104834750558,2.7927233962433333,-3.073023574871354,35,4.057142857142857,2022-08,2026-04,3,trend+local_market_return,0.4053992918299687,exploratory_association_not_causal,trend_and_local_market
bond,domestic,deposit_rate_change_pp,current,1.0,-11.320234118130179,5.39579427689992,-2.0979736322775566,29,4.103448275862069,2022-08,2025-07,3,trend+local_market_return,0.3244693518953573,exploratory_association_not_causal,trend_and_local_market
bond,domestic,deposit_rate_change_pp,lag1,1.0,-9.777286469442073,5.245450278005868,-1.863955609385558,29,4.0,2022-09,2025-08,3,trend+local_market_return,0.3257385698984846,exploratory_association_not_causal,trend_and_local_market
bond,domestic,vix_mean,current,10.0,-5.023766925495535,3.8753026576448217,-1.2963547287294153,63,3.9365079365079363,2021-05,2026-08,3,trend+local_market_return,0.128323647885505,exploratory_association_not_causal,trend_and_local_market
bond,domestic,vix_mean,lag1,10.0,-4.867639942077001,4.289156674081033,-1.1348710975030796,63,3.9365079365079363,2021-05,2026-08,3,trend+local_market_return,0.1378747117387329,exploratory_association_not_causal,trend_and_local_market
bond,domestic,sp500_return,current,0.1,-4.041386278192854,2.705982408435936,-1.4935005732460709,63,3.9365079365079363,2021-05,2026-08,3,trend+local_market_return,0.10794417434300019,exploratory_association_not_causal,trend_and_local_market
bond,domestic,sp500_return,lag1,0.1,2.709475386114859,1.9095972938706711,1.4188726569793517,63,3.9365079365079363,2021-05,2026-08,3,trend+local_market_return,0.09455976604748473,exploratory_association_not_causal,trend_and_local_market
bond,domestic,broad_dollar_return,current,0.01,1.9645334916008603,0.8238940186504516,2.384449270330655,63,3.9365079365079363,2021-05,2026-08,3,trend+local_market_return,0.17470453291523746,exploratory_association_not_causal,trend_and_local_market
bond,domestic,broad_dollar_return,lag1,0.01,0.15239557936310053,0.5534621228594302,0.27534960942902026,63,3.9365079365079363,2021-05,2026-08,3,trend+local_market_return,0.0765644077705353,exploratory_association_not_causal,trend_and_local_market
bond,domestic,us10y_pct,current,1.0,2.8523742473868205,2.5705825357464165,1.1096217327091504,63,3.9365079365079363,2021-05,2026-08,3,trend+local_market_return,0.11565993195490254,exploratory_association_not_causal,trend_and_local_market
bond,domestic,us10y_pct,lag1,1.0,1.9920309620850927,2.6452574463935474,0.7530575010008794,63,3.9365079365079363,2021-05,2026-08,3,trend+local_market_return,0.09636203874538607,exploratory_association_not_causal,trend_and_local_market
bond,domestic,us10y_change_pp,current,1.0,3.984016642645232,4.005657057379257,0.9945975368275327,63,3.9365079365079363,2021-05,2026-08,3,trend+local_market_return,0.09052441637838515,exploratory_association_not_causal,trend_and_local_market
bond,domestic,us10y_change_pp,lag1,1.0,-3.2105456344762797,4.103630565071641,-0.7823671218854542,63,3.9365079365079363,2021-05,2026-08,3,trend+local_market_return,0.08645536580205038,exploratory_association_not_causal,trend_and_local_market
bond,domestic,fed_funds_pct,current,1.0,1.2927468863862877,1.0745030668488464,1.2031113975109224,62,3.935483870967742,2021-05,2026-07,3,trend+local_market_return,0.1264826887830932,exploratory_association_not_causal,trend_and_local_market
bond,domestic,fed_funds_pct,lag1,1.0,1.3386194743591384,1.0771374317672393,1.2427564346760194,63,3.9365079365079363,2021-05,2026-08,3,trend+local_market_return,0.1287575103452846,exploratory_association_not_causal,trend_and_local_market
bond,domestic,fed_funds_change_pp,current,1.0,-1.3706562043561572,10.914067642918033,-0.12558619290265757,62,3.935483870967742,2021-05,2026-07,3,trend+local_market_return,0.07869360062137265,exploratory_association_not_causal,trend_and_local_market
bond,domestic,fed_funds_change_pp,lag1,1.0,-2.215085560545645,9.357616136266339,-0.2367147282266547,63,3.9365079365079363,2021-05,2026-08,3,trend+local_market_return,0.07792222267712068,exploratory_association_not_causal,trend_and_local_market
vinacapital,foreign,deposit_rate_pct,current,1.0,-0.737420868429552,1.3321380179432176,-0.5535619121268743,36,4.416666666666667,2022-07,2026-08,3,none,0.014956812061122648,exploratory_association_not_causal,uncontrolled
vinacapital,foreign,deposit_rate_pct,lag1,1.0,-0.024994856252404163,1.1669575751406827,-0.021418821716282965,35,4.3428571428571425,2022-08,2026-04,3,none,1.692732230196281e-05,exploratory_association_not_causal,uncontrolled
vinacapital,foreign,deposit_rate_change_pp,current,1.0,-6.416841771043355,2.60128072064634,-2.4668009569720577,29,4.413793103448276,2022-08,2025-07,3,none,0.0911899391565607,exploratory_association_not_causal,uncontrolled
vinacapital,foreign,deposit_rate_change_pp,lag1,1.0,-10.452266245519509,2.236914330088855,-4.672626977674341,29,4.344827586206897,2022-09,2025-08,3,none,0.25294319884925676,exploratory_association_not_causal,uncontrolled
vinacapital,foreign,vix_mean,current,10.0,-1.2284433740109533,1.6136184183474707,-0.7612973179055674,64,4.21875,2021-05,2026-08,3,none,0.010924456353024525,exploratory_association_not_causal,uncontrolled
vinacapital,foreign,vix_mean,lag1,10.0,-1.8264505442553387,1.6846120502097162,-1.0841965329809704,64,4.21875,2021-05,2026-08,3,none,0.023939618623861403,exploratory_association_not_causal,uncontrolled
vinacapital,foreign,sp500_return,current,0.1,-0.3585433079391765,1.4624230433243104,-0.24517071826504658,64,4.21875,2021-05,2026-08,3,none,0.0008387706405182938,exploratory_association_not_causal,uncontrolled
vinacapital,foreign,sp500_return,lag1,0.1,0.5706637235997002,1.753690212823654,0.32540737208133375,64,4.21875,2021-05,2026-08,3,none,0.00213750333227658,exploratory_association_not_causal,uncontrolled
vinacapital,foreign,broad_dollar_return,current,0.01,0.18556319265236143,0.5152367145905744,0.3601513389817661,64,4.21875,2021-05,2026-08,3,none,0.0025736644148167676,exploratory_association_not_causal,uncontrolled
vinacapital,foreign,broad_dollar_return,lag1,0.01,0.12259205989231449,0.43183128361055456,0.28388878838818377,64,4.21875,2021-05,2026-08,3,none,0.0011242889194834627,exploratory_association_not_causal,uncontrolled
vinacapital,foreign,us10y_pct,current,1.0,0.38435287888039327,0.8499598009555076,0.4522012434568218,64,4.21875,2021-05,2026-08,3,none,0.005656744636780786,exploratory_association_not_causal,uncontrolled
vinacapital,foreign,us10y_pct,lag1,1.0,0.30226394134977724,0.8819686533185066,0.3427150615982496,64,4.21875,2021-05,2026-08,3,none,0.0036400794489126476,exploratory_association_not_causal,uncontrolled
vinacapital,foreign,us10y_change_pp,current,1.0,1.0248534921471277,2.6928640211103105,0.38058122657250415,64,4.21875,2021-05,2026-08,3,none,0.0027413425700154592,exploratory_association_not_causal,uncontrolled
vinacapital,foreign,us10y_change_pp,lag1,1.0,-0.9207617528782016,2.4530710336001653,-0.3753506279542494,64,4.21875,2021-05,2026-08,3,none,0.002208431406039657,exploratory_association_not_causal,uncontrolled
vinacapital,foreign,fed_funds_pct,current,1.0,0.42474683905327504,0.4709990213670927,0.9017998335122461,63,4.222222222222222,2021-05,2026-07,3,none,0.02279813670258468,exploratory_association_not_causal,uncontrolled
vinacapital,foreign,fed_funds_pct,lag1,1.0,0.4138417213686336,0.4541605053336717,0.9112234914935726,64,4.21875,2021-05,2026-08,3,none,0.02279875163425027,exploratory_association_not_causal,uncontrolled
vinacapital,foreign,fed_funds_change_pp,current,1.0,-0.7648256204626398,4.625198629990503,-0.16536059997583505,63,4.222222222222222,2021-05,2026-07,3,none,0.0007668431110305907,exploratory_association_not_causal,uncontrolled
vinacapital,foreign,fed_funds_change_pp,lag1,1.0,-1.3361369836905037,4.4934341419604875,-0.297353191674363,64,4.21875,2021-05,2026-08,3,none,0.002350131188633253,exploratory_association_not_causal,uncontrolled
vinacapital,domestic,deposit_rate_pct,current,1.0,-2.3923963344865458,0.5701142893709826,-4.196345152348522,36,4.416666666666667,2022-07,2026-08,3,none,0.33485659469185225,exploratory_association_not_causal,uncontrolled
vinacapital,domestic,deposit_rate_pct,lag1,1.0,-2.1686275510914186,0.5754633167385601,-3.7684896465375433,35,4.3428571428571425,2022-08,2026-04,3,none,0.25404740882995447,exploratory_association_not_causal,uncontrolled
vinacapital,domestic,deposit_rate_change_pp,current,1.0,-3.5738885546343138,2.808638529003,-1.2724629808104782,29,4.413793103448276,2022-08,2025-07,3,none,0.06106518983393461,exploratory_association_not_causal,uncontrolled
vinacapital,domestic,deposit_rate_change_pp,lag1,1.0,-6.788345988761721,2.398499578991728,-2.8302468961096836,29,4.344827586206897,2022-09,2025-08,3,none,0.2946250084477683,exploratory_association_not_causal,uncontrolled
vinacapital,domestic,vix_mean,current,10.0,-0.22741108350876998,1.2330208495861439,-0.18443409418834983,64,4.21875,2021-05,2026-08,3,none,0.0004795610452311694,exploratory_association_not_causal,uncontrolled
vinacapital,domestic,vix_mean,lag1,10.0,-0.8564002033303009,1.6067092439298956,-0.5330150471006238,64,4.21875,2021-05,2026-08,3,none,0.006741957500333795,exploratory_association_not_causal,uncontrolled
vinacapital,domestic,sp500_return,current,0.1,-0.9794008977558593,1.2254635237157911,-0.7992085270609829,64,4.21875,2021-05,2026-08,3,none,0.008017003399505729,exploratory_association_not_causal,uncontrolled
vinacapital,domestic,sp500_return,lag1,0.1,0.2948726129953938,1.1998966841214138,0.24574833558382977,64,4.21875,2021-05,2026-08,3,none,0.0007310485819552737,exploratory_association_not_causal,uncontrolled
vinacapital,domestic,broad_dollar_return,current,0.01,0.9311418016940463,0.3935885710994421,2.3657744916043018,64,4.21875,2021-05,2026-08,3,none,0.08301010956596133,exploratory_association_not_causal,uncontrolled
vinacapital,domestic,broad_dollar_return,lag1,0.01,0.40866804129208995,0.30536408345717153,1.338297669671447,64,4.21875,2021-05,2026-08,3,none,0.01600389494347354,exploratory_association_not_causal,uncontrolled
vinacapital,domestic,us10y_pct,current,1.0,-1.6645078369043942,0.46378293858589026,-3.5889803147558776,64,4.21875,2021-05,2026-08,3,none,0.13589675271220447,exploratory_association_not_causal,uncontrolled
vinacapital,domestic,us10y_pct,lag1,1.0,-1.7085848812057283,0.4858414803263446,-3.516753818669527,64,4.21875,2021-05,2026-08,3,none,0.1489849476333177,exploratory_association_not_causal,uncontrolled
vinacapital,domestic,us10y_change_pp,current,1.0,1.6612671466241138,1.754685325069844,0.9467607227854307,64,4.21875,2021-05,2026-08,3,none,0.009226771944329304,exploratory_association_not_causal,uncontrolled
vinacapital,domestic,us10y_change_pp,lag1,1.0,0.038885265636511714,2.438352861493967,0.01594734964351587,64,4.21875,2021-05,2026-08,3,none,5.0453419551121925e-06,exploratory_association_not_causal,uncontrolled
vinacapital,domestic,fed_funds_pct,current,1.0,-0.9242977051480982,0.3062559910309022,-3.0180559147162405,63,4.222222222222222,2021-05,2026-07,3,none,0.13849099386435326,exploratory_association_not_causal,uncontrolled
vinacapital,domestic,fed_funds_pct,lag1,1.0,-0.8441549203096297,0.2998546092551541,-2.8152140879425875,64,4.21875,2021-05,2026-08,3,none,0.12151165327401259,exploratory_association_not_causal,uncontrolled
vinacapital,domestic,fed_funds_change_pp,current,1.0,-3.6246618876791885,4.661948392769722,-0.7774993591307713,63,4.222222222222222,2021-05,2026-07,3,none,0.022094053829138427,exploratory_association_not_causal,uncontrolled
vinacapital,domestic,fed_funds_change_pp,lag1,1.0,-5.5161921153606945,4.035625058635781,-1.3668742847050837,64,4.21875,2021-05,2026-08,3,none,0.05130976146414812,exploratory_association_not_causal,uncontrolled
vinacapital,foreign,deposit_rate_pct,current,1.0,-1.7109905036324993,1.3899176110780045,-1.231001384539242,36,4.416666666666667,2022-07,2026-08,3,trend+local_market_return,0.17031211235681087,exploratory_association_not_causal,trend_and_local_market
vinacapital,foreign,deposit_rate_pct,lag1,1.0,-2.357628410840096,1.3294135965238976,-1.7734348565448232,35,4.3428571428571425,2022-08,2026-04,3,trend+local_market_return,0.17761601997743226,exploratory_association_not_causal,trend_and_local_market
vinacapital,foreign,deposit_rate_change_pp,current,1.0,-6.076423050459347,3.3905859776855722,-1.792145396238304,29,4.413793103448276,2022-08,2025-07,3,trend+local_market_return,0.20622013725483046,exploratory_association_not_causal,trend_and_local_market
vinacapital,foreign,deposit_rate_change_pp,lag1,1.0,-11.18396501739494,2.593292058670085,-4.312651550373543,29,4.344827586206897,2022-09,2025-08,3,trend+local_market_return,0.36247319051031057,exploratory_association_not_causal,trend_and_local_market
vinacapital,foreign,vix_mean,current,10.0,-0.9303082670614702,1.7208369900737943,-0.5406138248002073,64,4.21875,2021-05,2026-08,3,trend+local_market_return,0.01565224044534108,exploratory_association_not_causal,trend_and_local_market
vinacapital,foreign,vix_mean,lag1,10.0,-1.8375687726840568,1.6701588000160985,-1.100235961195034,64,4.21875,2021-05,2026-08,3,trend+local_market_return,0.03320534138231401,exploratory_association_not_causal,trend_and_local_market
vinacapital,foreign,sp500_return,current,0.1,-1.3364233265045649,1.4027037422878645,-0.9527481008390313,64,4.21875,2021-05,2026-08,3,trend+local_market_return,0.019851891903634677,exploratory_association_not_causal,trend_and_local_market
vinacapital,foreign,sp500_return,lag1,0.1,0.3828437888943731,1.787103748307745,0.21422583286331184,64,4.21875,2021-05,2026-08,3,trend+local_market_return,0.012073784462741433,exploratory_association_not_causal,trend_and_local_market
vinacapital,foreign,broad_dollar_return,current,0.01,0.34833225499752296,0.5532926730236293,0.6295623852995553,64,4.21875,2021-05,2026-08,3,trend+local_market_return,0.019106103746928005,exploratory_association_not_causal,trend_and_local_market
vinacapital,foreign,broad_dollar_return,lag1,0.01,0.20927876748597163,0.4501786082381435,0.4648794137620676,64,4.21875,2021-05,2026-08,3,trend+local_market_return,0.01425490241333971,exploratory_association_not_causal,trend_and_local_market
vinacapital,foreign,us10y_pct,current,1.0,1.306897864924725,1.370389772646165,0.953668723315966,64,4.21875,2021-05,2026-08,3,trend+local_market_return,0.032286650790986915,exploratory_association_not_causal,trend_and_local_market
vinacapital,foreign,us10y_pct,lag1,1.0,0.8986497589978863,1.5390336681194206,0.5839051981857982,64,4.21875,2021-05,2026-08,3,trend+local_market_return,0.021644906300104294,exploratory_association_not_causal,trend_and_local_market
vinacapital,foreign,us10y_change_pp,current,1.0,1.9524554719799803,2.668744829591603,0.7316006574816535,64,4.21875,2021-05,2026-08,3,trend+local_market_return,0.019921186836076465,exploratory_association_not_causal,trend_and_local_market
vinacapital,foreign,us10y_change_pp,lag1,1.0,-0.7106230417682821,2.3943209235148952,-0.2967952352540435,64,4.21875,2021-05,2026-08,3,trend+local_market_return,0.012444008944219265,exploratory_association_not_causal,trend_and_local_market
vinacapital,foreign,fed_funds_pct,current,1.0,0.6916415980062407,0.5318551949033085,1.3004321564105086,63,4.222222222222222,2021-05,2026-07,3,trend+local_market_return,0.04633762914264905,exploratory_association_not_causal,trend_and_local_market
vinacapital,foreign,fed_funds_pct,lag1,1.0,0.6942856912698359,0.4984520882207321,1.3928835041059788,64,4.21875,2021-05,2026-08,3,trend+local_market_return,0.04716831561487833,exploratory_association_not_causal,trend_and_local_market
vinacapital,foreign,fed_funds_change_pp,current,1.0,-0.35813842110689886,5.731805017106819,-0.062482659483010905,63,4.222222222222222,2021-05,2026-07,3,trend+local_market_return,0.011218863630627074,exploratory_association_not_causal,trend_and_local_market
vinacapital,foreign,fed_funds_change_pp,lag1,1.0,-1.0284409951321474,5.6045500710796325,-0.18350108074492297,64,4.21875,2021-05,2026-08,3,trend+local_market_return,0.012245047734663506,exploratory_association_not_causal,trend_and_local_market
vinacapital,domestic,deposit_rate_pct,current,1.0,-2.94113388811671,0.756193035046356,-3.8893956328709285,36,4.416666666666667,2022-07,2026-08,3,trend+local_market_return,0.3680743193814501,exploratory_association_not_causal,trend_and_local_market
vinacapital,domestic,deposit_rate_pct,lag1,1.0,-3.4185375144653056,0.9888085426473212,-3.4572289447590228,35,4.3428571428571425,2022-08,2026-04,3,trend+local_market_return,0.3349771440848115,exploratory_association_not_causal,trend_and_local_market
vinacapital,domestic,deposit_rate_change_pp,current,1.0,-3.096965081091017,2.623484889415077,-1.1804775752992827,29,4.413793103448276,2022-08,2025-07,3,trend+local_market_return,0.08551923563231145,exploratory_association_not_causal,trend_and_local_market
vinacapital,domestic,deposit_rate_change_pp,lag1,1.0,-6.186670027733935,2.2202142644661893,-2.7865193584013874,29,4.344827586206897,2022-09,2025-08,3,trend+local_market_return,0.37910406702418364,exploratory_association_not_causal,trend_and_local_market
vinacapital,domestic,vix_mean,current,10.0,-0.9997333652170297,1.248589880015159,-0.8006899472906925,64,4.21875,2021-05,2026-08,3,trend+local_market_return,0.07530568379309044,exploratory_association_not_causal,trend_and_local_market
vinacapital,domestic,vix_mean,lag1,10.0,-1.6671642337851325,1.5593906101096389,-1.0691126539923927,64,4.21875,2021-05,2026-08,3,trend+local_market_return,0.09189947704098167,exploratory_association_not_causal,trend_and_local_market
vinacapital,domestic,sp500_return,current,0.1,-1.258383336314909,1.5931616199241878,-0.7898654603384122,64,4.21875,2021-05,2026-08,3,trend+local_market_return,0.0785276488512634,exploratory_association_not_causal,trend_and_local_market
vinacapital,domestic,sp500_return,lag1,0.1,0.5437675089961516,1.2918514568851758,0.4209210788887809,64,4.21875,2021-05,2026-08,3,trend+local_market_return,0.07103572765211053,exploratory_association_not_causal,trend_and_local_market
vinacapital,domestic,broad_dollar_return,current,0.01,0.9710816520789837,0.5031743265690894,1.9299109688293032,64,4.21875,2021-05,2026-08,3,trend+local_market_return,0.14787323165706567,exploratory_association_not_causal,trend_and_local_market
vinacapital,domestic,broad_dollar_return,lag1,0.01,0.36750272975178155,0.32782004735199893,1.121050200316679,64,4.21875,2021-05,2026-08,3,trend+local_market_return,0.08091659279325547,exploratory_association_not_causal,trend_and_local_market
vinacapital,domestic,us10y_pct,current,1.0,-2.1604942774169333,1.0634870513049868,-2.031519118888968,64,4.21875,2021-05,2026-08,3,trend+local_market_return,0.14264385411375968,exploratory_association_not_causal,trend_and_local_market
vinacapital,domestic,us10y_pct,lag1,1.0,-2.39387119586735,1.1262605658810567,-2.1255038739589187,64,4.21875,2021-05,2026-08,3,trend+local_market_return,0.16406145794759952,exploratory_association_not_causal,trend_and_local_market
vinacapital,domestic,us10y_change_pp,current,1.0,1.9020509034886433,2.057320787010546,0.9245281122408128,64,4.21875,2021-05,2026-08,3,trend+local_market_return,0.07930780188670261,exploratory_association_not_causal,trend_and_local_market
vinacapital,domestic,us10y_change_pp,lag1,1.0,-0.10585209418022368,2.331111606298927,-0.04540841969736642,64,4.21875,2021-05,2026-08,3,trend+local_market_return,0.06867869456011855,exploratory_association_not_causal,trend_and_local_market
vinacapital,domestic,fed_funds_pct,current,1.0,-0.907844370704578,0.4498441476614038,-2.018130891385764,63,4.222222222222222,2021-05,2026-07,3,trend+local_market_return,0.14570836100918905,exploratory_association_not_causal,trend_and_local_market
vinacapital,domestic,fed_funds_pct,lag1,1.0,-0.7960977631181645,0.43198995931005524,-1.84286172852174,64,4.21875,2021-05,2026-08,3,trend+local_market_return,0.12930739534169833,exploratory_association_not_causal,trend_and_local_market
vinacapital,domestic,fed_funds_change_pp,current,1.0,-7.9561248024168805,5.386033342785132,-1.4771770421871817,63,4.222222222222222,2021-05,2026-07,3,trend+local_market_return,0.15014673292729996,exploratory_association_not_causal,trend_and_local_market
vinacapital,domestic,fed_funds_change_pp,lag1,1.0,-10.050929443480223,4.119791585498153,-2.4396693946509176,64,4.21875,2021-05,2026-08,3,trend+local_market_return,0.20293248527566332,exploratory_association_not_causal,trend_and_local_market
