sample,month,n_funds,foreign_opening_aum_vnd,domestic_opening_aum_vnd,foreign_unit_demand_vnd,domestic_unit_demand_vnd,foreign_demand_rate,domestic_demand_rate,local_market_return,foreign_cumulative_net_demand_vnd,domestic_cumulative_net_demand_vnd
all,2021-05,4,394012413714.41406,1934403066911.586,2786788232.31521,51186573130.150604,0.00707284373617506,0.026461172444207124,0.075073937010164,2786788232.31521,51186573130.150604
all,2021-06,3,431863192664.83075,659100957539.1693,-57719820383.3055,143056509706.94818,-0.13365302105776325,0.2170479470111323,0.0616169280125799,-54933032150.99029,194243082837.0988
all,2021-07,4,426011152890.80316,2215938050059.197,-6439746976.234282,53453584856.29316,-0.015116381185177427,0.024122328173779586,-0.09447829817020448,-61372779127.22457,247696667693.39194
all,2021-08,4,402970686451.43823,2252326593809.5615,-4955582771.055249,4673255410.353134,-0.012297625950647017,0.002074856916042908,0.028634808909707994,-66328361898.27982,252369923103.74506
all,2021-09,3,402621787025.10516,2510412900723.895,-30193439565.2588,-51089605666.90555,-0.07499206585006815,-0.020351076769950276,0.0003065451135408926,-96521801463.53862,201280317436.8395
all,2021-10,6,591830209125.8481,4979162018426.152,-42828672500.41659,-109614621919.88036,-0.07236648592790808,-0.02201467265259388,0.05362105031627924,-139350473963.9552,91665695516.95915
all,2021-11,9,1187955345545.9001,6796838659867.101,7240537301.390807,248074209290.23383,0.006094957464974047,0.03649846961279561,0.054295274183687015,-132109936662.56439,339739904807.193
all,2021-12,8,1201661702832.275,6185735047408.725,-45444579518.72311,59397970889.944885,-0.03781811420935843,0.009602411101462772,-0.004168842835521236,-177554516181.2875,399137875697.1379
all,2022-01,9,858011956109.8923,6426285493180.107,-10476151161.025799,99516247672.4251,-0.01220979624634046,0.015485811792525662,-0.00735039037037456,-188030667342.3133,498654123369.563
all,2022-02,9,1113776426034.4468,7032118468880.553,413726076.29804313,91946205690.12251,0.0003714624107919909,0.013075178709945637,0.01326337161780585,-187616941266.01526,590600329059.6855
all,2022-03,10,1223875490765.7961,7319712765989.204,10855143853.395203,-15848795769.17812,0.008869483812118,-0.002165220996487596,-0.005265506874520967,-176761797412.62006,574751533290.5074
all,2022-04,10,1258371907029.6812,7403004502713.318,-23197541709.9609,403025144033.16046,-0.018434567380574668,0.054440753600169416,-0.1035095405595968,-199959339122.58096,977776677323.668
all,2022-05,9,3118989185472.162,5823697182356.838,-7280985132.419643,67872500285.203636,-0.0023344053792598916,0.0116545380296947,-0.04539619157974307,-207240324255.0006,1045649177608.8716
all,2022-06,8,2664739106447.2847,5278291968011.715,166966822450.28265,298647885244.624,0.06265784971080646,0.05658040272393685,-0.05479607754002842,-40273501804.71796,1344297062853.4956
all,2022-07,8,2832296767164.3135,5463441133824.686,-8088066091.604063,35968531515.02466,-0.002855656294697469,0.006583493925163767,-0.00986215024682648,-48361567896.32202,1380265594368.5203
all,2022-08,9,3110622326980.164,5287103471367.836,117145408360.15054,248872595848.21112,0.0376597979587824,0.04707163330469582,0.07081523858342802,68783840463.82852,1629138190216.7314
all,2022-09,11,3417366943243.781,8446734099433.219,-72971865865.01028,-264848278587.97327,-0.02135324273832445,-0.03135511020830462,-0.09842474150518675,-4188025401.1817627,1364289911628.7583
all,2022-10,11,3078057146821.0977,7725888754764.902,119407884506.84253,-1163668999630.8408,0.038793264325895485,-0.15061943506669753,-0.11769939438516212,115219859105.66077,200620911997.91748
all,2022-11,14,2756397734169.3623,6156802940274.639,83747508904.77786,-494135802590.3492,0.0303829552123816,-0.08025850549121312,-0.001905494691970401,198967368010.43863,-293514890592.4317
all,2022-12,13,2862297055443.0464,5258885435316.876,183495837682.15833,-279783897670.9908,0.06410789450843897,-0.05320212830499364,-0.007264258136768233,382463205692.5969,-573298788263.4225
all,2023-01,11,2945969125652.659,4170954904314.341,56705321106.3078,-21963608989.298107,0.019248443784605218,-0.005265846668967686,0.09770497827060964,439168526798.9047,-595262397252.7206
all,2023-02,14,3658284000939.1484,5956695425027.852,213563168933.79056,-189730186937.46115,0.05837796324149929,-0.031851584376848346,-0.055387978963971275,652731695732.6953,-784992584190.1818
all,2023-03,12,763458420363.2079,4393041613482.792,4600216562.534498,-94507683047.88135,0.006025497184700628,-0.02151304070460555,0.00442652289741434,657331912295.2299,-879500267238.0631
all,2023-04,14,3622581149866.3438,5189952609186.656,12596554339.040173,-71846623311.67201,0.003477231790792299,-0.013843406428123716,-0.014435522384554223,669928466634.27,-951346890549.7351
all,2023-05,15,3726977246608.629,5802737670140.371,-1739421987.2216759,-110592429135.1985,-0.0004667111903633076,-0.019058664275706128,0.030947185674224845,668189044647.0483,-1061939319684.9336
all,2023-06,14,3859906972414.4077,5403510283586.592,-19722052002.820744,-109603318122.52344,-0.005109463037261858,-0.020283725276779522,0.05578189175559429,648466992644.2275,-1171542637807.457
all,2023-07,11,3934496564545.7656,4840021723287.234,105685509670.01697,-19622698481.717278,0.026861253513946904,-0.004054258349152611,0.06487991492685612,754152502314.2445,-1191165336289.1743
all,2023-08,13,3984911564380.7163,4901273453445.284,-175634562608.37848,-51244209925.59471,-0.04407489595962297,-0.010455284817780016,0.0012667026205740528,578517939705.866,-1242409546214.769
all,2023-09,15,4340031175819.0825,6344067274047.917,-38039613425.22228,-20973042462.86728,-0.008764824925029063,-0.00330593002200072,-0.04252059146955141,540478326280.6437,-1263382588677.6362
all,2023-10,11,4048881550444.62,5463440918885.379,3721235323.8632355,66843818615.38927,0.0009190773495101617,0.012234747223920997,-0.07233226025103534,544199561604.5069,-1196538770062.247
all,2023-11,14,3971822773223.6606,5929573032366.339,194978702914.82373,-89293004311.51245,0.049090484154853835,-0.015058926473138981,0.022268739020611633,739178264519.3306,-1285831774373.7595
all,2023-12,14,4227639062876.011,5811974505574.987,-63979731034.53723,-201052900735.84616,-0.01513367865207788,-0.034592873823343744,0.023739155102518932,675198533484.7933,-1486884675109.6057
all,2024-01,14,4191266093949.7295,5574424573292.2705,73148087079.48868,60431309748.9696,0.01745250371602057,0.010840815756751498,0.04095868610472635,748346620564.282,-1426453365360.6362
all,2024-02,13,1159888464332.7766,6238090338086.224,47156008635.71887,443890367672.5166,0.04065564068080052,0.07115805376564925,0.059050349869568496,795502629200.0009,-982562997688.1196
all,2024-03,14,4631002106904.136,7034752326094.863,255199012686.73663,836819738480.1355,0.05510665009335082,0.11895511024261908,0.02845067349843296,1050701641886.7375,-145743259207.98413
all,2024-04,14,5195771325801.258,7375185079427.743,72043807928.0446,230217073173.6435,0.013865854251569564,0.03121509096982642,-0.062162735524228414,1122745449814.7822,84473813965.65936
all,2024-05,13,5212039289276.277,8301672181979.722,91493370034.98462,460784530336.5197,0.01755423644315794,0.055505026003885787,0.05726032034642993,1214238819849.7668,545258344302.1791
all,2024-06,14,5804391210018.203,9274763896794.795,-35134842478.33975,296351171266.8462,-0.006053148591655587,0.031952422138666,-0.008691417988997597,1179103977371.427,841609515569.0253
all,2024-07,13,5853250324948.193,9674805770386.809,150520814570.1393,632713499026.011,0.02571576580768764,0.06539805697832779,-0.010417245139295327,1329624791941.5664,1474323014595.0361
all,2024-08,13,5966761539518.43,10189445009934.568,90678192336.09976,267341450878.2091,0.015197220759624708,0.026237096389210096,0.02859989261578677,1420302984277.6663,1741664465473.245
all,2024-09,13,6153907746700.094,10416827182634.904,162839780904.12228,327820011692.8137,0.02646119955104003,0.03147023618086872,0.0059659974564439415,1583142765181.7886,2069484477166.0588
all,2024-10,12,1939296857963.4768,11017442916836.525,15942127819.044487,344876120564.31555,0.008220571158861089,0.03130273722927906,-0.023357193114382373,1599084893000.833,2414360597730.3745
all,2024-11,13,6466488439699.354,11016385195059.646,50121637084.23643,406967634661.9678,0.007750982245097268,0.036942030208282337,-0.015362223037471841,1649206530085.0693,2821328232392.3423
all,2024-12,13,6383111277240.561,10982485334299.44,41956610402.34401,-23762833339.599552,0.006573065795036866,-0.0021637027153940977,0.026569723951308404,1691163140487.4133,2797565399052.7427
all,2025-01,11,6375400682095.851,10058644084823.146,-8261655033.4567375,400704787175.4384,-0.0012958644398081659,0.039836859103110786,-0.00851439023193332,1682901485453.9565,3198270186228.181
all,2025-02,13,6412314950456.221,11951149494416.78,93871157176.08575,-101535689064.23918,0.014639199400117901,-0.00849589314497937,0.03279040700278307,1776772642630.0422,3096734497163.942
all,2025-03,14,6784766083538.482,12553037502020.518,1638014104.3674088,304307313134.6112,0.00024142528779903488,0.024241727397502823,0.011157334668891966,1778410656734.4097,3401041810298.553
all,2025-04,12,1994450997891.9517,12497255457199.049,-22754487224.514942,309073714676.5054,-0.011408897610703623,0.024731327269017563,-0.06947661455763028,1755656169509.8948,3710115524975.0586
all,2025-05,12,1801250904972.0745,11287100100723.928,-17481734583.5826,-48337143396.62277,-0.009705330076630067,-0.004282512156822508,0.09228906931101344,1738174434926.3123,3661778381578.436
all,2025-06,9,1763492281049.2498,10533088969832.75,-157423290580.11932,-51882649007.048416,-0.08926792153944386,-0.004925682214936445,0.025327095202973132,1580751144346.1929,3609895732571.3877
all,2025-07,13,1620863516692.4084,12807834469144.594,20088006806.909744,-64894609049.908226,0.012393398086904962,-0.005066790112430489,0.11425599990846033,1600839151153.1025,3545001123521.4795
all,2025-08,13,1762138890050.6313,13513657141719.37,104890425030.05243,60664858198.93533,0.05952449356987895,0.004489151793828685,0.08267895002899406,1705729576183.155,3605665981720.415
all,2025-09,14,2008745833356.7073,14467238853447.293,40004688612.55671,942507159506.4692,0.01991525654876258,0.0651476877553512,0.007306492766306342,1745734264795.7117,4548173141226.885
all,2025-10,14,2038975734897.097,15409450307403.902,20356208919.758106,1237155641347.9893,0.00998354643037743,0.08028551419212944,0.0009175828742221978,1766090473715.4697,5785328782574.874
all,2025-11,13,2018290773366.8174,16262550823588.184,30059608401.574314,696851468599.5322,0.014893596501672697,0.04285007168671085,0.005062796121405588,1796150082117.044,6482180251174.406
all,2025-12,11,1890812588996.5212,15393524297040.477,33257811092.00826,55838306885.868965,0.01758916313840422,0.00362738940143839,0.045046841756036446,1829407893209.0522,6538018558060.275
all,2026-01,13,2079028806919.017,17089033445612.69,16111922600.142157,-254546671860.19766,0.007749735139081097,-0.014895322937386378,0.03858960547963534,1845519815809.1943,6283471886200.078
all,2026-02,13,1911309639810.296,15274728019174.703,55198013532.13661,451212889794.35175,0.02887968144063523,0.02953983136249197,0.027479875510456456,1900717829341.331,6734684775994.43
all,2026-03,14,2297937486654.1543,18480006760468.844,-246736302434.66876,396239378852.7276,-0.1073729393717851,0.021441516985823597,-0.11496036925105811,1653981526906.6624,7130924154847.157
all,2026-04,15,1879896066149.1843,17767805986224.816,8896832098.555668,73098900528.76216,0.004732619137173957,0.004114120819725009,0.12479384667073111,1662878359005.218,7204023055375.919
all,2026-05,14,1919332888649.8289,18034083353356.17,19143145926.165596,-228680231830.11258,0.00997385395695064,-0.012680446649236255,0.00725563283579923,1682021504931.3835,6975342823545.807
all,2026-06,15,1905594372316.083,17592862333320.918,-11475327702.07013,135998724180.77112,-0.006021915192855483,0.00773033526916136,-0.005522728369918799,1670546177229.3135,7111341547726.578
all,2026-07,14,1870924527493.2935,17467387715930.709,26591544978.23137,58001769057.968666,0.014213050600100537,0.00332057489083325,-0.08330502334576775,1697137722207.545,7169343316784.547
all,2026-08,12,1756304342558.1716,15950124960328.828,13360315796.553783,88696342660.97916,0.007607061870093434,0.005560855659851244,0.03919276873133924,1710498038004.0986,7258039659445.526
equity_balanced,2021-05,3,367990076397.16144,538430480205.8386,2786788232.31521,58307693725.33707,0.007572998325388283,0.1082919631575211,0.08062553141711007,2786788232.31521,58307693725.33707
equity_balanced,2021-06,3,431863192664.83075,659100957539.1693,-57719820383.3055,143056509706.94818,-0.13365302105776325,0.2170479470111323,0.0616169280125799,-54933032150.99029,201364203432.28525
equity_balanced,2021-07,3,399691026386.10675,834761710721.8933,-6439746976.234282,91220346885.80936,-0.01611181275311746,0.10927710952018024,-0.09425001781899094,-61372779127.22457,292584550318.0946
equity_balanced,2021-08,3,376481977524.29694,900165013248.703,-4955582771.055249,49755363766.961044,-0.013162868522000982,0.05527360321125293,0.037369144666840985,-66328361898.27982,342339914085.05566
equity_balanced,2021-09,2,401622630322.1947,542391386646.80536,-30193439565.2588,74039767555.24011,-0.07517863109714869,0.13650616395841358,0.005892897179148112,-96521801463.53862,416379681640.2958
equity_balanced,2021-10,3,489937434415.12854,1035549723927.8715,-42228722859.97869,95929398520.48692,-0.08619207248449993,0.09263620693811188,0.058704133967781735,-138750524323.5173,512309080160.7827
equity_balanced,2021-11,6,1086121257239.1063,3039376622737.894,6441544125.543713,672665778741.781,0.0059307780624034195,0.22131702063821182,0.05202151149968471,-132308980197.97359,1184974858902.5637
equity_balanced,2021-12,6,1126002712994.009,3799052765443.991,-45462601078.77962,300587569478.00494,-0.0403752145124907,0.07912171481589717,-0.0053361103706917375,-177771581276.7532,1485562428380.5686
equity_balanced,2022-01,5,703077745553.7253,3470643727230.275,-29042304230.030197,279048367676.59064,-0.04130738657807644,0.08040248138615005,-0.007203479381952558,-206813885506.7834,1764610796057.1592
equity_balanced,2022-02,6,1008495947195.1274,4259320963098.872,2294471223.093599,127879616980.96783,0.0022751417390174757,0.030023475124055673,0.014848139617822602,-204519414283.6898,1892490413038.127
equity_balanced,2022-03,6,1050604534886.194,4548793595773.807,7611224159.136442,176627195168.40298,0.007244613845076276,0.038829459163085306,-0.0058877911184892035,-196908190124.55334,2069117608206.53
equity_balanced,2022-04,6,1080761161133.9381,4806738833409.062,-25971344277.763794,388240565800.3187,-0.02403060473649384,0.08077005621813005,-0.10103738359310754,-222879534402.31714,2457358174006.8486
equity_balanced,2022-05,5,2937579775896.3765,3199626878529.6235,-11418563354.134834,90725880037.6989,-0.0038870649395897888,0.028355143734569335,-0.05275441639609646,-234298097756.45197,2548084054044.5474
equity_balanced,2022-06,5,2514468212194.8657,3283697249052.1343,164268248126.84027,89956399251.2534,0.0653292204411888,0.027394851726120623,-0.05154168478365662,-70029849629.6117,2638040453295.801
equity_balanced,2022-07,5,2678392122708.5312,3248178305104.4688,-8029326254.804064,-32163383077.059376,-0.0029978158114818475,-0.009901975832581312,-0.009265559977769046,-78059175884.41576,2605877070218.741
equity_balanced,2022-08,6,2912220482488.6704,3685190972421.3296,113152616518.96864,-82641908142.91081,0.038854412706510744,-0.02242540719364986,0.07146875800210076,35093440634.55289,2523235162075.8306
equity_balanced,2022-09,7,3207263136337.1035,4909612963486.895,-74949847433.14227,-45347989825.80663,-0.02336878648464738,-0.00923657122528039,-0.10277248881335779,-39856406798.589386,2477887172250.024
equity_balanced,2022-10,7,2864828301885.8496,4386538487928.15,112345813806.82173,-108553566735.11691,0.03921554870596158,-0.024746976923571674,-0.11846196193915161,72489407008.23235,2369333605514.907
equity_balanced,2022-11,9,2532976939501.8325,3780799613270.1675,115157409684.80377,-104294915020.69089,0.04546326809728165,-0.02758541199978646,0.009212477811858032,187646816693.03613,2265038690494.2163
equity_balanced,2022-12,8,2670286198743.704,3268108540910.296,223257685034.20596,-29261986543.195717,0.08360814849705718,-0.008953798864662283,-0.010685436682407085,410904501727.24207,2235776703951.0205
equity_balanced,2023-01,9,2942837364082.7915,3636125202374.2085,56705321106.3078,-16857727955.423134,0.019268927939543618,-0.004636179178983132,0.0963389255511632,467609822833.54987,2218918975995.597
equity_balanced,2023-02,10,3505308792704.4707,4721852797093.529,213180484432.2054,-136801398164.10284,0.06081646355262444,-0.028971974358944233,-0.05402493752727118,680790307265.7552,2082117577831.4944
equity_balanced,2023-03,7,608152820782.9185,2757485313866.0815,-50990692.42614484,-46442969310.07775,-8.384519595009177e-05,-0.016842508308761668,0.0015744961193744618,680739316573.3291,2035674608521.4167
equity_balanced,2023-04,10,3511691516573.713,4312519267594.287,15335550253.750025,-62800724279.009575,0.004366998120812335,-0.014562421726649486,-0.014451618785245028,696074866827.0791,1972873884242.4072
equity_balanced,2023-05,10,3562347394182.0234,4282353836963.977,-2923521968.159279,-59652401038.03768,-0.0008206729003841497,-0.01392981600986268,0.031052570759837896,693151344858.9198,1913221483204.3696
equity_balanced,2023-06,10,3693870416892.1235,4375251591787.876,-24714917273.53674,-46968950109.59812,-0.006690791631594617,-0.010735142682481722,0.05601106879939515,668436427585.383,1866252533094.7715
equity_balanced,2023-07,8,3810414898418.8774,3879905028536.123,104670243946.07106,37714548175.66625,0.02746951361897722,0.009720482305180507,0.06383504279871853,773106671531.4541,1903967081270.4377
equity_balanced,2023-08,9,3811036560741.6772,3983723266968.3228,-193640963515.20883,-27658910469.0473,-0.05081057618547847,-0.006942979874728139,0.0028109940556147153,579465708016.2452,1876308170801.3904
equity_balanced,2023-09,10,4145641698602.0015,4985554827919.998,-42664476123.43308,17370343093.283848,-0.010291404618450371,0.0034841344028565934,-0.04313266463778262,536801231892.81213,1893678513894.6743
equity_balanced,2023-10,7,3850819930931.683,4236595661188.317,-399506766.0870514,59458940647.41185,-0.00010374589652401459,0.01403460358327759,-0.0691048433618252,536401725126.7251,1953137454542.0862
equity_balanced,2023-11,9,3766060386115.7295,4577291072363.2705,182479941016.12476,44139752044.403984,0.04845380113629363,0.009643204101856359,0.01946208282117235,718881666142.8499,1997277206586.4902
equity_balanced,2023-12,9,4007954163328.9023,4582519919361.098,-95000761265.69159,-165076263407.9852,-0.023703055822072185,-0.03602303237363787,0.023132974373242982,623880904877.1582,1832200943178.5051
equity_balanced,2024-01,10,4058146360517.1787,4949200437275.821,68129383093.872574,-49237262904.75075,0.016788301121103483,-0.009948528763133367,0.04105305280863947,692010287971.0308,1782963680273.7544
equity_balanced,2024-02,8,874757183682.4385,4761810827963.562,39024361669.062744,63078418888.19872,0.044611650406554064,0.013246729273194348,0.06038428482387938,731034649640.0935,1846042099161.9531
equity_balanced,2024-03,9,4336232030980.6323,5167629465963.367,269855332092.57983,236563806187.71115,0.06223267808654429,0.045778012480546554,0.027610523203204354,1000889981732.6733,2082605905349.6643
equity_balanced,2024-04,10,5073658256797.034,5955353615761.966,75276387851.5773,242598070774.18835,0.014836708355501022,0.040736131962358514,-0.0617725629082232,1076166369584.2506,2325203976123.8525
equity_balanced,2024-05,10,4980453771233.984,5909668174874.016,114477649023.47392,134573593302.63933,0.02298538532466095,0.022771768112937782,0.05694063874212615,1190644018607.7246,2459777569426.4917
equity_balanced,2024-06,10,5544679459918.964,6527493466850.036,-38062622589.3809,140914307298.95532,-0.00686471109187206,0.021587812843412334,-0.008734520104497495,1152581396018.3438,2600691876725.4473
equity_balanced,2024-07,10,5639515210152.842,6768935093119.159,150146300719.19012,510987428702.79315,0.026623973005495426,0.07549007660336829,-0.00992499926525152,1302727696737.534,3111679305428.24
equity_balanced,2024-08,10,5751415288284.564,7149173048445.436,85105322422.3067,192198279081.22818,0.014797283478322862,0.02688398752958163,0.027775930370048975,1387833019159.8406,3303877584509.4683
equity_balanced,2024-09,9,5881402125466.08,7271957877031.92,157649436351.5954,279558428910.3564,0.0268047368618078,0.038443350970627364,0.00576963912681784,1545482455511.436,3583436013419.8247
equity_balanced,2024-10,9,1710785324931.9282,7819339435322.072,17889087305.79863,219287330208.35324,0.010456652301778677,0.028044227012038004,-0.02335444108311633,1563371542817.2346,3802723343628.1777
equity_balanced,2024-11,10,6192349806835.8955,8000980321811.1045,89300842598.69574,401466227961.27295,0.014421156004480597,0.05017712977831658,-0.015038075132292227,1652672385415.9304,4204189571589.4507
equity_balanced,2024-12,9,6142010622271.234,7599287138329.764,32873018449.247997,-58390093625.76147,0.005352159165933189,-0.007683627761773842,0.02637570663486039,1685545403865.1785,4145799477963.6895
equity_balanced,2025-01,9,6357272801247.302,8061570601467.698,-8796610243.316383,348888084003.0097,-0.0013837081588807204,0.0432779294818172,-0.00833732790927237,1676748793621.862,4494687561966.699
equity_balanced,2025-02,9,6155423930412.686,8447298716462.315,82066066832.75354,-78412216210.9274,0.013332317604849596,-0.00928251963649819,0.0323589386915333,1758814860454.6157,4416275345755.771
equity_balanced,2025-03,10,6514940439845.489,9054634171750.512,-8361959838.48967,372726189829.0929,-0.0012835051856111804,0.04116413570765329,0.011828943973929924,1750452900616.126,4789001535584.864
equity_balanced,2025-04,9,1714743580029.1743,9100000070679.826,-26221291453.64735,469773863921.84717,-0.015291669121281227,0.05162350112891287,-0.06950473862606484,1724231609162.4785,5258775399506.711
equity_balanced,2025-05,8,1514936841082.4414,7981292998391.559,-13873680593.41267,-74168387522.19617,-0.009157926731453537,-0.009292778442934378,0.09231875862144949,1710357928569.066,5184607011984.515
equity_balanced,2025-06,6,1483001917458.337,7701386592789.663,-162176402044.71295,-85647654963.926,-0.10935683908127455,-0.011121069424577731,0.02544816904042725,1548181526524.353,5098959357020.589
equity_balanced,2025-07,8,1329489753549.9448,9110815575480.055,17563235333.145218,-241352632568.63788,0.013210508231634461,-0.026490782364005965,0.11481235030670864,1565744761857.4983,4857606724451.951
equity_balanced,2025-08,8,1466737586751.1597,9601883266339.84,106201196105.18056,-81655832906.61603,0.07240640525236515,-0.008504147638710314,0.0810893127906461,1671945957962.679,4775950891545.335
equity_balanced,2025-09,8,1711394596668.292,10251663150141.707,28825329397.117805,894128846643.8188,0.016843181258860095,0.08721793074438458,0.007705192204968833,1700771287359.7969,5670079738189.154
equity_balanced,2025-10,8,1728682291192.0117,11125963541406.988,20435034433.24166,1280190483778.2986,0.01182116259150818,0.11506333622376816,0.0007140642575740215,1721206321793.0386,6950270221967.453
equity_balanced,2025-11,8,1708452901276.8638,12099719627089.137,28986068678.91142,750844866133.3666,0.016966267350564834,0.06205473261151915,0.00513689496621657,1750192390471.95,7701115088100.819
equity_balanced,2025-12,7,1580338090647.869,11621559044287.133,21831957351.368942,225943148461.70328,0.013814738428799626,0.01944172443651364,0.04490050717506123,1772024347823.3188,7927058236562.522
equity_balanced,2026-01,8,1751430682928.605,13076529563125.395,18471186178.289185,-129458283883.22598,0.010546341547130553,-0.009900049035050276,0.0390419657103031,1790495534001.608,7797599952679.297
equity_balanced,2026-02,7,1580187859025.079,11267598177778.92,40881403458.0027,524213105217.21423,0.025871229945549072,0.04652394387395058,0.028222160103311203,1831376937459.6106,8321813057896.511
equity_balanced,2026-03,8,1950612634171.4966,14509033917687.502,-251267645150.00046,756523599942.7306,-0.128814732739965,0.05214155568417803,-0.11515427448564347,1580109292309.61,9078336657839.242
equity_balanced,2026-04,9,1526281641037.3933,14173540566577.607,-32538162818.00351,339218816700.05994,-0.021318583636954287,0.02393324484497305,0.12505498389584943,1547571129491.6067,9417555474539.303
equity_balanced,2026-05,8,1522486745498.8936,14689343153650.107,17602470783.772354,9065424426.588768,0.011561657817917041,0.0006171429404136515,0.00695111325514999,1565173600275.3792,9426620898965.89
equity_balanced,2026-06,9,1504780281578.409,14469571854397.594,-22122443005.272667,252843183688.78653,-0.014701443975639937,0.017474130280637323,-0.005480793033455202,1543051157270.1064,9679464082654.678
equity_balanced,2026-07,9,1458304960024.877,14501298932567.125,-12048754738.422234,171242048725.29367,-0.008262163997725617,0.01180873861862933,-0.0824995841907593,1531002402531.6843,9850706131379.97
equity_balanced,2026-08,8,1305842692514.55,13191549597755.45,8091255023.344271,117465491245.89912,0.006196194281076559,0.008904601417401785,0.038017694285990354,1539093657555.0286,9968171622625.87
bond,2021-05,1,26022337317.252598,1395972586705.7473,0.0,-7121120595.186466,0.0,-0.005101189423777349,0.07153519069864989,0.0,-7121120595.186466
bond,2021-07,1,26320126504.6964,1381176339337.3035,0.0,-37766762029.516205,0.0,-0.027343910371094918,-0.09467851274354266,0.0,-44887882624.70267
bond,2021-08,1,26488708927.141304,1352161580560.8584,0.0,-45082108356.60791,0.0,-0.03334077007121328,0.02054670741960063,0.0,-89969990981.31058
bond,2021-09,1,999156702.9104999,1968021514077.0896,0.0,-125129373222.14568,0.0,-0.06358130352087413,-0.002371737919195316,0.0,-215099364203.45624
bond,2021-10,3,101892774710.7195,3943612294498.281,-599949640.4379017,-205544020440.36728,-0.005888048903773594,-0.052120747449520076,0.0517043109469064,-599949640.4379017,-420643384643.8235
bond,2021-11,3,101834088306.7937,3757462037129.2065,798993175.8470942,-424591569451.5471,0.00784602866419329,-0.11299956333715763,0.05672587365766819,199043535.40919244,-845234954095.3706
bond,2021-12,2,75658989838.2659,2386682281964.7344,18021560.056508273,-241189598588.06006,0.00023819456346208767,-0.10105643319625728,-0.001834130976232612,217065095.46570072,-1086424552683.4307
bond,2022-01,4,154934210556.16708,2955641765949.833,18566153069.0044,-179532120004.16562,0.11983249536921194,-0.060742178592969875,-0.00754751320280046,18783218164.4701,-1265956672687.5962
bond,2022-02,3,105280478839.3194,2772797505781.68,-1880745146.795556,-35933411290.84533,-0.01786413936876158,-0.012959262699825363,0.010362731776220597,16902473017.674545,-1301890083978.4414
bond,2022-03,4,173270955879.6023,2770919170215.3975,3243919694.2587614,-192475990937.58112,0.018721658674941494,-0.06946286741472109,-0.00408201766927849,20146392711.933308,-1494366074916.0225
bond,2022-04,4,177610745895.7431,2596265669304.257,2773802567.802896,14784578232.841759,0.015617312757816516,0.005694555225083613,-0.10875664675616657,22920195279.736202,-1479581496683.1807
bond,2022-05,4,181409409575.7858,2624070303827.2144,4137578221.7151904,-22853379752.495274,0.022807958150520693,-0.008709133943234505,-0.02929949835043808,27057773501.451393,-1502434876435.676
bond,2022-06,3,150270894252.4188,1994594718959.5813,2698574323.4424,208691485993.37064,0.017958063914289665,0.10462851626431063,-0.06359360199148796,29756347824.89379,-1293743390442.3054
bond,2022-07,3,153904644455.78238,2215262828720.218,-58739836.80000001,68131914592.08404,-0.0003816638348225825,0.030755679962112942,-0.011354545481080204,29697607988.093792,-1225611475850.2214
bond,2022-08,3,198401844491.4937,1601912498946.506,3992791841.181899,331514503991.12195,0.020124771780300088,0.20694919616966698,0.06842035875898365,33690399829.275692,-894096971859.0995
bond,2022-09,4,210103806906.67712,3537121135946.323,1977981568.1319985,-219500288762.16666,0.009414306181565614,-0.062056197773798165,-0.08900707196253611,35668381397.40769,-1113597260621.266
bond,2022-10,4,213228844935.24762,3339350266836.753,7062070700.020807,-1055115432895.724,0.03311967807247366,-0.3159642890337458,-0.11614287534307641,42730452097.4285,-2168712693516.9902
bond,2022-11,5,223420794667.5296,2376003327004.47,-31409900780.02591,-389840887569.6583,-0.14058629066630388,-0.16407421788468096,-0.028910089103398744,11320551317.402588,-2558553581086.6484
bond,2022-12,5,192010856699.34198,1990776894406.58,-39761847352.04764,-250521911127.795,-0.2070812454855523,-0.12584127926724392,0.002043247216670521,-28441296034.64505,-2809075492214.4434
bond,2023-01,2,3131761569.8677,534829701940.1323,0.0,-5105881033.874973,0.0,-0.009546741729849765,0.11441102566368255,-28441296034.64505,-2814181373248.3184
bond,2023-02,4,152975208234.6774,1234842627934.3225,382684501.585149,-52928788773.3583,0.0025016112480009006,-0.04286278071068779,-0.06346826288961795,-28058611533.059902,-2867110162021.677
bond,2023-03,5,155305599580.2896,1635556299616.7104,4651207254.960643,-48064713737.803604,0.029948741497604986,-0.029387379541179644,0.009786450477265783,-23407404278.09926,-2915174875759.4805
bond,2023-04,4,110889633292.6308,877433341592.3693,-2738995914.709852,-9045899032.662445,-0.02470019814640214,-0.010309499997168918,-0.014308092753682855,-26146400192.809113,-2924220774792.143
bond,2023-05,5,164629852426.60608,1520383833176.3938,1184099980.9376068,-50940028097.16081,0.007192498586885951,-0.03350471570770168,0.030456557901930362,-24962300211.871506,-2975160802889.3037
bond,2023-06,4,166036555522.2841,1028258691798.716,4992865270.715992,-62634368012.92531,0.030070879602449294,-0.06091304504643675,0.05423348274018039,-19969434941.155514,-3037795170902.229
bond,2023-07,3,124081666126.8886,960116694751.1113,1015265723.9459058,-57337246657.38353,0.008182238002088666,-0.059719039332241715,0.07229129022318954,-18954169217.209606,-3095132417559.6123
bond,2023-08,4,173875003639.0391,917550186476.9608,18006400906.830357,-23585299456.547413,0.10355945667849573,-0.02570464243171905,-0.009762345406851643,-947768310.3792496,-3118717717016.1597
bond,2023-09,5,194389477217.0813,1358512446127.9187,4624862698.210796,-38343385556.15112,0.0237917338140997,-0.02822453755608852,-0.038921548733039546,3677094387.831547,-3157061102572.3105
bond,2023-10,4,198061619512.93692,1226845257697.0632,4120742089.9502954,7384877967.977416,0.020805353909979202,0.006019404583948691,-0.0906502725292671,7797836477.781842,-3149676224604.333
bond,2023-11,5,205762387107.93112,1352281960003.069,12498761898.698963,-133432756355.91643,0.060743666878936585,-0.09867228899187089,0.03729842616556462,20296598376.480804,-3283108980960.2495
bond,2023-12,5,219684899547.10892,1229454586213.8909,31021030231.154346,-35976637327.86094,0.14120692999430415,-0.02926227428916354,0.027332584096372185,51317628607.63515,-3319085618288.1104
bond,2024-01,4,133119733432.5506,625224136016.4495,5018703985.616105,109668572653.72035,0.03770067634757542,0.17540681227129562,0.03983783095898917,56336332593.25125,-3209417045634.39
bond,2024-02,5,285131280650.3383,1476279510122.6616,8131646966.656139,380811948784.3178,0.02851895782219744,0.257953826611518,0.05478171751391815,64467979559.907394,-2828605096850.0723
bond,2024-03,5,294770075923.50305,1867122860131.497,-14656319405.84319,600255932292.4243,-0.04972119154200275,0.3214871099859758,0.032144044205790784,49811660154.06421,-2228349164557.648
bond,2024-04,4,122113069004.22331,1419831463665.7766,-3232579923.532697,-12380997600.54488,-0.026472022608987886,-0.008720047355887673,-0.06495350933164767,46579080230.53151,-2240730162158.193
bond,2024-05,3,231585518042.2925,2392004007105.7075,-22984278988.489304,326210937033.8804,-0.09924747964720262,0.13637558133884198,0.058587270168963264,23594801242.042206,-1914519225124.3125
bond,2024-06,4,259711750099.239,2747270429944.7607,2927780111.0411463,155436863967.89084,0.011273190796806097,0.05657865431580982,-0.00851837533005616,26522581353.08335,-1759082361156.4216
bond,2024-07,3,213735114795.3526,2905870677267.6475,374513850.949189,121726070323.21783,0.001752233606105291,0.04188970668084764,-0.012375187543622004,26897095204.03254,-1637356290833.2039
bond,2024-08,3,215346251233.86478,3040271961489.135,5572869913.793072,75143171796.98093,0.025878648371459076,0.024715937504543366,0.03186489392820422,32469965117.82561,-1562213119036.223
bond,2024-09,4,272505621234.01425,3144869305602.9854,5190344552.526896,48261582782.45731,0.019046743069089527,0.015346133048032602,0.006721773996728859,37660309670.35251,-1513951536253.7656
bond,2024-10,3,228511533031.5485,3198103481514.451,-1946959486.7541466,125588790355.96233,-0.008520180408073091,0.03926977068812363,-0.023364847082277283,35713350183.59836,-1388362745897.8032
bond,2024-11,3,274138632863.4583,3015404873248.542,-39179205514.45932,5501406700.694725,-0.14291749070614762,0.0018244338428650131,-0.01676081777263051,-3465855330.860962,-1382861339197.1084
bond,2024-12,4,241100654969.32547,3383198195969.675,9083591953.096014,34627260286.16193,0.03767551753126383,0.010235067022503316,0.027305328222830934,5617736622.235052,-1348234078910.9465
bond,2025-01,2,18127880848.5488,1997073483355.4512,534955209.8596489,51816703172.42878,0.02951007976767863,0.025946317751596792,-0.0097812779724434,6152691832.094701,-1296417375738.5178
bond,2025-02,4,256891020043.53473,3503850777954.466,11805090343.33221,-23123472853.31176,0.04595369017309998,-0.006599445672401366,0.034465771177864195,17957782175.42691,-1319540848591.8296
bond,2025-03,4,269825643692.99323,3498403330270.0063,9999973942.857082,-68418876694.48171,0.037060873110470634,-0.019557172296997886,0.008382378248546443,27957756118.283993,-1387959725286.3113
bond,2025-04,3,279707417862.7773,3397255386519.2227,3466804229.1324096,-160700149245.3418,0.012394395027568422,-0.04730293456389005,-0.06939389558365204,31424560347.4164,-1548659874531.653
bond,2025-05,4,286314063889.6331,3305807102332.367,-3608053990.1699286,25831244125.573383,-0.012601735105687099,0.007813899397623201,0.09221058183728137,27816506357.24647,-1522828630406.0796
bond,2025-06,3,280490363590.91284,2831702377043.087,4753111464.59365,33765005956.877575,0.01694572107128046,0.011923924714198102,0.024969794336903134,32569617821.840122,-1489063624449.202
bond,2025-07,5,291373763142.4636,3697018893664.536,2524771473.7645288,176458023518.72968,0.008665061145296301,0.047729813829493865,0.11279965683307983,35094389295.60465,-1312605600930.4722
bond,2025-08,5,295401303299.4715,3911773875379.528,-1310771075.1281135,142320691105.55136,-0.0044372555587518245,0.036382647780667826,0.08686111291453215,33783618220.47654,-1170284909824.921
bond,2025-09,6,297351236688.4153,4215575703305.5845,11179359215.438898,48378312862.65025,0.03759647795631463,0.0114760868425907,0.006249603418936036,44962977435.915436,-1121906596962.2708
bond,2025-10,6,310293443705.08466,4283486765996.9146,-78825513.48355293,-43034842430.309586,-0.0002540353819350172,-0.010046685044512773,0.001487083289550623,44884151922.431885,-1164941439392.5803
bond,2025-11,5,309837872089.95337,4162831196499.047,1073539722.6628928,-53993397533.834305,0.003464843453195478,-0.012970354786243293,0.004834035706178752,45957691645.09478,-1218934836926.4146
bond,2025-12,4,310474498348.65265,3771965252753.3467,11425853740.639315,-170104841575.83435,0.0368012632322815,-0.04509713907138097,0.045520062232786235,57383545385.73409,-1389039678502.249
bond,2026-01,5,327598123990.4121,4012503882487.295,-2359263578.1470246,-125088387976.97168,-0.00720170051467106,-0.031174645966804932,0.037044116570106006,55024281807.58707,-1514128066479.2207
bond,2026-02,6,331121780785.21674,4007129841395.783,14316610074.133907,-73000215422.8625,0.04323669086395868,-0.01821758173861287,0.025281590473541157,69340891881.72098,-1587128281902.0833
bond,2026-03,6,347324852482.6577,3970972842781.3423,4531342715.331683,-360284221090.0029,0.013046410825317885,-0.09072945984633157,-0.11422127902359878,73872234597.05266,-1947412502992.0862
bond,2026-04,6,353614425111.7912,3594265419647.209,41434994916.55917,-266119916171.29773,0.11717563530803352,-0.0740401403626498,0.12375536318912503,115307229513.61183,-2213532419163.384
bond,2026-05,6,396846143150.9351,3344740199706.065,1540675142.3932378,-237745656256.7014,0.003882298389396877,-0.071080455300413,0.008575078437227211,116847904656.00507,-2451278075420.085
bond,2026-06,6,400814090737.67413,3123290478923.325,10647115303.202534,-116844459508.01544,0.026563725051699558,-0.03741069244007512,-0.005712816325133642,127495019959.2076,-2568122534928.1006
bond,2026-07,5,412619567468.4167,2966088783363.5835,38640299716.6536,-113240279667.32501,0.09364630948970025,-0.0381783176223434,-0.08710958075018338,166135319675.8612,-2681362814595.426
bond,2026-08,4,450461650043.6213,2758575362573.379,5269060773.209513,-28769148584.91997,0.011697024092282382,-0.01042898772143105,0.04450137537486365,171404380449.0707,-2710131963180.3457
vinacapital,2021-05,4,394012413714.41406,1934403066911.586,2786788232.31521,51186573130.150604,0.00707284373617506,0.026461172444207124,0.075073937010164,2786788232.31521,51186573130.150604
vinacapital,2021-06,3,431863192664.83075,659100957539.1693,-57719820383.3055,143056509706.94818,-0.13365302105776325,0.2170479470111323,0.0616169280125799,-54933032150.99029,194243082837.0988
vinacapital,2021-07,4,426011152890.80316,2215938050059.197,-6439746976.234282,53453584856.29316,-0.015116381185177427,0.024122328173779586,-0.09447829817020448,-61372779127.22457,247696667693.39194
vinacapital,2021-08,4,402970686451.43823,2252326593809.5615,-4955582771.055249,4673255410.353134,-0.012297625950647017,0.002074856916042908,0.028634808909707994,-66328361898.27982,252369923103.74506
vinacapital,2021-09,2,401622630322.1947,542391386646.80536,-30193439565.2588,74039767555.24011,-0.07517863109714869,0.13650616395841358,0.005892897179148112,-96521801463.53862,326409690658.98517
vinacapital,2021-10,3,398579722111.11975,1931329015345.8804,-43046869179.17869,14676232389.98132,-0.1080006502869147,0.007599032724806324,0.04935416635212256,-139568670642.71732,341085923048.9665
vinacapital,2021-11,4,389321024310.31,2431485553587.69,1362581971.4342444,233080661301.01544,0.0034998931122409475,0.09585936505240665,0.05562994845282655,-138206088671.28308,574166584349.9819
vinacapital,2021-12,3,374288416562.39496,1734558888359.605,997215300.8194537,173184628560.7905,0.0026642964534629543,0.09984361426009207,-0.0020286175460906618,-137208873370.46362,747351212910.7725
vinacapital,2022-01,4,96878527014.23569,2134486484359.7642,19926303281.7707,-92373480864.13177,0.20568338408822684,-0.0432766764001502,-0.005283898307730699,-117282570088.69293,654977732046.6406
vinacapital,2022-02,4,404717910788.8226,2641411318796.1777,2073706968.2755487,29978625117.446194,0.005123832953757232,0.011349472497569572,0.010772375676572684,-115208863120.41739,684956357164.0868
vinacapital,2022-03,5,494492501447.4971,2776848211462.5034,9408280851.401669,97692447657.86246,0.01902613451945458,0.03518105428110888,-0.007233663947997762,-105800582269.01572,782648804821.9492
vinacapital,2022-04,5,514688470352.0137,2936017077025.987,-12045050113.673758,327526499233.485,-0.0234026033368024,0.11155469830075039,-0.10996895997437375,-117845632382.68947,1110175304055.434
vinacapital,2022-05,3,436454619552.1376,1480962599617.8623,11895628874.421144,47679070319.66516,0.027255133389647003,0.032194648488738306,-0.015815506299767145,-105950003508.26833,1157854374375.099
vinacapital,2022-06,2,100155054456.86139,1084652530897.1387,3207877460.700397,13901097807.060625,0.03202911204129082,0.01281617606659963,-0.06810764373000144,-102742126047.56793,1171755472182.1597
vinacapital,2022-07,2,102403661773.56839,1052896005906.4316,857595025.8044991,6186138958.489788,0.008374651950442798,0.005875356088148686,-0.012600356129106332,-101884531021.76343,1177941611140.6494
vinacapital,2022-08,4,453461003672.1114,2418536150156.8887,25991965422.03102,318854064591.7645,0.05731907531529501,0.1318376260661147,0.0708125065354568,-75892565599.7324,1496795675732.414
vinacapital,2022-09,5,540932570782.46857,3904864092072.5312,2209881741.447732,-94665959472.82104,0.0040853183202688255,-0.024243086888736373,-0.08257942082678943,-73682683858.28467,1402129716259.593
vinacapital,2022-10,5,512945118592.5628,3623954663433.437,2770450333.8983436,-61448216977.70433,0.005401065793354276,-0.016956121884672406,-0.12587571444721404,-70912233524.38632,1340681499281.8887
vinacapital,2022-11,4,197761691618.6458,2558993005107.354,-25667432880.588608,-299917065088.0272,-0.1297897113971115,-0.1172012055091355,-0.0015360971810619674,-96579666404.97493,1040764434193.8615
vinacapital,2022-12,4,171994157544.5089,2248077360882.4907,-14174158137.381794,-145282312139.70627,-0.08241069545466266,-0.06462513909337853,-0.023034841070501008,-110753824542.35672,895482122054.1552
vinacapital,2023-01,2,63030977680.048004,1286110591126.952,285886062.39540404,-14216296713.538616,0.004535643788465289,-0.011053712496902474,0.10877721460270832,-110467938479.96132,881265825340.6166
vinacapital,2023-02,5,454782830537.5317,2942791166313.4683,-5173586343.312024,-60419462229.78299,-0.011375949125425626,-0.020531345520338924,-0.06958417460559962,-115641524823.27335,820846363110.8336
vinacapital,2023-03,3,125400402928.74481,1199860453053.2554,5551626697.571842,-45753367648.284164,0.04427120302577014,-0.03813224073837645,0.0018656495324816274,-110089898125.7015,775092995462.5494
vinacapital,2023-04,4,405467007608.71295,2019725346111.287,6914992409.9522,-29380541255.536263,0.01705438982750814,-0.014546800292477683,-0.011271078327068699,-103174905715.74931,745712454207.0132
vinacapital,2023-05,5,475672317128.4742,2656390440370.5254,6887855815.814862,-80607529686.30016,0.014480253669995523,-0.030344759739105467,0.03240214924052467,-96287049899.93445,665104924520.713
vinacapital,2023-06,5,501671265227.49316,2656090163760.507,8212688660.726511,-64510911963.619446,0.016370657898857926,-0.024287922467317355,0.05108094465960442,-88074361239.20793,600594012557.0935
vinacapital,2023-07,3,449338486790.1751,2265374375737.825,9050474454.053244,-13061293652.850403,0.020141774453162942,-0.005765622579974836,0.08027172424759055,-79023886785.1547,587532718904.2432
vinacapital,2023-08,4,202199375228.48068,1840331681115.5193,16524390445.42506,-54778406840.96929,0.08172325174967962,-0.029765507708787196,-0.010491952697172175,-62499496339.72963,532754312063.27386
vinacapital,2023-09,5,598849982917.6122,2790994335015.388,6001121399.81054,-19791102065.003677,0.01002107634799107,-0.007091057769880625,-0.041642241859429066,-56498374939.91909,512963209998.2702
vinacapital,2023-10,5,606812854347.851,2770901605711.149,-69148186238.87767,54629062293.071526,-0.11395306764421141,0.019715266027662152,-0.08857298464763562,-125646561178.79675,567592272291.3417
vinacapital,2023-11,5,511098985137.2211,2663505462823.7793,16208615804.856909,58377194598.359535,0.031713261572032234,0.021917430023390885,0.0373707523515626,-109437945373.93985,625969466889.7012
vinacapital,2023-12,4,511176434730.383,2443407755621.6167,42186764153.91311,-65445524747.68464,0.08252877340905644,-0.0267845285327888,0.027007224178127225,-67251181220.02674,560523942142.0165
vinacapital,2024-01,4,479446256610.57745,2242274785091.423,2659873646.654692,-42933022440.7372,0.00554780355458095,-0.019147083455691053,0.0494609999998663,-64591307573.37205,517590919701.2793
vinacapital,2024-02,5,642987202250.7317,3018205773910.2686,42388948103.15658,117974958187.47592,0.06592502611992436,0.03908777831096394,0.04613456205200336,-22202359470.21547,635565877888.7552
vinacapital,2024-03,5,705594954164.3575,3237386404262.6426,64832524039.12367,309152506488.389,0.09188348592416652,0.09549447235625941,0.034000338598056457,42630164568.9082,944718384377.1443
vinacapital,2024-04,4,635666063876.022,2596779412485.9775,11771544177.113184,95154819316.36107,0.018518440492694077,0.036643397147571505,-0.061282999952962,54401708746.021385,1039873203693.5054
vinacapital,2024-05,4,733581033589.3204,3742916676028.679,76003336338.27518,176676324721.6314,0.10360591789894068,0.047202847408585394,0.0640742098134567,130405045084.29657,1216549528415.1367
vinacapital,2024-06,5,914404653712.3994,4159467977419.6006,-18015973862.541275,24493630856.75422,-0.019702408325896054,0.005888645131954899,-0.010503604699797501,112389071221.7553,1241043159271.8909
vinacapital,2024-07,4,860098151144.9757,4228707305739.024,19761681562.311584,245179628409.22595,0.02297607724886344,0.057979805808852855,-0.006176983691839391,132150752784.06688,1486222787681.1167
vinacapital,2024-08,4,876686690734.2699,4458967182516.7295,16622001795.381777,117015386725.07538,0.01896002525310382,0.026242710909352235,0.026500376888752872,148772754579.44867,1603238174406.1921
vinacapital,2024-09,5,953343232387.4064,4639944227184.594,12523786313.956562,149104270329.0674,0.013136702384296487,0.03213492728112818,0.006050085965169785,161296540893.40524,1752342444735.2595
vinacapital,2024-10,4,922323072311.9187,4815966339575.081,5522424548.799864,106781740252.63611,0.005987516429527467,0.02217244322809316,-0.025754305324782293,166818965442.2051,1859124184987.8955
vinacapital,2024-11,5,964557659994.6971,4872689572828.304,-21392261696.895645,151703350633.72556,-0.02217831300724236,0.031133391193166216,-0.015965449346327473,145426703745.30945,2010827535621.621
vinacapital,2024-12,4,878528738397.2316,4292601673503.768,8312382004.6457615,-48640100279.299416,0.00946170755871992,-0.01133114693113319,0.030168485418954696,153739085749.9552,1962187435342.3218
vinacapital,2025-01,3,748122436243.2085,3729076580675.7915,-21011926790.917095,149261728136.3896,-0.02808621393101261,0.04002645826848105,-0.005479473593182349,132727158959.0381,2111449163478.7114
vinacapital,2025-02,5,961458338155.7423,5312494741309.258,-26046074837.250404,-27225034970.458035,-0.02709017520947571,-0.005124717537837686,0.0313775516538729,106681084121.78769,2084224128508.2534
vinacapital,2025-03,5,941654939267.6742,5328668501179.326,-52304077912.3093,175814891527.69635,-0.05554484528375779,0.03299415069426546,0.00188775843142835,54377006209.478386,2260039020035.9497
vinacapital,2025-04,4,867093544760.2539,5340010361932.746,-12309567711.608006,36300350137.788864,-0.014196354921557542,0.006797805187151441,-0.061261343984818306,42067438497.87038,2296339370173.739
vinacapital,2025-05,4,753095122279.6134,4164394526848.3867,2466297560.0804496,13570112578.685457,0.0032748818670010568,0.0032586039798095973,0.08640147135406553,44533736057.95083,2309909482752.4243
vinacapital,2025-06,5,844625899454.8955,5397083048476.104,-171439336764.7051,-99115368885.2347,-0.20297665140904228,-0.01836461807146371,0.03256896707219898,-126905600706.75427,2210794113867.1895
vinacapital,2025-07,5,699017131761.4698,5493034522045.53,10303264027.251492,-184363135157.78696,0.0147396445081225,-0.033563076004323504,0.13159107411978557,-116602336679.50278,2026430978709.4026
vinacapital,2025-08,5,745738517494.5481,5626003653229.452,-30390563209.277523,-177547317326.65643,-0.04075230458979169,-0.0315583366578051,0.03685140765015149,-146992899888.7803,1848883661382.746
vinacapital,2025-09,5,738137432177.0908,5632938895819.908,13121781791.128796,395388730027.0595,0.017776881674225503,0.0701922632820444,0.03221127115843613,-133871118097.6515,2244272391409.8057
vinacapital,2025-10,5,758284552914.6421,6085430175497.357,2517840907.693836,176763302099.58636,0.0033204433586520154,0.029046969072344938,-0.008201074743227626,-131353277189.95767,2421035693509.392
vinacapital,2025-11,5,743105994640.699,6091724753463.3,6427400072.945947,158665722896.11398,0.008649371851795751,0.026046108338350072,0.009260861175016075,-124925877117.01172,2579701416405.506
vinacapital,2025-12,5,750033473651.9957,6253552896589.004,13166130386.838032,36906671215.24419,0.017554057051254915,0.005901712486573018,0.052132309060132664,-111759746730.17369,2616608087620.75
vinacapital,2026-01,5,764139131138.2744,6289688779263.432,-34154798390.13191,-139268056836.9568,-0.04469709375994703,-0.02214228107694481,0.05039464207171231,-145914545120.3056,2477340030783.793
vinacapital,2026-02,4,498905730385.61237,4181991260083.387,3014142182.566006,-35946349190.672,0.006041506438974607,-0.008595510357416491,0.009136889624324747,-142900402937.7396,2441393681593.121
vinacapital,2026-03,5,786395239171.6588,6557840971324.342,-24587842238.1389,47920009297.81123,-0.03126651970075282,0.007307284441228816,-0.10624566071250027,-167488245175.87848,2489313690890.932
vinacapital,2026-04,5,734627826374.0038,6346483000953.995,-4176942818.2060432,11817747917.91989,-0.005685794450262948,0.0018620940001168303,0.11476786982085627,-171665187994.08453,2501131438808.852
vinacapital,2026-05,5,728214146369.365,6342940797101.635,-10672363953.152761,-54393540518.83587,-0.014655529566902319,-0.008575445090657418,0.017613052835544134,-182337551947.2373,2446737898290.016
vinacapital,2026-06,5,707545238915.982,6177368798011.018,11143062069.566065,6863909812.86496,0.015748904037059395,0.0011111380973522244,-0.016349465627360754,-171194489877.67123,2453601808102.881
vinacapital,2026-07,4,712097969779.0806,6075431732351.92,-5315947847.057209,-76353286516.55994,-0.007465191690837729,-0.012567549086260914,-0.1002495997239845,-176510437724.72845,2377248521586.321
vinacapital,2026-08,4,650199892404.057,5383610971289.943,783633833.4735856,13056085770.673645,0.0012052198756541904,0.002425154016569911,0.06456522129885367,-175726803891.25488,2390304607356.9946
