fund_code,manager_id,asset_class,n_months,sample_start,sample_end,median_opening_foreign_share,foreign_net_unit_demand_vnd,domestic_net_unit_demand_vnd,opposite_sign_months,opposite_sign_share
DCBF,dcvfm,bond,58,2021-10,2026-08,0.08389251163607864,77423504050.6886,-395695847747.31213,36,0.6206896551724138
DCDE,dcvfm,equity,58,2021-10,2026-08,0.14696014778431515,86788458384.6468,552537951307.4967,13,0.22413793103448276
DCDS,dcvfm,equity,58,2021-11,2026-08,0.13756193579603682,178324209951.46655,4125530765786.6807,17,0.29310344827586204
SSI-EF,ssiam,equity,3,2026-04,2026-07,0.0,0.0,2822801428.322266,0,0.0
SSI-SCA,ssiam,equity,41,2021-11,2025-06,0.4683022064969328,-185645033754.02606,225130695701.05264,23,0.5609756097560976
SSIBF,ssiam,bond,35,2021-09,2026-07,0.0028975758262401586,-2399857786.440549,-1966997877821.4397,5,0.14285714285714285
VCBF-AIF,vcbf,bond,13,2025-07,2026-08,0.005870521486776871,2584646712.3230495,195405809654.73676,1,0.07692307692307693
VCBF-BCF,vcbf,equity,42,2022-11,2026-08,0.1673067532311021,5678841921.534997,946982147132.1215,12,0.2857142857142857
VCBF-FIF,vcbf,bond,43,2022-11,2026-08,0.020654846926674738,32857418588.77565,282525294335.54626,13,0.3023255813953488
VCBF-MGF,vcbf,equity,43,2022-11,2026-08,0.003069656129589266,8491206073.407796,444806797023.5514,15,0.3488372093023256
VCBF-TBF,vcbf,balanced,42,2022-11,2026-08,0.2757267601585089,775370013.8290616,425738247861.1444,9,0.21428571428571427
VINACAPITAL-VEOF,vinacapital,equity,60,2021-05,2026-08,0.08219888281288955,88662778265.2011,743007375582.3835,23,0.38333333333333336
VINACAPITAL-VESAF,vinacapital,equity,55,2021-05,2026-08,0.22899584651522326,-386437326226.8953,1623021628269.9658,22,0.4
VINACAPITAL-VFF,vinacapital,bond,54,2021-05,2026-08,0.13146121432798302,118958238037.6606,-850817698972.646,22,0.4074074074074074
VINACAPITAL-VIBF,vinacapital,balanced,56,2021-05,2026-08,0.05634019243940127,61109075186.715454,849644945106.5236,25,0.44642857142857145
VINACAPITAL-VLBF,vinacapital,bond,45,2022-01,2026-06,0.7772684195265147,-58019569153.93663,25448357370.768707,10,0.2222222222222222
VLGF,ssiam,equity,32,2022-05,2025-03,0.9825257624792144,1681346077739.148,28948267426.62781,13,0.40625
