sample,regime,n_transitions,next_negative_count,next_negative_probability,next_negative_ci95_low,next_negative_ci95_high,next_negative_prob,next_nonnegative_prob
all,nonnegative,461,113,0.24511930585683298,0.20806410241092999,0.28638734083339235,0.24511930585683298,0.754880694143167
all,first_negative,124,62,0.5,0.4133257730247514,0.5866742269752486,0.5,0.5
all,2plus_negative,182,137,0.7527472527472527,0.685276116149513,0.8097691266809405,0.7527472527472527,0.24725274725274726
equity_balanced,nonnegative,335,73,0.21791044776119403,0.1770357425904856,0.2651815058229324,0.21791044776119403,0.7820895522388059
equity_balanced,first_negative,79,34,0.43037974683544306,0.3269364765548295,0.5402799943969628,0.43037974683544306,0.5696202531645569
equity_balanced,2plus_negative,92,66,0.717391304347826,0.618110791059949,0.7992445118565297,0.717391304347826,0.28260869565217395
bond,nonnegative,126,40,0.31746031746031744,0.2426113595627622,0.403110812684037,0.31746031746031744,0.6825396825396826
bond,first_negative,45,28,0.6222222222222222,0.4762967000646754,0.7489211470165014,0.6222222222222222,0.37777777777777777
bond,2plus_negative,90,71,0.7888888888888889,0.6936500878323096,0.8604751615240526,0.7888888888888889,0.21111111111111114
vinacapital,nonnegative,157,39,0.2484076433121019,0.18736938275892337,0.32146415284380636,0.2484076433121019,0.7515923566878981
vinacapital,first_negative,47,22,0.46808510638297873,0.33331462168462633,0.6076785807322921,0.46808510638297873,0.5319148936170213
vinacapital,2plus_negative,74,60,0.8108108108108109,0.707122301658184,0.8838213582871408,0.8108108108108109,0.18918918918918914
