horizon_months,dependent,specification,performance_coef_pp,performance_t,own_lag_coef,own_lag_t,n_observations,n_months
3,subscriptions,baseline,1.9800430321676714,2.8640874061100083,,,417,62
3,subscriptions,own_lag,1.4679178510486857,2.523595817258989,0.43973782758181634,3.9757505487788016,417,62
3,subscriptions,both_lags,1.4531582604418567,2.6674784659870814,0.4017096168480213,3.896479926820428,417,62
3,redemptions,baseline,0.3188208785166573,0.7809136655773736,,,417,62
3,redemptions,own_lag,0.27246174066135787,0.6934770615858346,0.22361193769168897,3.5825490468689063,417,62
3,redemptions,both_lags,0.27910655519774963,0.7169393087756682,0.22548765068918852,3.5298310196277307,417,62
6,subscriptions,baseline,3.195042469374968,4.312481385206335,,,349,59
6,subscriptions,own_lag,2.0679888818631866,2.9291902622819754,0.36533288060984437,3.6597437428357757,349,59
6,subscriptions,both_lags,1.9778446305541184,3.001161296721512,0.34991094059701544,3.5662506735755186,349,59
6,redemptions,baseline,0.7796623996764875,1.6797372480216441,,,349,59
6,redemptions,own_lag,0.6362269781120293,1.4391624287344942,0.18324119267240424,3.012541248673228,349,59
6,redemptions,both_lags,0.6330606857580876,1.4387749666563965,0.1830457315039894,2.974754309305541,349,59
12,subscriptions,baseline,3.012707236810776,3.3001678627115565,,,236,52
12,subscriptions,own_lag,1.9097137238801665,2.071957380711326,0.35107947616166535,4.664095598230089,236,52
12,subscriptions,both_lags,1.8674886981594696,2.090344660363539,0.31018055458325766,3.877513409920871,236,52
12,redemptions,baseline,0.025505995915359847,0.0551865008408698,,,236,52
12,redemptions,own_lag,-0.06481398643402869,-0.14180475754321975,0.15140259760628366,1.8870574292534774,236,52
12,redemptions,both_lags,-0.06482824648107588,-0.14281899094479125,0.15140140394333845,1.8277738736204379,236,52
