specification,horizon_months,dependent,term,coefficient_percentage_points,std_error,t_stat,n_observations,n_funds,n_months,fixed_effects,cluster,note
raw,1,subscriptions,performance_rank_1m,0.37737743563705806,0.5956078418107256,0.6336005155502678,476,10,65,fund_code+month,month,Explicit fund and month fixed effects; month-clustered errors; rank 0=lowest and 1=highest within month and asset class.
raw,1,redemptions,performance_rank_1m,0.23227340742243285,0.3396354215654562,0.6838904091682557,476,10,65,fund_code+month,month,Explicit fund and month fixed effects; month-clustered errors; rank 0=lowest and 1=highest within month and asset class.
raw,1,net,performance_rank_1m,0.1451966959255664,0.5971998782909019,0.2431291452052836,476,10,65,fund_code+month,month,Explicit fund and month fixed effects; month-clustered errors; rank 0=lowest and 1=highest within month and asset class.
raw,3,subscriptions,performance_rank_3m,1.99277523542818,0.6879911142714713,2.8965130422336527,418,10,62,fund_code+month,month,Explicit fund and month fixed effects; month-clustered errors; rank 0=lowest and 1=highest within month and asset class.
raw,3,redemptions,performance_rank_3m,0.3304510312931317,0.40775636991065217,0.810412922220051,418,10,62,fund_code+month,month,Explicit fund and month fixed effects; month-clustered errors; rank 0=lowest and 1=highest within month and asset class.
raw,3,net,performance_rank_3m,1.6623287663306892,0.6854874598999477,2.4250316214002208,418,10,62,fund_code+month,month,Explicit fund and month fixed effects; month-clustered errors; rank 0=lowest and 1=highest within month and asset class.
raw,6,subscriptions,performance_rank_6m,3.2131821602344814,0.7326594884197614,4.385641912813881,350,10,59,fund_code+month,month,Explicit fund and month fixed effects; month-clustered errors; rank 0=lowest and 1=highest within month and asset class.
raw,6,redemptions,performance_rank_6m,0.8073488128752899,0.46276104475024504,1.7446343464606469,350,10,59,fund_code+month,month,Explicit fund and month fixed effects; month-clustered errors; rank 0=lowest and 1=highest within month and asset class.
raw,6,net,performance_rank_6m,2.405568130851604,0.7709439314448561,3.1202893397749887,350,10,59,fund_code+month,month,Explicit fund and month fixed effects; month-clustered errors; rank 0=lowest and 1=highest within month and asset class.
raw,12,subscriptions,performance_rank_12m,2.9553073599812585,0.8794349096132662,3.3604617325014567,237,10,52,fund_code+month,month,Explicit fund and month fixed effects; month-clustered errors; rank 0=lowest and 1=highest within month and asset class.
raw,12,redemptions,performance_rank_12m,0.09548730260124216,0.4566243952168512,0.20911563990332838,237,10,52,fund_code+month,month,Explicit fund and month fixed effects; month-clustered errors; rank 0=lowest and 1=highest within month and asset class.
raw,12,net,performance_rank_12m,2.8587813365112176,0.9092779984226543,3.144012437857742,237,10,52,fund_code+month,month,Explicit fund and month fixed effects; month-clustered errors; rank 0=lowest and 1=highest within month and asset class.
winsor_1pct,1,subscriptions,performance_rank_1m,0.2998479456442986,0.5713356645554242,0.5248192336769674,476,10,65,fund_code+month,month,Explicit fund and month fixed effects; month-clustered errors; rank 0=lowest and 1=highest within month and asset class.
winsor_1pct,1,redemptions,performance_rank_1m,0.2653564369437902,0.33200161602491846,0.7992624858906524,476,10,65,fund_code+month,month,Explicit fund and month fixed effects; month-clustered errors; rank 0=lowest and 1=highest within month and asset class.
winsor_1pct,1,net,performance_rank_1m,0.03449150870052353,0.5729219599296509,0.06020280441817721,476,10,65,fund_code+month,month,Explicit fund and month fixed effects; month-clustered errors; rank 0=lowest and 1=highest within month and asset class.
winsor_1pct,3,subscriptions,performance_rank_3m,1.8910368403938342,0.6428914985079486,2.9414556651979957,418,10,62,fund_code+month,month,Explicit fund and month fixed effects; month-clustered errors; rank 0=lowest and 1=highest within month and asset class.
winsor_1pct,3,redemptions,performance_rank_3m,0.3738554037017199,0.3809446263884118,0.9813904116356698,418,10,62,fund_code+month,month,Explicit fund and month fixed effects; month-clustered errors; rank 0=lowest and 1=highest within month and asset class.
winsor_1pct,3,net,performance_rank_3m,1.5171814366921206,0.6305557891611767,2.406101827580419,418,10,62,fund_code+month,month,Explicit fund and month fixed effects; month-clustered errors; rank 0=lowest and 1=highest within month and asset class.
winsor_1pct,6,subscriptions,performance_rank_6m,3.08611416349612,0.7258584968786285,4.25167464012225,350,10,59,fund_code+month,month,Explicit fund and month fixed effects; month-clustered errors; rank 0=lowest and 1=highest within month and asset class.
winsor_1pct,6,redemptions,performance_rank_6m,0.8480176352623889,0.4332068137941993,1.9575353116796799,350,10,59,fund_code+month,month,Explicit fund and month fixed effects; month-clustered errors; rank 0=lowest and 1=highest within month and asset class.
winsor_1pct,6,net,performance_rank_6m,2.2380965282337186,0.7435350390929651,3.0100753973396626,350,10,59,fund_code+month,month,Explicit fund and month fixed effects; month-clustered errors; rank 0=lowest and 1=highest within month and asset class.
winsor_1pct,12,subscriptions,performance_rank_12m,2.952124634861139,0.8796175287600109,3.3561457546471627,237,10,52,fund_code+month,month,Explicit fund and month fixed effects; month-clustered errors; rank 0=lowest and 1=highest within month and asset class.
winsor_1pct,12,redemptions,performance_rank_12m,0.113445490986404,0.445861140531654,0.25444130621280264,237,10,52,fund_code+month,month,Explicit fund and month fixed effects; month-clustered errors; rank 0=lowest and 1=highest within month and asset class.
winsor_1pct,12,net,performance_rank_12m,2.8386791438747245,0.9069534508580261,3.129906106194517,237,10,52,fund_code+month,month,Explicit fund and month fixed effects; month-clustered errors; rank 0=lowest and 1=highest within month and asset class.
