specification,horizon_months,dependent,term,coefficient_percentage_points,std_error,t_stat,n_observations,n_funds,n_months,fixed_effects,cluster,note,excluded
leave_one_fund_out,1,subscriptions,performance_rank_1m,0.6173280063798501,0.6415425896067092,0.9622556886804606,416,9,65,fund_code+month,month,Explicit fund and month fixed effects; month-clustered errors; rank 0=lowest and 1=highest within month and asset class.,DCDE
leave_one_fund_out,1,redemptions,performance_rank_1m,0.20604864312235627,0.32031376819091345,0.6432712658156708,416,9,65,fund_code+month,month,Explicit fund and month fixed effects; month-clustered errors; rank 0=lowest and 1=highest within month and asset class.,DCDE
leave_one_fund_out,1,net,performance_rank_1m,0.41134245753428633,0.5982344297861762,0.6875940886272799,416,9,65,fund_code+month,month,Explicit fund and month fixed effects; month-clustered errors; rank 0=lowest and 1=highest within month and asset class.,DCDE
leave_one_fund_out,3,subscriptions,performance_rank_3m,1.9172743729086648,0.7026639983992408,2.7285792032556997,362,9,62,fund_code+month,month,Explicit fund and month fixed effects; month-clustered errors; rank 0=lowest and 1=highest within month and asset class.,DCDE
leave_one_fund_out,3,redemptions,performance_rank_3m,0.5599954001457377,0.3680727701314249,1.5214257766087516,362,9,62,fund_code+month,month,Explicit fund and month fixed effects; month-clustered errors; rank 0=lowest and 1=highest within month and asset class.,DCDE
leave_one_fund_out,3,net,performance_rank_3m,1.357230127853068,0.67700118068582,2.0047677412883655,362,9,62,fund_code+month,month,Explicit fund and month fixed effects; month-clustered errors; rank 0=lowest and 1=highest within month and asset class.,DCDE
leave_one_fund_out,6,subscriptions,performance_rank_6m,3.196473333758213,0.6841189967005572,4.672393763620816,300,9,59,fund_code+month,month,Explicit fund and month fixed effects; month-clustered errors; rank 0=lowest and 1=highest within month and asset class.,DCDE
leave_one_fund_out,6,redemptions,performance_rank_6m,0.5687270636028838,0.36804821885558753,1.545251503651584,300,9,59,fund_code+month,month,Explicit fund and month fixed effects; month-clustered errors; rank 0=lowest and 1=highest within month and asset class.,DCDE
leave_one_fund_out,6,net,performance_rank_6m,2.627558848347852,0.6895180617407762,3.8107179407516094,300,9,59,fund_code+month,month,Explicit fund and month fixed effects; month-clustered errors; rank 0=lowest and 1=highest within month and asset class.,DCDE
leave_one_fund_out,12,subscriptions,performance_rank_12m,2.4391597021533684,0.81541881763318,2.991296802829777,193,9,46,fund_code+month,month,Explicit fund and month fixed effects; month-clustered errors; rank 0=lowest and 1=highest within month and asset class.,DCDE
leave_one_fund_out,12,redemptions,performance_rank_12m,0.41926908591961976,0.43251857575555724,0.9693666571134147,193,9,46,fund_code+month,month,Explicit fund and month fixed effects; month-clustered errors; rank 0=lowest and 1=highest within month and asset class.,DCDE
leave_one_fund_out,12,net,performance_rank_12m,2.0187103512279077,0.8100006758841917,2.492232921934659,193,9,46,fund_code+month,month,Explicit fund and month fixed effects; month-clustered errors; rank 0=lowest and 1=highest within month and asset class.,DCDE
leave_one_fund_out,1,subscriptions,performance_rank_1m,0.307779176487017,0.5933777998982228,0.5186900766085415,416,9,65,fund_code+month,month,Explicit fund and month fixed effects; month-clustered errors; rank 0=lowest and 1=highest within month and asset class.,DCDS
leave_one_fund_out,1,redemptions,performance_rank_1m,0.2886545916156411,0.3783900036776426,0.7628494114806248,416,9,65,fund_code+month,month,Explicit fund and month fixed effects; month-clustered errors; rank 0=lowest and 1=highest within month and asset class.,DCDS
leave_one_fund_out,1,net,performance_rank_1m,0.019294950217938478,0.6344976827078378,0.03040980407618458,416,9,65,fund_code+month,month,Explicit fund and month fixed effects; month-clustered errors; rank 0=lowest and 1=highest within month and asset class.,DCDS
leave_one_fund_out,3,subscriptions,performance_rank_3m,1.9808450718174555,0.65991654105751,3.00165998058356,362,9,62,fund_code+month,month,Explicit fund and month fixed effects; month-clustered errors; rank 0=lowest and 1=highest within month and asset class.,DCDS
leave_one_fund_out,3,redemptions,performance_rank_3m,0.1953024639073302,0.37519290580758846,0.5205387972007335,362,9,62,fund_code+month,month,Explicit fund and month fixed effects; month-clustered errors; rank 0=lowest and 1=highest within month and asset class.,DCDS
leave_one_fund_out,3,net,performance_rank_3m,1.7856060362992787,0.6756212374516393,2.642909869195892,362,9,62,fund_code+month,month,Explicit fund and month fixed effects; month-clustered errors; rank 0=lowest and 1=highest within month and asset class.,DCDS
leave_one_fund_out,6,subscriptions,performance_rank_6m,3.041671836742859,0.7192443262183454,4.228982733496712,298,9,59,fund_code+month,month,Explicit fund and month fixed effects; month-clustered errors; rank 0=lowest and 1=highest within month and asset class.,DCDS
leave_one_fund_out,6,redemptions,performance_rank_6m,0.3641031891927806,0.4341713396490423,0.8386163616582787,298,9,59,fund_code+month,month,Explicit fund and month fixed effects; month-clustered errors; rank 0=lowest and 1=highest within month and asset class.,DCDS
leave_one_fund_out,6,net,performance_rank_6m,2.6773318205776446,0.7827547312302908,3.420396854541603,298,9,59,fund_code+month,month,Explicit fund and month fixed effects; month-clustered errors; rank 0=lowest and 1=highest within month and asset class.,DCDS
leave_one_fund_out,12,subscriptions,performance_rank_12m,2.208682255958937,0.8915405893365983,2.4773771181886777,189,9,50,fund_code+month,month,Explicit fund and month fixed effects; month-clustered errors; rank 0=lowest and 1=highest within month and asset class.,DCDS
leave_one_fund_out,12,redemptions,performance_rank_12m,0.10870106178339789,0.6861815106233605,0.15841444297245574,189,9,50,fund_code+month,month,Explicit fund and month fixed effects; month-clustered errors; rank 0=lowest and 1=highest within month and asset class.,DCDS
leave_one_fund_out,12,net,performance_rank_12m,2.099015837014247,1.1057627508080166,1.8982515331434597,189,9,50,fund_code+month,month,Explicit fund and month fixed effects; month-clustered errors; rank 0=lowest and 1=highest within month and asset class.,DCDS
leave_one_fund_out,1,subscriptions,performance_rank_1m,0.37737743563705806,0.5956078418107256,0.6336005155502678,476,10,65,fund_code+month,month,Explicit fund and month fixed effects; month-clustered errors; rank 0=lowest and 1=highest within month and asset class.,SSI-EF
leave_one_fund_out,1,redemptions,performance_rank_1m,0.23227340742243285,0.3396354215654562,0.6838904091682557,476,10,65,fund_code+month,month,Explicit fund and month fixed effects; month-clustered errors; rank 0=lowest and 1=highest within month and asset class.,SSI-EF
leave_one_fund_out,1,net,performance_rank_1m,0.1451966959255664,0.5971998782909019,0.2431291452052836,476,10,65,fund_code+month,month,Explicit fund and month fixed effects; month-clustered errors; rank 0=lowest and 1=highest within month and asset class.,SSI-EF
leave_one_fund_out,3,subscriptions,performance_rank_3m,1.99277523542818,0.6879911142714713,2.8965130422336527,418,10,62,fund_code+month,month,Explicit fund and month fixed effects; month-clustered errors; rank 0=lowest and 1=highest within month and asset class.,SSI-EF
leave_one_fund_out,3,redemptions,performance_rank_3m,0.3304510312931317,0.40775636991065217,0.810412922220051,418,10,62,fund_code+month,month,Explicit fund and month fixed effects; month-clustered errors; rank 0=lowest and 1=highest within month and asset class.,SSI-EF
leave_one_fund_out,3,net,performance_rank_3m,1.6623287663306892,0.6854874598999477,2.4250316214002208,418,10,62,fund_code+month,month,Explicit fund and month fixed effects; month-clustered errors; rank 0=lowest and 1=highest within month and asset class.,SSI-EF
leave_one_fund_out,6,subscriptions,performance_rank_6m,3.2131821602344814,0.7326594884197614,4.385641912813881,350,10,59,fund_code+month,month,Explicit fund and month fixed effects; month-clustered errors; rank 0=lowest and 1=highest within month and asset class.,SSI-EF
leave_one_fund_out,6,redemptions,performance_rank_6m,0.8073488128752899,0.46276104475024504,1.7446343464606469,350,10,59,fund_code+month,month,Explicit fund and month fixed effects; month-clustered errors; rank 0=lowest and 1=highest within month and asset class.,SSI-EF
leave_one_fund_out,6,net,performance_rank_6m,2.405568130851604,0.7709439314448561,3.1202893397749887,350,10,59,fund_code+month,month,Explicit fund and month fixed effects; month-clustered errors; rank 0=lowest and 1=highest within month and asset class.,SSI-EF
leave_one_fund_out,12,subscriptions,performance_rank_12m,2.9553073599812585,0.8794349096132662,3.3604617325014567,237,10,52,fund_code+month,month,Explicit fund and month fixed effects; month-clustered errors; rank 0=lowest and 1=highest within month and asset class.,SSI-EF
leave_one_fund_out,12,redemptions,performance_rank_12m,0.09548730260124216,0.4566243952168512,0.20911563990332838,237,10,52,fund_code+month,month,Explicit fund and month fixed effects; month-clustered errors; rank 0=lowest and 1=highest within month and asset class.,SSI-EF
leave_one_fund_out,12,net,performance_rank_12m,2.8587813365112176,0.9092779984226543,3.144012437857742,237,10,52,fund_code+month,month,Explicit fund and month fixed effects; month-clustered errors; rank 0=lowest and 1=highest within month and asset class.,SSI-EF
leave_one_fund_out,1,subscriptions,performance_rank_1m,0.3461217993340391,0.587363137393684,0.5892807656774155,431,9,65,fund_code+month,month,Explicit fund and month fixed effects; month-clustered errors; rank 0=lowest and 1=highest within month and asset class.,SSI-SCA
leave_one_fund_out,1,redemptions,performance_rank_1m,0.3001654472310058,0.3569746030592782,0.8408593907201884,431,9,65,fund_code+month,month,Explicit fund and month fixed effects; month-clustered errors; rank 0=lowest and 1=highest within month and asset class.,SSI-SCA
leave_one_fund_out,1,net,performance_rank_1m,0.04604522881568496,0.6093264243691099,0.0755674249042452,431,9,65,fund_code+month,month,Explicit fund and month fixed effects; month-clustered errors; rank 0=lowest and 1=highest within month and asset class.,SSI-SCA
leave_one_fund_out,3,subscriptions,performance_rank_3m,1.7261348851519323,0.6602550313021059,2.6143456745006204,377,9,62,fund_code+month,month,Explicit fund and month fixed effects; month-clustered errors; rank 0=lowest and 1=highest within month and asset class.,SSI-SCA
leave_one_fund_out,3,redemptions,performance_rank_3m,0.530582193803717,0.3602619939202445,1.4727676045705178,377,9,62,fund_code+month,month,Explicit fund and month fixed effects; month-clustered errors; rank 0=lowest and 1=highest within month and asset class.,SSI-SCA
leave_one_fund_out,3,net,performance_rank_3m,1.195555854243346,0.6739940840449342,1.7738373118474435,377,9,62,fund_code+month,month,Explicit fund and month fixed effects; month-clustered errors; rank 0=lowest and 1=highest within month and asset class.,SSI-SCA
leave_one_fund_out,6,subscriptions,performance_rank_6m,3.197450653819555,0.7539681107541721,4.2408300937572,315,9,59,fund_code+month,month,Explicit fund and month fixed effects; month-clustered errors; rank 0=lowest and 1=highest within month and asset class.,SSI-SCA
leave_one_fund_out,6,redemptions,performance_rank_6m,1.2245590860929934,0.44156943910627355,2.7731970957307936,315,9,59,fund_code+month,month,Explicit fund and month fixed effects; month-clustered errors; rank 0=lowest and 1=highest within month and asset class.,SSI-SCA
leave_one_fund_out,6,net,performance_rank_6m,1.9726129761601694,0.8210037464971218,2.4026845000117,315,9,59,fund_code+month,month,Explicit fund and month fixed effects; month-clustered errors; rank 0=lowest and 1=highest within month and asset class.,SSI-SCA
leave_one_fund_out,12,subscriptions,performance_rank_12m,3.2202453512288045,0.9229245696326397,3.4891750173154334,209,9,47,fund_code+month,month,Explicit fund and month fixed effects; month-clustered errors; rank 0=lowest and 1=highest within month and asset class.,SSI-SCA
leave_one_fund_out,12,redemptions,performance_rank_12m,0.1754668748136865,0.38392928089843814,0.45702915496071067,209,9,47,fund_code+month,month,Explicit fund and month fixed effects; month-clustered errors; rank 0=lowest and 1=highest within month and asset class.,SSI-SCA
leave_one_fund_out,12,net,performance_rank_12m,3.043676512497621,0.9238044340396021,3.2947195319124685,209,9,47,fund_code+month,month,Explicit fund and month fixed effects; month-clustered errors; rank 0=lowest and 1=highest within month and asset class.,SSI-SCA
leave_one_fund_out,1,subscriptions,performance_rank_1m,0.44617061100787225,0.6257107434303096,0.7130620908981816,430,9,65,fund_code+month,month,Explicit fund and month fixed effects; month-clustered errors; rank 0=lowest and 1=highest within month and asset class.,VCBF-BCF
leave_one_fund_out,1,redemptions,performance_rank_1m,0.14569481299254328,0.3792090541386345,0.3842071052957478,430,9,65,fund_code+month,month,Explicit fund and month fixed effects; month-clustered errors; rank 0=lowest and 1=highest within month and asset class.,VCBF-BCF
leave_one_fund_out,1,net,performance_rank_1m,0.30054724633019614,0.6318016494666711,0.4756987364371398,430,9,65,fund_code+month,month,Explicit fund and month fixed effects; month-clustered errors; rank 0=lowest and 1=highest within month and asset class.,VCBF-BCF
leave_one_fund_out,3,subscriptions,performance_rank_3m,2.1002084296200465,0.7331455812339244,2.864654010579018,376,9,62,fund_code+month,month,Explicit fund and month fixed effects; month-clustered errors; rank 0=lowest and 1=highest within month and asset class.,VCBF-BCF
leave_one_fund_out,3,redemptions,performance_rank_3m,0.28087356338025593,0.4341421437333767,0.6469622160265351,376,9,62,fund_code+month,month,Explicit fund and month fixed effects; month-clustered errors; rank 0=lowest and 1=highest within month and asset class.,VCBF-BCF
leave_one_fund_out,3,net,performance_rank_3m,1.8193939003225958,0.7284943811179295,2.4974714252848442,376,9,62,fund_code+month,month,Explicit fund and month fixed effects; month-clustered errors; rank 0=lowest and 1=highest within month and asset class.,VCBF-BCF
leave_one_fund_out,6,subscriptions,performance_rank_6m,3.1712123977339317,0.7528139471205345,4.212478275493723,314,9,59,fund_code+month,month,Explicit fund and month fixed effects; month-clustered errors; rank 0=lowest and 1=highest within month and asset class.,VCBF-BCF
leave_one_fund_out,6,redemptions,performance_rank_6m,0.744585408184804,0.4995447175748008,1.490528038810282,314,9,59,fund_code+month,month,Explicit fund and month fixed effects; month-clustered errors; rank 0=lowest and 1=highest within month and asset class.,VCBF-BCF
leave_one_fund_out,6,net,performance_rank_6m,2.4263696583848926,0.7858691698639771,3.0874982139900755,314,9,59,fund_code+month,month,Explicit fund and month fixed effects; month-clustered errors; rank 0=lowest and 1=highest within month and asset class.,VCBF-BCF
leave_one_fund_out,12,subscriptions,performance_rank_12m,2.6452037551676497,0.9020521660067811,2.932428804952024,213,9,52,fund_code+month,month,Explicit fund and month fixed effects; month-clustered errors; rank 0=lowest and 1=highest within month and asset class.,VCBF-BCF
leave_one_fund_out,12,redemptions,performance_rank_12m,-0.16958888503716807,0.49200286754492384,-0.3446908467900001,213,9,52,fund_code+month,month,Explicit fund and month fixed effects; month-clustered errors; rank 0=lowest and 1=highest within month and asset class.,VCBF-BCF
leave_one_fund_out,12,net,performance_rank_12m,2.8137395765982074,0.9540823164218921,2.949158084336594,213,9,52,fund_code+month,month,Explicit fund and month fixed effects; month-clustered errors; rank 0=lowest and 1=highest within month and asset class.,VCBF-BCF
leave_one_fund_out,1,subscriptions,performance_rank_1m,0.24661196470546187,0.5876040236116296,0.4196907352500659,433,9,65,fund_code+month,month,Explicit fund and month fixed effects; month-clustered errors; rank 0=lowest and 1=highest within month and asset class.,VCBF-MGF
leave_one_fund_out,1,redemptions,performance_rank_1m,0.19783452561965298,0.3468605918328817,0.570357458523193,433,9,65,fund_code+month,month,Explicit fund and month fixed effects; month-clustered errors; rank 0=lowest and 1=highest within month and asset class.,VCBF-MGF
leave_one_fund_out,1,net,performance_rank_1m,0.04883595166460619,0.5725598283678583,0.0852940587952497,433,9,65,fund_code+month,month,Explicit fund and month fixed effects; month-clustered errors; rank 0=lowest and 1=highest within month and asset class.,VCBF-MGF
leave_one_fund_out,3,subscriptions,performance_rank_3m,1.7129376139251882,0.7072615360848962,2.4219295501453306,378,9,62,fund_code+month,month,Explicit fund and month fixed effects; month-clustered errors; rank 0=lowest and 1=highest within month and asset class.,VCBF-MGF
leave_one_fund_out,3,redemptions,performance_rank_3m,0.3186690504107794,0.4391705330019195,0.725615737997127,378,9,62,fund_code+month,month,Explicit fund and month fixed effects; month-clustered errors; rank 0=lowest and 1=highest within month and asset class.,VCBF-MGF
leave_one_fund_out,3,net,performance_rank_3m,1.3943248492139837,0.6926093366303713,2.013147636729161,378,9,62,fund_code+month,month,Explicit fund and month fixed effects; month-clustered errors; rank 0=lowest and 1=highest within month and asset class.,VCBF-MGF
leave_one_fund_out,6,subscriptions,performance_rank_6m,2.874112341706116,0.7392682463852295,3.887780052449904,316,9,59,fund_code+month,month,Explicit fund and month fixed effects; month-clustered errors; rank 0=lowest and 1=highest within month and asset class.,VCBF-MGF
leave_one_fund_out,6,redemptions,performance_rank_6m,0.8424406604958641,0.5033626374839252,1.6736257277791446,316,9,59,fund_code+month,month,Explicit fund and month fixed effects; month-clustered errors; rank 0=lowest and 1=highest within month and asset class.,VCBF-MGF
leave_one_fund_out,6,net,performance_rank_6m,2.0313843536468106,0.7623145681272324,2.6647586686389637,316,9,59,fund_code+month,month,Explicit fund and month fixed effects; month-clustered errors; rank 0=lowest and 1=highest within month and asset class.,VCBF-MGF
leave_one_fund_out,12,subscriptions,performance_rank_12m,2.516685267613717,0.8773456975836792,2.868521809071368,215,9,52,fund_code+month,month,Explicit fund and month fixed effects; month-clustered errors; rank 0=lowest and 1=highest within month and asset class.,VCBF-MGF
leave_one_fund_out,12,redemptions,performance_rank_12m,0.36764413780048244,0.5158012542774423,0.7127631713798273,215,9,52,fund_code+month,month,Explicit fund and month fixed effects; month-clustered errors; rank 0=lowest and 1=highest within month and asset class.,VCBF-MGF
leave_one_fund_out,12,net,performance_rank_12m,2.1478709926212236,0.9334127113782931,2.3010946459574573,215,9,52,fund_code+month,month,Explicit fund and month fixed effects; month-clustered errors; rank 0=lowest and 1=highest within month and asset class.,VCBF-MGF
leave_one_fund_out,1,subscriptions,performance_rank_1m,0.17629395989178676,0.7396228690045571,0.23835655613117682,396,8,65,fund_code+month,month,Explicit fund and month fixed effects; month-clustered errors; rank 0=lowest and 1=highest within month and asset class.,VCBF-TBF
leave_one_fund_out,1,redemptions,performance_rank_1m,0.014712117766928046,0.44824048681636874,0.03282192974450159,396,8,65,fund_code+month,month,Explicit fund and month fixed effects; month-clustered errors; rank 0=lowest and 1=highest within month and asset class.,VCBF-TBF
leave_one_fund_out,1,net,performance_rank_1m,0.16171123877932292,0.7017558107792595,0.23043804738823875,396,8,65,fund_code+month,month,Explicit fund and month fixed effects; month-clustered errors; rank 0=lowest and 1=highest within month and asset class.,VCBF-TBF
leave_one_fund_out,3,subscriptions,performance_rank_3m,2.4788147505212983,0.9332637609003251,2.656070935541278,356,8,62,fund_code+month,month,Explicit fund and month fixed effects; month-clustered errors; rank 0=lowest and 1=highest within month and asset class.,VCBF-TBF
leave_one_fund_out,3,redemptions,performance_rank_3m,0.18980724874689692,0.5306404049147767,0.3576946779568752,356,8,62,fund_code+month,month,Explicit fund and month fixed effects; month-clustered errors; rank 0=lowest and 1=highest within month and asset class.,VCBF-TBF
leave_one_fund_out,3,net,performance_rank_3m,2.2890101473673754,0.8859663302990018,2.5836310806471223,356,8,62,fund_code+month,month,Explicit fund and month fixed effects; month-clustered errors; rank 0=lowest and 1=highest within month and asset class.,VCBF-TBF
leave_one_fund_out,6,subscriptions,performance_rank_6m,3.2847493715961598,0.8139837043783159,4.035399423757387,308,8,59,fund_code+month,month,Explicit fund and month fixed effects; month-clustered errors; rank 0=lowest and 1=highest within month and asset class.,VCBF-TBF
leave_one_fund_out,6,redemptions,performance_rank_6m,0.8444096048886358,0.5291493753537564,1.595786831127063,308,8,59,fund_code+month,month,Explicit fund and month fixed effects; month-clustered errors; rank 0=lowest and 1=highest within month and asset class.,VCBF-TBF
leave_one_fund_out,6,net,performance_rank_6m,2.4400318644621466,0.8829862623531979,2.7633859874097615,308,8,59,fund_code+month,month,Explicit fund and month fixed effects; month-clustered errors; rank 0=lowest and 1=highest within month and asset class.,VCBF-TBF
leave_one_fund_out,12,subscriptions,performance_rank_12m,2.954623521921004,0.8848969536874364,3.3389464271617744,227,8,52,fund_code+month,month,Explicit fund and month fixed effects; month-clustered errors; rank 0=lowest and 1=highest within month and asset class.,VCBF-TBF
leave_one_fund_out,12,redemptions,performance_rank_12m,0.11417429456663442,0.4593543674268659,0.24855384570782854,227,8,52,fund_code+month,month,Explicit fund and month fixed effects; month-clustered errors; rank 0=lowest and 1=highest within month and asset class.,VCBF-TBF
leave_one_fund_out,12,net,performance_rank_12m,2.8393937847006594,0.914710495279855,3.1041447532882507,227,8,52,fund_code+month,month,Explicit fund and month fixed effects; month-clustered errors; rank 0=lowest and 1=highest within month and asset class.,VCBF-TBF
leave_one_fund_out,1,subscriptions,performance_rank_1m,0.4635813664978947,0.6383235939412426,0.7262482084291673,414,9,62,fund_code+month,month,Explicit fund and month fixed effects; month-clustered errors; rank 0=lowest and 1=highest within month and asset class.,VINACAPITAL-VEOF
leave_one_fund_out,1,redemptions,performance_rank_1m,0.16002305398784245,0.3364223456531653,0.47566119211599056,414,9,62,fund_code+month,month,Explicit fund and month fixed effects; month-clustered errors; rank 0=lowest and 1=highest within month and asset class.,VINACAPITAL-VEOF
leave_one_fund_out,1,net,performance_rank_1m,0.30374102963532046,0.6616845140752837,0.4590420709177456,414,9,62,fund_code+month,month,Explicit fund and month fixed effects; month-clustered errors; rank 0=lowest and 1=highest within month and asset class.,VINACAPITAL-VEOF
leave_one_fund_out,3,subscriptions,performance_rank_3m,1.8829554767790029,0.6535915796804012,2.880935947338469,365,9,60,fund_code+month,month,Explicit fund and month fixed effects; month-clustered errors; rank 0=lowest and 1=highest within month and asset class.,VINACAPITAL-VEOF
leave_one_fund_out,3,redemptions,performance_rank_3m,0.2574450920364555,0.39537287545822036,0.6511450532313011,365,9,60,fund_code+month,month,Explicit fund and month fixed effects; month-clustered errors; rank 0=lowest and 1=highest within month and asset class.,VINACAPITAL-VEOF
leave_one_fund_out,3,net,performance_rank_3m,1.625469020263071,0.6882139401062358,2.3618658756202415,365,9,60,fund_code+month,month,Explicit fund and month fixed effects; month-clustered errors; rank 0=lowest and 1=highest within month and asset class.,VINACAPITAL-VEOF
leave_one_fund_out,6,subscriptions,performance_rank_6m,2.7779303703680895,0.7186256743894266,3.8656152561322434,306,9,57,fund_code+month,month,Explicit fund and month fixed effects; month-clustered errors; rank 0=lowest and 1=highest within month and asset class.,VINACAPITAL-VEOF
leave_one_fund_out,6,redemptions,performance_rank_6m,0.7618752112875775,0.43475474352112714,1.7524252987260478,306,9,57,fund_code+month,month,Explicit fund and month fixed effects; month-clustered errors; rank 0=lowest and 1=highest within month and asset class.,VINACAPITAL-VEOF
leave_one_fund_out,6,net,performance_rank_6m,2.0158443088269795,0.7188934996727431,2.8040931094030457,306,9,57,fund_code+month,month,Explicit fund and month fixed effects; month-clustered errors; rank 0=lowest and 1=highest within month and asset class.,VINACAPITAL-VEOF
leave_one_fund_out,12,subscriptions,performance_rank_12m,3.5075064361960635,0.9280423480983149,3.7794680850323497,206,9,51,fund_code+month,month,Explicit fund and month fixed effects; month-clustered errors; rank 0=lowest and 1=highest within month and asset class.,VINACAPITAL-VEOF
leave_one_fund_out,12,redemptions,performance_rank_12m,0.33702168742195227,0.4991429235468804,0.6752007722098831,206,9,51,fund_code+month,month,Explicit fund and month fixed effects; month-clustered errors; rank 0=lowest and 1=highest within month and asset class.,VINACAPITAL-VEOF
leave_one_fund_out,12,net,performance_rank_12m,3.169399892634244,0.9496144855323015,3.337564812796272,206,9,51,fund_code+month,month,Explicit fund and month fixed effects; month-clustered errors; rank 0=lowest and 1=highest within month and asset class.,VINACAPITAL-VEOF
leave_one_fund_out,1,subscriptions,performance_rank_1m,0.28959223160262937,0.5433329448504061,0.5329922183944906,416,9,62,fund_code+month,month,Explicit fund and month fixed effects; month-clustered errors; rank 0=lowest and 1=highest within month and asset class.,VINACAPITAL-VESAF
leave_one_fund_out,1,redemptions,performance_rank_1m,0.4331346654080388,0.3093264139886178,1.4002511451349147,416,9,62,fund_code+month,month,Explicit fund and month fixed effects; month-clustered errors; rank 0=lowest and 1=highest within month and asset class.,VINACAPITAL-VESAF
leave_one_fund_out,1,net,performance_rank_1m,-0.1434809197157536,0.5824411789525439,-0.24634405138350313,416,9,62,fund_code+month,month,Explicit fund and month fixed effects; month-clustered errors; rank 0=lowest and 1=highest within month and asset class.,VINACAPITAL-VESAF
leave_one_fund_out,3,subscriptions,performance_rank_3m,1.68574704154749,0.5660726676456381,2.97796932778738,370,9,60,fund_code+month,month,Explicit fund and month fixed effects; month-clustered errors; rank 0=lowest and 1=highest within month and asset class.,VINACAPITAL-VESAF
leave_one_fund_out,3,redemptions,performance_rank_3m,0.2879267123686233,0.3947025590912737,0.7294776933585606,370,9,60,fund_code+month,month,Explicit fund and month fixed effects; month-clustered errors; rank 0=lowest and 1=highest within month and asset class.,VINACAPITAL-VESAF
leave_one_fund_out,3,net,performance_rank_3m,1.397763415368173,0.6163219222266532,2.2679112407981874,370,9,60,fund_code+month,month,Explicit fund and month fixed effects; month-clustered errors; rank 0=lowest and 1=highest within month and asset class.,VINACAPITAL-VESAF
leave_one_fund_out,6,subscriptions,performance_rank_6m,2.7166836072632137,0.7092770465773349,3.830215034270116,311,9,57,fund_code+month,month,Explicit fund and month fixed effects; month-clustered errors; rank 0=lowest and 1=highest within month and asset class.,VINACAPITAL-VESAF
leave_one_fund_out,6,redemptions,performance_rank_6m,0.8441661409587073,0.4564075478226996,1.849588476320817,311,9,57,fund_code+month,month,Explicit fund and month fixed effects; month-clustered errors; rank 0=lowest and 1=highest within month and asset class.,VINACAPITAL-VESAF
leave_one_fund_out,6,net,performance_rank_6m,1.871991944878233,0.7473257244115755,2.5049210588223625,311,9,57,fund_code+month,month,Explicit fund and month fixed effects; month-clustered errors; rank 0=lowest and 1=highest within month and asset class.,VINACAPITAL-VESAF
leave_one_fund_out,12,subscriptions,performance_rank_12m,3.0697694144025256,0.9085382798494211,3.378800302075661,211,9,50,fund_code+month,month,Explicit fund and month fixed effects; month-clustered errors; rank 0=lowest and 1=highest within month and asset class.,VINACAPITAL-VESAF
leave_one_fund_out,12,redemptions,performance_rank_12m,0.2473201974862409,0.515194405043046,0.4800521804299807,211,9,50,fund_code+month,month,Explicit fund and month fixed effects; month-clustered errors; rank 0=lowest and 1=highest within month and asset class.,VINACAPITAL-VESAF
leave_one_fund_out,12,net,performance_rank_12m,2.8213901278812497,0.9572471878112309,2.947399756098973,211,9,50,fund_code+month,month,Explicit fund and month fixed effects; month-clustered errors; rank 0=lowest and 1=highest within month and asset class.,VINACAPITAL-VESAF
leave_one_fund_out,1,subscriptions,performance_rank_1m,0.17629395989178676,0.7396228690045571,0.23835655613117682,396,8,65,fund_code+month,month,Explicit fund and month fixed effects; month-clustered errors; rank 0=lowest and 1=highest within month and asset class.,VINACAPITAL-VIBF
leave_one_fund_out,1,redemptions,performance_rank_1m,0.014712117766928046,0.44824048681636874,0.03282192974450159,396,8,65,fund_code+month,month,Explicit fund and month fixed effects; month-clustered errors; rank 0=lowest and 1=highest within month and asset class.,VINACAPITAL-VIBF
leave_one_fund_out,1,net,performance_rank_1m,0.16171123877932292,0.7017558107792595,0.23043804738823875,396,8,65,fund_code+month,month,Explicit fund and month fixed effects; month-clustered errors; rank 0=lowest and 1=highest within month and asset class.,VINACAPITAL-VIBF
leave_one_fund_out,3,subscriptions,performance_rank_3m,2.4788147505212983,0.9332637609003251,2.656070935541278,356,8,62,fund_code+month,month,Explicit fund and month fixed effects; month-clustered errors; rank 0=lowest and 1=highest within month and asset class.,VINACAPITAL-VIBF
leave_one_fund_out,3,redemptions,performance_rank_3m,0.18980724874689692,0.5306404049147767,0.3576946779568752,356,8,62,fund_code+month,month,Explicit fund and month fixed effects; month-clustered errors; rank 0=lowest and 1=highest within month and asset class.,VINACAPITAL-VIBF
leave_one_fund_out,3,net,performance_rank_3m,2.2890101473673754,0.8859663302990018,2.5836310806471223,356,8,62,fund_code+month,month,Explicit fund and month fixed effects; month-clustered errors; rank 0=lowest and 1=highest within month and asset class.,VINACAPITAL-VIBF
leave_one_fund_out,6,subscriptions,performance_rank_6m,3.2847493715961598,0.8139837043783159,4.035399423757387,308,8,59,fund_code+month,month,Explicit fund and month fixed effects; month-clustered errors; rank 0=lowest and 1=highest within month and asset class.,VINACAPITAL-VIBF
leave_one_fund_out,6,redemptions,performance_rank_6m,0.8444096048886358,0.5291493753537564,1.595786831127063,308,8,59,fund_code+month,month,Explicit fund and month fixed effects; month-clustered errors; rank 0=lowest and 1=highest within month and asset class.,VINACAPITAL-VIBF
leave_one_fund_out,6,net,performance_rank_6m,2.4400318644621466,0.8829862623531979,2.7633859874097615,308,8,59,fund_code+month,month,Explicit fund and month fixed effects; month-clustered errors; rank 0=lowest and 1=highest within month and asset class.,VINACAPITAL-VIBF
leave_one_fund_out,12,subscriptions,performance_rank_12m,2.954623521921004,0.8848969536874364,3.3389464271617744,227,8,52,fund_code+month,month,Explicit fund and month fixed effects; month-clustered errors; rank 0=lowest and 1=highest within month and asset class.,VINACAPITAL-VIBF
leave_one_fund_out,12,redemptions,performance_rank_12m,0.11417429456663442,0.4593543674268659,0.24855384570782854,227,8,52,fund_code+month,month,Explicit fund and month fixed effects; month-clustered errors; rank 0=lowest and 1=highest within month and asset class.,VINACAPITAL-VIBF
leave_one_fund_out,12,net,performance_rank_12m,2.8393937847006594,0.914710495279855,3.1041447532882507,227,8,52,fund_code+month,month,Explicit fund and month fixed effects; month-clustered errors; rank 0=lowest and 1=highest within month and asset class.,VINACAPITAL-VIBF
leave_one_fund_out,1,subscriptions,performance_rank_1m,0.4469543978991908,0.6003725112214281,0.74446179587717,450,9,65,fund_code+month,month,Explicit fund and month fixed effects; month-clustered errors; rank 0=lowest and 1=highest within month and asset class.,VLGF
leave_one_fund_out,1,redemptions,performance_rank_1m,0.2395164064288302,0.36043596252615656,0.6645186144860578,450,9,65,fund_code+month,month,Explicit fund and month fixed effects; month-clustered errors; rank 0=lowest and 1=highest within month and asset class.,VLGF
leave_one_fund_out,1,net,performance_rank_1m,0.2074379914703508,0.6029965912187418,0.3440118808152616,450,9,65,fund_code+month,month,Explicit fund and month fixed effects; month-clustered errors; rank 0=lowest and 1=highest within month and asset class.,VLGF
leave_one_fund_out,3,subscriptions,performance_rank_3m,2.097775676375015,0.7076230506765424,2.964538357490445,394,9,62,fund_code+month,month,Explicit fund and month fixed effects; month-clustered errors; rank 0=lowest and 1=highest within month and asset class.,VLGF
leave_one_fund_out,3,redemptions,performance_rank_3m,0.26470619067653445,0.5238524755725886,0.5053067476434115,394,9,62,fund_code+month,month,Explicit fund and month fixed effects; month-clustered errors; rank 0=lowest and 1=highest within month and asset class.,VLGF
leave_one_fund_out,3,net,performance_rank_3m,1.833069485698502,0.7485346056819964,2.448877408985489,394,9,62,fund_code+month,month,Explicit fund and month fixed effects; month-clustered errors; rank 0=lowest and 1=highest within month and asset class.,VLGF
leave_one_fund_out,6,subscriptions,performance_rank_6m,3.094307938367173,0.7898399863223075,3.9176390053066883,328,9,59,fund_code+month,month,Explicit fund and month fixed effects; month-clustered errors; rank 0=lowest and 1=highest within month and asset class.,VLGF
leave_one_fund_out,6,redemptions,performance_rank_6m,0.6652351775245204,0.6446868291978246,1.0318733800599957,328,9,59,fund_code+month,month,Explicit fund and month fixed effects; month-clustered errors; rank 0=lowest and 1=highest within month and asset class.,VLGF
leave_one_fund_out,6,net,performance_rank_6m,2.429072760842679,0.911202550426972,2.6657879301418355,328,9,59,fund_code+month,month,Explicit fund and month fixed effects; month-clustered errors; rank 0=lowest and 1=highest within month and asset class.,VLGF
leave_one_fund_out,12,subscriptions,performance_rank_12m,2.4638959890606102,0.9388218132563436,2.624455412379567,217,9,52,fund_code+month,month,Explicit fund and month fixed effects; month-clustered errors; rank 0=lowest and 1=highest within month and asset class.,VLGF
leave_one_fund_out,12,redemptions,performance_rank_12m,-0.6834656639048511,0.9072800196523129,-0.7533128131343267,217,9,52,fund_code+month,month,Explicit fund and month fixed effects; month-clustered errors; rank 0=lowest and 1=highest within month and asset class.,VLGF
leave_one_fund_out,12,net,performance_rank_12m,3.1473616529655004,1.130129603333411,2.7849563834821214,217,9,52,fund_code+month,month,Explicit fund and month fixed effects; month-clustered errors; rank 0=lowest and 1=highest within month and asset class.,VLGF
leave_one_manager_out,1,subscriptions,performance_rank_1m,0.5410110905597669,0.6832406900807488,0.7918309000241591,355,8,64,fund_code+month,month,Explicit fund and month fixed effects; month-clustered errors; rank 0=lowest and 1=highest within month and asset class.,dcvfm
leave_one_manager_out,1,redemptions,performance_rank_1m,0.42250293792531757,0.3448871869270646,1.2250467803394123,355,8,64,fund_code+month,month,Explicit fund and month fixed effects; month-clustered errors; rank 0=lowest and 1=highest within month and asset class.,dcvfm
leave_one_manager_out,1,net,performance_rank_1m,0.11866090081123293,0.6709757475236456,0.17684827096832026,355,8,64,fund_code+month,month,Explicit fund and month fixed effects; month-clustered errors; rank 0=lowest and 1=highest within month and asset class.,dcvfm
leave_one_manager_out,3,subscriptions,performance_rank_3m,1.8238682859518036,0.6449238505963766,2.828036650009499,303,8,59,fund_code+month,month,Explicit fund and month fixed effects; month-clustered errors; rank 0=lowest and 1=highest within month and asset class.,dcvfm
leave_one_manager_out,3,redemptions,performance_rank_3m,0.52624034706934,0.31495986599781195,1.6708171544402288,303,8,59,fund_code+month,month,Explicit fund and month fixed effects; month-clustered errors; rank 0=lowest and 1=highest within month and asset class.,dcvfm
leave_one_manager_out,3,net,performance_rank_3m,1.2976426855299472,0.6331019356816132,2.049658376313244,303,8,59,fund_code+month,month,Explicit fund and month fixed effects; month-clustered errors; rank 0=lowest and 1=highest within month and asset class.,dcvfm
leave_one_manager_out,6,subscriptions,performance_rank_6m,3.0714253144783044,0.6630754702441934,4.632090089755813,244,8,55,fund_code+month,month,Explicit fund and month fixed effects; month-clustered errors; rank 0=lowest and 1=highest within month and asset class.,dcvfm
leave_one_manager_out,6,redemptions,performance_rank_6m,0.5026498313513521,0.27847565493871185,1.8050045755776298,244,8,55,fund_code+month,month,Explicit fund and month fixed effects; month-clustered errors; rank 0=lowest and 1=highest within month and asset class.,dcvfm
leave_one_manager_out,6,net,performance_rank_6m,2.568715846268276,0.6607561914417982,3.8875395789530605,244,8,55,fund_code+month,month,Explicit fund and month fixed effects; month-clustered errors; rank 0=lowest and 1=highest within month and asset class.,dcvfm
leave_one_manager_out,12,subscriptions,performance_rank_12m,1.23947489795016,0.9203129505294243,1.3467971924519075,145,8,43,fund_code+month,month,Explicit fund and month fixed effects; month-clustered errors; rank 0=lowest and 1=highest within month and asset class.,dcvfm
leave_one_manager_out,12,redemptions,performance_rank_12m,0.4564510227036145,0.9416056160828387,0.48475817784784514,145,8,43,fund_code+month,month,Explicit fund and month fixed effects; month-clustered errors; rank 0=lowest and 1=highest within month and asset class.,dcvfm
leave_one_manager_out,12,net,performance_rank_12m,0.7816770375660482,1.2339438983496116,0.6334785873259992,145,8,43,fund_code+month,month,Explicit fund and month fixed effects; month-clustered errors; rank 0=lowest and 1=highest within month and asset class.,dcvfm
leave_one_manager_out,1,subscriptions,performance_rank_1m,0.47866057466621115,0.5965973159178187,0.8023176804438501,405,8,65,fund_code+month,month,Explicit fund and month fixed effects; month-clustered errors; rank 0=lowest and 1=highest within month and asset class.,ssiam
leave_one_manager_out,1,redemptions,performance_rank_1m,0.33272478291411467,0.36589033972228735,0.9093565661412502,405,8,65,fund_code+month,month,Explicit fund and month fixed effects; month-clustered errors; rank 0=lowest and 1=highest within month and asset class.,ssiam
leave_one_manager_out,1,net,performance_rank_1m,0.14593579175210003,0.611076992430806,0.23881735617566185,405,8,65,fund_code+month,month,Explicit fund and month fixed effects; month-clustered errors; rank 0=lowest and 1=highest within month and asset class.,ssiam
leave_one_manager_out,3,subscriptions,performance_rank_3m,1.8259891652713947,0.674438872529061,2.7074198117083093,353,8,62,fund_code+month,month,Explicit fund and month fixed effects; month-clustered errors; rank 0=lowest and 1=highest within month and asset class.,ssiam
leave_one_manager_out,3,redemptions,performance_rank_3m,0.4753740144158005,0.41852032809403167,1.1358445038516627,353,8,62,fund_code+month,month,Explicit fund and month fixed effects; month-clustered errors; rank 0=lowest and 1=highest within month and asset class.,ssiam
leave_one_manager_out,3,net,performance_rank_3m,1.3506151508556021,0.7064957609785041,1.9117101976450444,353,8,62,fund_code+month,month,Explicit fund and month fixed effects; month-clustered errors; rank 0=lowest and 1=highest within month and asset class.,ssiam
leave_one_manager_out,6,subscriptions,performance_rank_6m,3.120718789381282,0.7936528466408005,3.93209550320392,292,8,58,fund_code+month,month,Explicit fund and month fixed effects; month-clustered errors; rank 0=lowest and 1=highest within month and asset class.,ssiam
leave_one_manager_out,6,redemptions,performance_rank_6m,1.1051136032813247,0.5481756204123203,2.0159845898474895,292,8,58,fund_code+month,month,Explicit fund and month fixed effects; month-clustered errors; rank 0=lowest and 1=highest within month and asset class.,ssiam
leave_one_manager_out,6,net,performance_rank_6m,2.015605186099971,0.9134023487645002,2.2067002442311963,292,8,58,fund_code+month,month,Explicit fund and month fixed effects; month-clustered errors; rank 0=lowest and 1=highest within month and asset class.,ssiam
leave_one_manager_out,12,subscriptions,performance_rank_12m,3.239368490328715,1.1667165406675961,2.7764828708737994,179,8,37,fund_code+month,month,Explicit fund and month fixed effects; month-clustered errors; rank 0=lowest and 1=highest within month and asset class.,ssiam
leave_one_manager_out,12,redemptions,performance_rank_12m,-0.1115825940681141,0.4250730539539028,-0.26250215822952333,179,8,37,fund_code+month,month,Explicit fund and month fixed effects; month-clustered errors; rank 0=lowest and 1=highest within month and asset class.,ssiam
leave_one_manager_out,12,net,performance_rank_12m,3.350951084396794,1.1922744520427462,2.8105534582709093,179,8,37,fund_code+month,month,Explicit fund and month fixed effects; month-clustered errors; rank 0=lowest and 1=highest within month and asset class.,ssiam
leave_one_manager_out,1,subscriptions,performance_rank_1m,0.0723609147907247,0.8414964449127315,0.08599075519353976,307,6,65,fund_code+month,month,Explicit fund and month fixed effects; month-clustered errors; rank 0=lowest and 1=highest within month and asset class.,vcbf
leave_one_manager_out,1,redemptions,performance_rank_1m,-0.2412152266387242,0.5665418074757408,-0.4257677429199309,307,6,65,fund_code+month,month,Explicit fund and month fixed effects; month-clustered errors; rank 0=lowest and 1=highest within month and asset class.,vcbf
leave_one_manager_out,1,net,performance_rank_1m,0.31359717598801495,0.8062742704372874,0.3889460292685934,307,6,65,fund_code+month,month,Explicit fund and month fixed effects; month-clustered errors; rank 0=lowest and 1=highest within month and asset class.,vcbf
leave_one_manager_out,3,subscriptions,performance_rank_3m,2.2700908489363876,1.0889287584416572,2.0847009791394124,274,6,62,fund_code+month,month,Explicit fund and month fixed effects; month-clustered errors; rank 0=lowest and 1=highest within month and asset class.,vcbf
leave_one_manager_out,3,redemptions,performance_rank_3m,0.030843923343127244,0.6552877792594543,0.04706927905474477,274,6,62,fund_code+month,month,Explicit fund and month fixed effects; month-clustered errors; rank 0=lowest and 1=highest within month and asset class.,vcbf
leave_one_manager_out,3,net,performance_rank_3m,2.2394464118453934,1.0200095615299372,2.1955151170214458,274,6,62,fund_code+month,month,Explicit fund and month fixed effects; month-clustered errors; rank 0=lowest and 1=highest within month and asset class.,vcbf
leave_one_manager_out,6,subscriptions,performance_rank_6m,2.7837905817113153,0.8809725402094312,3.15990618850564,238,6,59,fund_code+month,month,Explicit fund and month fixed effects; month-clustered errors; rank 0=lowest and 1=highest within month and asset class.,vcbf
leave_one_manager_out,6,redemptions,performance_rank_6m,0.7857032324812696,0.6547340184486541,1.2000342281632743,238,6,59,fund_code+month,month,Explicit fund and month fixed effects; month-clustered errors; rank 0=lowest and 1=highest within month and asset class.,vcbf
leave_one_manager_out,6,net,performance_rank_6m,1.9977510600459407,0.9442319935841611,2.1157417600973054,238,6,59,fund_code+month,month,Explicit fund and month fixed effects; month-clustered errors; rank 0=lowest and 1=highest within month and asset class.,vcbf
leave_one_manager_out,12,subscriptions,performance_rank_12m,2.314018638698286,0.8631306908626613,2.6809597471102853,181,6,52,fund_code+month,month,Explicit fund and month fixed effects; month-clustered errors; rank 0=lowest and 1=highest within month and asset class.,vcbf
leave_one_manager_out,12,redemptions,performance_rank_12m,0.13084503377036683,0.575440276269384,0.2273824741963554,181,6,52,fund_code+month,month,Explicit fund and month fixed effects; month-clustered errors; rank 0=lowest and 1=highest within month and asset class.,vcbf
leave_one_manager_out,12,net,performance_rank_12m,2.1819304080839164,0.9389349561839638,2.3238355263199026,181,6,52,fund_code+month,month,Explicit fund and month fixed effects; month-clustered errors; rank 0=lowest and 1=highest within month and asset class.,vcbf
leave_one_manager_out,1,subscriptions,performance_rank_1m,0.009100721892565389,0.693853049672409,0.013116209400336485,280,6,62,fund_code+month,month,Explicit fund and month fixed effects; month-clustered errors; rank 0=lowest and 1=highest within month and asset class.,vinacapital
leave_one_manager_out,1,redemptions,performance_rank_1m,0.4856017375274426,0.5535121019700523,0.8773100638614691,280,6,62,fund_code+month,month,Explicit fund and month fixed effects; month-clustered errors; rank 0=lowest and 1=highest within month and asset class.,vinacapital
leave_one_manager_out,1,net,performance_rank_1m,-0.47626091906846924,0.8212883820025106,-0.5798948694576972,280,6,62,fund_code+month,month,Explicit fund and month fixed effects; month-clustered errors; rank 0=lowest and 1=highest within month and asset class.,vinacapital
leave_one_manager_out,3,subscriptions,performance_rank_3m,1.585976908243147,0.915343344450939,1.732657934159648,259,6,60,fund_code+month,month,Explicit fund and month fixed effects; month-clustered errors; rank 0=lowest and 1=highest within month and asset class.,vinacapital
leave_one_manager_out,3,redemptions,performance_rank_3m,-0.46060200177655375,0.5489047415798198,-0.8391292092884474,259,6,60,fund_code+month,month,Explicit fund and month fixed effects; month-clustered errors; rank 0=lowest and 1=highest within month and asset class.,vinacapital
leave_one_manager_out,3,net,performance_rank_3m,2.046359563140041,1.0667371221096966,1.9183353805977386,259,6,60,fund_code+month,month,Explicit fund and month fixed effects; month-clustered errors; rank 0=lowest and 1=highest within month and asset class.,vinacapital
leave_one_manager_out,6,subscriptions,performance_rank_6m,1.9009805296868265,0.8122646738263187,2.340346183876145,228,6,56,fund_code+month,month,Explicit fund and month fixed effects; month-clustered errors; rank 0=lowest and 1=highest within month and asset class.,vinacapital
leave_one_manager_out,6,redemptions,performance_rank_6m,0.7922166092303495,0.5367838252400927,1.4758578257755939,228,6,56,fund_code+month,month,Explicit fund and month fixed effects; month-clustered errors; rank 0=lowest and 1=highest within month and asset class.,vinacapital
leave_one_manager_out,6,net,performance_rank_6m,1.1080823819622792,0.9148645880200903,1.211198243403805,228,6,56,fund_code+month,month,Explicit fund and month fixed effects; month-clustered errors; rank 0=lowest and 1=highest within month and asset class.,vinacapital
leave_one_manager_out,12,subscriptions,performance_rank_12m,3.6574314688888947,0.9591812843695035,3.813076348015929,172,6,50,fund_code+month,month,Explicit fund and month fixed effects; month-clustered errors; rank 0=lowest and 1=highest within month and asset class.,vinacapital
leave_one_manager_out,12,redemptions,performance_rank_12m,0.5811444443074283,0.5383304780027407,1.079531009396926,172,6,50,fund_code+month,month,Explicit fund and month fixed effects; month-clustered errors; rank 0=lowest and 1=highest within month and asset class.,vinacapital
leave_one_manager_out,12,net,performance_rank_12m,3.075307806230457,1.0127863662163368,3.036482232397621,172,6,50,fund_code+month,month,Explicit fund and month fixed effects; month-clustered errors; rank 0=lowest and 1=highest within month and asset class.,vinacapital
