manager_id,month,n_funds,n_funds_positive,n_funds_negative,positive_net_flow_vnd,negative_net_flow_abs_vnd,sibling_offset_upper_bound_vnd,rotation_upper_bound_vnd,upper_bound_share_of_outflow,metric_scope
dcvfm,2021-06,3,2,1,40307367293.0,17179973569.0,17179973569.0,17179973569.0,1.0,upper_bound_not_observed_customer_transfers
dcvfm,2021-11,3,2,1,262028278074.0,71847612685.0,71847612685.0,71847612685.0,1.0,upper_bound_not_observed_customer_transfers
dcvfm,2021-12,3,2,1,130908448835.0,54292722723.0,54292722723.0,54292722723.0,1.0,upper_bound_not_observed_customer_transfers
dcvfm,2022-02,3,2,1,55995150763.0,13923965323.0,13923965323.0,13923965323.0,1.0,upper_bound_not_observed_customer_transfers
dcvfm,2022-03,3,2,1,46337239523.0,64035420427.0,46337239523.0,46337239523.0,0.7236188848923726,upper_bound_not_observed_customer_transfers
dcvfm,2022-04,3,2,1,80360177846.0,15607520996.0,15607520996.0,15607520996.0,1.0,upper_bound_not_observed_customer_transfers
dcvfm,2022-05,3,2,1,42057603838.0,22808550688.0,22808550688.0,22808550688.0,1.0,upper_bound_not_observed_customer_transfers
dcvfm,2022-06,3,2,1,50245264490.0,13130784818.0,13130784818.0,13130784818.0,1.0,upper_bound_not_observed_customer_transfers
dcvfm,2022-08,3,1,2,123890908.0,78574617452.0,123890908.0,123890908.0,0.001576729381796647,upper_bound_not_observed_customer_transfers
dcvfm,2022-12,2,1,1,1120741092.0,151124791538.0,1120741092.0,1120741092.0,0.0074159976043255095,upper_bound_not_observed_customer_transfers
dcvfm,2023-01,2,1,1,558751680.0,1993261171.0,558751680.0,558751680.0,0.280320355470367,upper_bound_not_observed_customer_transfers
dcvfm,2023-07,3,1,2,3853207427.0,10687712100.0,3853207427.0,3853207427.0,0.36052687338013156,upper_bound_not_observed_customer_transfers
dcvfm,2023-10,3,2,1,17262324042.0,474224454.0,474224454.0,474224454.0,1.0,upper_bound_not_observed_customer_transfers
dcvfm,2023-12,3,1,2,12599543549.0,5779725558.0,5779725558.0,5779725558.0,1.0,upper_bound_not_observed_customer_transfers
dcvfm,2024-01,3,2,1,98187349808.0,16971722517.0,16971722517.0,16971722517.0,1.0,upper_bound_not_observed_customer_transfers
dcvfm,2024-04,3,1,2,91322291905.0,77562601941.0,77562601941.0,77562601941.0,1.0,upper_bound_not_observed_customer_transfers
dcvfm,2024-05,3,2,1,164896834361.0,24950465726.0,24950465726.0,24950465726.0,1.0,upper_bound_not_observed_customer_transfers
dcvfm,2024-11,3,2,1,217378751916.0,6177815958.0,6177815958.0,6177815958.0,1.0,upper_bound_not_observed_customer_transfers
dcvfm,2024-12,3,1,2,30426446122.0,28944397043.0,28944397043.0,28944397043.0,1.0,upper_bound_not_observed_customer_transfers
dcvfm,2025-04,3,2,1,198633831097.0,76990029871.0,76990029871.0,76990029871.0,1.0,upper_bound_not_observed_customer_transfers
dcvfm,2025-05,3,2,1,21782776321.0,176987521962.0,21782776321.0,21782776321.0,0.12307520936801894,upper_bound_not_observed_customer_transfers
dcvfm,2025-06,3,2,1,61675985273.0,5145759541.0,5145759541.0,5145759541.0,1.0,upper_bound_not_observed_customer_transfers
dcvfm,2025-07,3,1,2,130900829730.0,77612041698.0,77612041698.0,77612041698.0,1.0,upper_bound_not_observed_customer_transfers
dcvfm,2025-10,3,2,1,874160074614.0,8414186477.0,8414186477.0,8414186477.0,1.0,upper_bound_not_observed_customer_transfers
dcvfm,2025-11,3,2,1,543092308207.0,42969849640.0,42969849640.0,42969849640.0,1.0,upper_bound_not_observed_customer_transfers
dcvfm,2025-12,3,2,1,140397821801.0,138624687885.0,138624687885.0,138624687885.0,1.0,upper_bound_not_observed_customer_transfers
dcvfm,2026-01,3,1,2,28841308490.0,169311618165.0,28841308490.0,28841308490.0,0.17034453277679476,upper_bound_not_observed_customer_transfers
dcvfm,2026-02,3,2,1,378337586327.0,36671906192.0,36671906192.0,36671906192.0,1.0,upper_bound_not_observed_customer_transfers
dcvfm,2026-03,3,2,1,167190840680.0,273678985113.0,167190840680.0,167190840680.0,0.6109012740271897,upper_bound_not_observed_customer_transfers
dcvfm,2026-04,3,2,1,143624526809.0,176269213414.0,143624526809.0,143624526809.0,0.8148021088156326,upper_bound_not_observed_customer_transfers
dcvfm,2026-05,3,2,1,36060081766.0,211947799115.0,36060081766.0,36060081766.0,0.17013661815112452,upper_bound_not_observed_customer_transfers
dcvfm,2026-06,3,2,1,125604969234.0,63152369367.0,63152369367.0,63152369367.0,1.0,upper_bound_not_observed_customer_transfers
dcvfm,2026-08,3,2,1,54742831457.0,8584729674.0,8584729674.0,8584729674.0,1.0,upper_bound_not_observed_customer_transfers
ssiam,2021-09,2,1,1,37048787172.0,125178368542.0,37048787172.0,37048787172.0,0.29596796637886635,upper_bound_not_observed_customer_transfers
ssiam,2021-10,2,1,1,18556930376.0,108382486839.0,18556930376.0,18556930376.0,0.17121705653023025,upper_bound_not_observed_customer_transfers
ssiam,2022-02,2,1,1,24467913106.0,6036232030.0,6036232030.0,6036232030.0,1.0,upper_bound_not_observed_customer_transfers
ssiam,2022-04,2,1,1,3571707143.0,3738370141.0,3571707143.0,3571707143.0,0.9554182727461497,upper_bound_not_observed_customer_transfers
ssiam,2022-05,2,1,1,9340882133.0,9755947292.0,9340882133.0,9340882133.0,0.9574551659027147,upper_bound_not_observed_customer_transfers
ssiam,2022-07,2,1,1,69937137460.0,6144439450.0,6144439450.0,6144439450.0,1.0,upper_bound_not_observed_customer_transfers
ssiam,2022-08,2,1,1,1166531117.0,13065302283.0,1166531117.0,1166531117.0,0.08928466343391375,upper_bound_not_observed_customer_transfers
ssiam,2022-11,3,1,2,107042560329.0,132321228167.0,107042560329.0,107042560329.0,0.8089598457618887,upper_bound_not_observed_customer_transfers
ssiam,2022-12,3,1,2,234234796396.0,8650411023.0,8650411023.0,8650411023.0,1.0,upper_bound_not_observed_customer_transfers
ssiam,2023-01,3,2,1,53720664825.0,349905405.0,349905405.0,349905405.0,1.0,upper_bound_not_observed_customer_transfers
ssiam,2023-02,3,1,2,218433067926.0,2953014938.0,2953014938.0,2953014938.0,1.0,upper_bound_not_observed_customer_transfers
ssiam,2023-03,3,1,2,39506250307.0,7668975372.0,7668975372.0,7668975372.0,1.0,upper_bound_not_observed_customer_transfers
ssiam,2023-05,3,1,2,6733070867.0,21218279253.0,6733070867.0,6733070867.0,0.31732407641152277,upper_bound_not_observed_customer_transfers
ssiam,2023-06,3,1,2,18038739108.0,51685701404.0,18038739108.0,18038739108.0,0.3490083063205556,upper_bound_not_observed_customer_transfers
ssiam,2023-07,3,2,1,98007522323.0,1899649487.0,1899649487.0,1899649487.0,1.0,upper_bound_not_observed_customer_transfers
ssiam,2023-10,3,2,1,76149956415.0,6873605808.0,6873605808.0,6873605808.0,1.0,upper_bound_not_observed_customer_transfers
ssiam,2023-11,3,1,2,178067586161.0,186684887678.0,178067586161.0,178067586161.0,0.9538403904880431,upper_bound_not_observed_customer_transfers
ssiam,2024-01,3,2,1,61705287154.0,28896014094.0,28896014094.0,28896014094.0,1.0,upper_bound_not_observed_customer_transfers
ssiam,2024-06,2,1,1,28710382263.0,18249536734.0,18249536734.0,18249536734.0,1.0,upper_bound_not_observed_customer_transfers
ssiam,2024-12,2,1,1,16386483563.0,5384071006.0,5384071006.0,5384071006.0,1.0,upper_bound_not_observed_customer_transfers
ssiam,2025-01,2,1,1,17237511862.0,7288637546.0,7288637546.0,7288637546.0,1.0,upper_bound_not_observed_customer_transfers
ssiam,2026-04,2,1,1,3473211938.0,4189152692.0,3473211938.0,3473211938.0,0.829096524610519,upper_bound_not_observed_customer_transfers
ssiam,2026-05,2,1,1,4420410447.0,1649181918.0,1649181918.0,1649181918.0,1.0,upper_bound_not_observed_customer_transfers
ssiam,2026-07,2,1,1,345269190.0,1500319428.0,345269190.0,345269190.0,0.23013045325971743,upper_bound_not_observed_customer_transfers
vcbf,2022-07,2,1,1,1643997424.0,952052405.0,952052405.0,952052405.0,1.0,upper_bound_not_observed_customer_transfers
vcbf,2022-08,3,1,2,87211582.0,1212569804.0,87211582.0,87211582.0,0.07192293731239904,upper_bound_not_observed_customer_transfers
vcbf,2022-10,4,2,2,3729848643.0,537084489.0,537084489.0,537084489.0,1.0,upper_bound_not_observed_customer_transfers
vcbf,2022-11,4,1,3,6718401982.0,6440000026.0,6440000026.0,6440000026.0,1.0,upper_bound_not_observed_customer_transfers
vcbf,2022-12,4,1,3,2201934314.0,13553532686.0,2201934314.0,2201934314.0,0.162462021158105,upper_bound_not_observed_customer_transfers
vcbf,2023-01,4,3,1,1596192183.0,5262366705.0,1596192183.0,1596192183.0,0.30332211198497233,upper_bound_not_observed_customer_transfers
vcbf,2023-02,4,2,2,3297416903.0,30764532094.0,3297416903.0,3297416903.0,0.10718241684693441,upper_bound_not_observed_customer_transfers
vcbf,2023-03,4,2,2,727743890.0,1708830382.0,727743890.0,727743890.0,0.42587251354242367,upper_bound_not_observed_customer_transfers
vcbf,2023-05,4,1,3,883039525.0,12301776375.0,883039525.0,883039525.0,0.0717814645691769,upper_bound_not_observed_customer_transfers
vcbf,2023-06,4,1,3,678144480.0,4802950976.0,678144480.0,678144480.0,0.14119329624404645,upper_bound_not_observed_customer_transfers
vcbf,2023-07,3,2,1,490099270.0,1374343806.0,490099270.0,490099270.0,0.35660601652975327,upper_bound_not_observed_customer_transfers
vcbf,2023-08,4,1,3,14653047373.0,11094756874.0,11094756874.0,11094756874.0,1.0,upper_bound_not_observed_customer_transfers
vcbf,2023-09,4,1,3,2355680367.0,4674156686.0,2355680367.0,2355680367.0,0.5039797604679613,upper_bound_not_observed_customer_transfers
vcbf,2024-01,4,3,1,74013252152.0,14087707320.0,14087707320.0,14087707320.0,1.0,upper_bound_not_observed_customer_transfers
vcbf,2024-09,3,1,2,14690950484.0,3167011796.0,3167011796.0,3167011796.0,1.0,upper_bound_not_observed_customer_transfers
vcbf,2025-04,4,3,1,107787689846.0,5106985790.0,5106985790.0,5106985790.0,1.0,upper_bound_not_observed_customer_transfers
vcbf,2025-06,5,2,3,48958162340.0,44634699277.0,44634699277.0,44634699277.0,1.0,upper_bound_not_observed_customer_transfers
vcbf,2025-07,5,4,1,82025395945.0,5989236346.0,5989236346.0,5989236346.0,1.0,upper_bound_not_observed_customer_transfers
vcbf,2025-08,5,3,2,32465502473.0,60248863691.0,32465502473.0,32465502473.0,0.5388566768579522,upper_bound_not_observed_customer_transfers
vcbf,2025-09,5,4,1,116549574533.0,21527260136.0,21527260136.0,21527260136.0,1.0,upper_bound_not_observed_customer_transfers
vcbf,2025-10,5,4,1,213221107117.0,10579487080.0,10579487080.0,10579487080.0,1.0,upper_bound_not_observed_customer_transfers
vcbf,2025-11,5,4,1,62218954729.0,3726011269.0,3726011269.0,3726011269.0,1.0,upper_bound_not_observed_customer_transfers
vcbf,2026-01,5,4,1,80651534295.0,6416832858.0,6416832858.0,6416832858.0,1.0,upper_bound_not_observed_customer_transfers
vcbf,2026-02,5,4,1,213157164387.0,23788412219.0,23788412219.0,23788412219.0,1.0,upper_bound_not_observed_customer_transfers
vcbf,2026-03,5,4,1,234986310216.0,10905085554.0,10905085554.0,10905085554.0,1.0,upper_bound_not_observed_customer_transfers
vcbf,2026-04,5,4,1,110678287712.0,1665180222.0,1665180222.0,1665180222.0,1.0,upper_bound_not_observed_customer_transfers
vcbf,2026-05,5,3,2,49593383281.0,16049934719.0,16049934719.0,16049934719.0,1.0,upper_bound_not_observed_customer_transfers
vcbf,2026-06,5,4,1,58360235405.0,10136390659.0,10136390659.0,10136390659.0,1.0,upper_bound_not_observed_customer_transfers
vcbf,2026-07,5,2,3,64060189185.0,44217462631.0,44217462631.0,44217462631.0,1.0,upper_bound_not_observed_customer_transfers
vcbf,2026-08,5,4,1,49422467972.0,7246310434.0,7246310434.0,7246310434.0,1.0,upper_bound_not_observed_customer_transfers
vinacapital,2021-01,4,2,2,138237481068.0,17491414089.0,17491414089.0,17491414089.0,1.0,upper_bound_not_observed_customer_transfers
vinacapital,2021-02,4,3,1,58261886212.0,11220505064.0,11220505064.0,11220505064.0,1.0,upper_bound_not_observed_customer_transfers
vinacapital,2021-04,4,2,2,44934688060.0,30041800381.0,30041800381.0,30041800381.0,1.0,upper_bound_not_observed_customer_transfers
vinacapital,2021-05,4,2,2,71971268654.0,18666035763.0,18666035763.0,18666035763.0,1.0,upper_bound_not_observed_customer_transfers
vinacapital,2021-06,3,2,1,104093935716.0,18943277490.0,18943277490.0,18943277490.0,1.0,upper_bound_not_observed_customer_transfers
vinacapital,2021-07,4,3,1,85560881514.0,37736944167.0,37736944167.0,37736944167.0,1.0,upper_bound_not_observed_customer_transfers
vinacapital,2021-08,4,3,1,44508128616.0,45041547259.0,44508128616.0,44508128616.0,0.9881571865208646,upper_bound_not_observed_customer_transfers
vinacapital,2021-09,4,3,1,81931477045.0,83801843476.0,81931477045.0,81931477045.0,0.9776810824986726,upper_bound_not_observed_customer_transfers
vinacapital,2021-10,4,3,1,76715359264.0,94784138673.0,76715359264.0,76715359264.0,0.8093691659599684,upper_bound_not_observed_customer_transfers
vinacapital,2021-11,4,3,1,396465089340.0,162151855732.0,162151855732.0,162151855732.0,1.0,upper_bound_not_observed_customer_transfers
vinacapital,2022-01,4,3,1,63948311821.0,103065516488.0,63948311821.0,63948311821.0,0.6204627308925925,upper_bound_not_observed_customer_transfers
vinacapital,2022-02,4,3,1,80523543874.0,48303859918.0,48303859918.0,48303859918.0,1.0,upper_bound_not_observed_customer_transfers
vinacapital,2022-03,4,2,2,159514012173.0,51351877244.0,51351877244.0,51351877244.0,1.0,upper_bound_not_observed_customer_transfers
vinacapital,2022-08,4,3,1,348586693456.0,3977779000.0,3977779000.0,3977779000.0,1.0,upper_bound_not_observed_customer_transfers
vinacapital,2022-09,5,2,3,93856751417.0,186467649855.0,93856751417.0,93856751417.0,0.5033406678852037,upper_bound_not_observed_customer_transfers
vinacapital,2022-10,5,1,4,49111646105.0,107565899273.0,49111646105.0,49111646105.0,0.4565726353512433,upper_bound_not_observed_customer_transfers
vinacapital,2022-12,5,1,4,3043003671.0,159424435037.0,3043003671.0,3043003671.0,0.019087435814301397,upper_bound_not_observed_customer_transfers
vinacapital,2023-01,4,1,3,1346391100.0,14113816969.0,1346391100.0,1346391100.0,0.09539525012668457,upper_bound_not_observed_customer_transfers
vinacapital,2023-04,5,1,4,3395244666.0,82028459343.0,3395244666.0,3395244666.0,0.04139105736221215,upper_bound_not_observed_customer_transfers
vinacapital,2023-06,5,2,3,23162090727.0,79422734664.0,23162090727.0,23162090727.0,0.2916304862201968,upper_bound_not_observed_customer_transfers
vinacapital,2023-07,5,1,4,53275029002.0,64965270102.0,53275029002.0,53275029002.0,0.8200539906684678,upper_bound_not_observed_customer_transfers
vinacapital,2023-08,5,2,3,22450365217.0,38734633672.0,22450365217.0,22450365217.0,0.5795941019374771,upper_bound_not_observed_customer_transfers
vinacapital,2023-09,5,2,3,32007309182.0,45213922976.0,32007309182.0,32007309182.0,0.7079082520441723,upper_bound_not_observed_customer_transfers
vinacapital,2023-10,5,2,3,11731955045.0,25257710112.0,11731955045.0,11731955045.0,0.4644900504826888,upper_bound_not_observed_customer_transfers
vinacapital,2023-11,5,2,3,88533902747.0,13851310778.0,13851310778.0,13851310778.0,1.0,upper_bound_not_observed_customer_transfers
vinacapital,2023-12,5,3,2,169450741483.0,195907453507.0,169450741483.0,169450741483.0,0.8649530094420085,upper_bound_not_observed_customer_transfers
vinacapital,2024-01,4,3,1,13134287514.0,52775577808.0,13134287514.0,13134287514.0,0.24887055830602456,upper_bound_not_observed_customer_transfers
vinacapital,2024-02,5,4,1,172787000974.0,12467162339.0,12467162339.0,12467162339.0,1.0,upper_bound_not_observed_customer_transfers
vinacapital,2024-03,5,4,1,376084350072.0,440693408.0,440693408.0,440693408.0,1.0,upper_bound_not_observed_customer_transfers
vinacapital,2024-06,5,3,2,57826618391.0,51269618308.0,51269618308.0,51269618308.0,1.0,upper_bound_not_observed_customer_transfers
vinacapital,2024-10,5,3,2,115657206942.0,3917429206.0,3917429206.0,3917429206.0,1.0,upper_bound_not_observed_customer_transfers
vinacapital,2024-11,5,4,1,174241152679.0,43746208795.0,43746208795.0,43746208795.0,1.0,upper_bound_not_observed_customer_transfers
vinacapital,2024-12,4,2,2,7453034693.0,48008560528.0,7453034693.0,7453034693.0,0.15524386923980302,upper_bound_not_observed_customer_transfers
vinacapital,2025-01,4,3,1,128337916755.0,36502037.0,36502037.0,36502037.0,1.0,upper_bound_not_observed_customer_transfers
vinacapital,2025-02,5,1,4,7651483929.0,60953704550.0,7651483929.0,7651483929.0,0.12552943230420932,upper_bound_not_observed_customer_transfers
vinacapital,2025-03,5,3,2,193499605562.0,70328316903.0,70328316903.0,70328316903.0,1.0,upper_bound_not_observed_customer_transfers
vinacapital,2025-04,5,3,2,143066546646.0,124443445640.0,124443445640.0,124443445640.0,1.0,upper_bound_not_observed_customer_transfers
vinacapital,2025-05,4,3,1,18172297816.0,2193251935.0,2193251935.0,2193251935.0,1.0,upper_bound_not_observed_customer_transfers
vinacapital,2025-06,5,1,4,882659484.0,270647407655.0,882659484.0,882659484.0,0.003261289260620389,upper_bound_not_observed_customer_transfers
vinacapital,2025-07,5,2,3,5266034870.0,178451260812.0,5266034870.0,5266034870.0,0.02950965348206654,upper_bound_not_observed_customer_transfers
vinacapital,2025-08,5,1,4,10673648988.0,217466493607.0,10673648988.0,10673648988.0,0.04908180939031992,upper_bound_not_observed_customer_transfers
vinacapital,2025-10,5,3,2,232384092570.0,53913615738.0,53913615738.0,53913615738.0,1.0,upper_bound_not_observed_customer_transfers
vinacapital,2025-11,5,4,1,189089336935.0,23712835496.0,23712835496.0,23712835496.0,1.0,upper_bound_not_observed_customer_transfers
vinacapital,2025-12,5,3,2,74413688727.0,24323612665.0,24323612665.0,24323612665.0,1.0,upper_bound_not_observed_customer_transfers
vinacapital,2026-01,5,1,4,700453412.0,174810651557.0,700453412.0,700453412.0,0.004006926384412023,upper_bound_not_observed_customer_transfers
vinacapital,2026-02,4,2,2,12890427621.0,46097326143.0,12890427621.0,12890427621.0,0.27963503959019637,upper_bound_not_observed_customer_transfers
vinacapital,2026-03,5,3,2,130344282720.0,104663808992.0,104663808992.0,104663808992.0,1.0,upper_bound_not_observed_customer_transfers
vinacapital,2026-04,5,2,3,69400907170.0,61289922983.0,61289922983.0,61289922983.0,1.0,upper_bound_not_observed_customer_transfers
vinacapital,2026-05,5,2,3,2781940812.0,68496783339.0,2781940812.0,2781940812.0,0.040614181811017204,upper_bound_not_observed_customer_transfers
vinacapital,2026-06,5,2,3,51941458554.0,33770804545.0,33770804545.0,33770804545.0,1.0,upper_bound_not_observed_customer_transfers
vinacapital,2026-07,5,2,3,3960727121.0,85978755721.0,3960727121.0,3960727121.0,0.04606634613150847,upper_bound_not_observed_customer_transfers
vinacapital,2026-08,5,3,2,28150294599.0,14571448043.0,14571448043.0,14571448043.0,1.0,upper_bound_not_observed_customer_transfers
