fund_code,fmarket_id,short_name,fee_type,tier_from,tier_from_operator,tier_to,tier_to_operator,tier_unit,fee_pct,program,holding_min_days,source_url
VINACAPITAL-VEOF,20,VEOF,BUY,0.0,>,100000000.0,<,MONEY,0.0,Linh hoạt,10,https://api.fmarket.vn/res/products/20
VINACAPITAL-VEOF,20,VEOF,BUY,100000000.0,>=,,<=,MONEY,0.0,Linh hoạt,10,https://api.fmarket.vn/res/products/20
VINACAPITAL-VEOF,20,VEOF,SELL,0.0,>=,12.0,<,MONTH,2.0,Linh hoạt,10,https://api.fmarket.vn/res/products/20
VINACAPITAL-VEOF,20,VEOF,SELL,12.0,>=,24.0,<,MONTH,1.0,Linh hoạt,10,https://api.fmarket.vn/res/products/20
VINACAPITAL-VEOF,20,VEOF,SELL,24.0,>=,,<,MONTH,0.0,Linh hoạt,10,https://api.fmarket.vn/res/products/20
VINACAPITAL-VEOF,20,VEOF,TRANSFER,0.0,,100000000.0,<,MONEY,0.0,Linh hoạt,10,https://api.fmarket.vn/res/products/20
VINACAPITAL-VEOF,20,VEOF,TRANSFER,100000000.0,>=,,,MONEY,0.0,Linh hoạt,10,https://api.fmarket.vn/res/products/20
VINACAPITAL-VEOF,20,VEOF,TRANSFER,0.0,,100000000.0,<,MONEY,0.0,Linh hoạt,10,https://api.fmarket.vn/res/products/20
VINACAPITAL-VEOF,20,VEOF,TRANSFER,100000000.0,>=,,,MONEY,0.0,Linh hoạt,10,https://api.fmarket.vn/res/products/20
VINACAPITAL-VEOF,20,VEOF,TRANSFER,0.0,>,100000000.0,<,MONEY,0.0,Linh hoạt,10,https://api.fmarket.vn/res/products/20
VINACAPITAL-VEOF,20,VEOF,TRANSFER,100000000.0,>=,,<=,MONEY,0.0,Linh hoạt,10,https://api.fmarket.vn/res/products/20
VINACAPITAL-VEOF,20,VEOF,TRANSFER,0.0,>,100000000.0,<,MONEY,0.0,Linh hoạt,10,https://api.fmarket.vn/res/products/20
VINACAPITAL-VEOF,20,VEOF,TRANSFER,100000000.0,>=,,<=,MONEY,0.0,Linh hoạt,10,https://api.fmarket.vn/res/products/20
VINACAPITAL-VEOF,20,VEOF,TRANSFER,0.0,>,100000000.0,<,MONEY,0.0,Linh hoạt,10,https://api.fmarket.vn/res/products/20
VINACAPITAL-VEOF,20,VEOF,TRANSFER,100000000.0,>=,,<=,MONEY,0.0,Linh hoạt,10,https://api.fmarket.vn/res/products/20
VINACAPITAL-VESAF,23,VESAF,BUY,0.0,>,100000000.0,<,MONEY,0.0,Linh hoạt,10,https://api.fmarket.vn/res/products/23
VINACAPITAL-VESAF,23,VESAF,BUY,100000000.0,>=,,<=,MONEY,0.0,Linh hoạt,10,https://api.fmarket.vn/res/products/23
VINACAPITAL-VESAF,23,VESAF,SELL,0.0,>=,12.0,<,MONTH,2.0,Linh hoạt,10,https://api.fmarket.vn/res/products/23
VINACAPITAL-VESAF,23,VESAF,SELL,12.0,>=,24.0,<,MONTH,1.0,Linh hoạt,10,https://api.fmarket.vn/res/products/23
VINACAPITAL-VESAF,23,VESAF,SELL,24.0,>=,,<,MONTH,0.0,Linh hoạt,10,https://api.fmarket.vn/res/products/23
VINACAPITAL-VESAF,23,VESAF,TRANSFER,0.0,>,100000000.0,<,MONEY,0.0,Linh hoạt,10,https://api.fmarket.vn/res/products/23
VINACAPITAL-VESAF,23,VESAF,TRANSFER,100000000.0,>=,,<=,MONEY,0.0,Linh hoạt,10,https://api.fmarket.vn/res/products/23
VINACAPITAL-VESAF,23,VESAF,TRANSFER,0.0,>,100000000.0,<,MONEY,0.0,Linh hoạt,10,https://api.fmarket.vn/res/products/23
VINACAPITAL-VESAF,23,VESAF,TRANSFER,100000000.0,>=,,<=,MONEY,0.0,Linh hoạt,10,https://api.fmarket.vn/res/products/23
VINACAPITAL-VESAF,23,VESAF,TRANSFER,0.0,>,100000000.0,<,MONEY,0.0,Linh hoạt,10,https://api.fmarket.vn/res/products/23
VINACAPITAL-VESAF,23,VESAF,TRANSFER,100000000.0,>=,,<=,MONEY,0.0,Linh hoạt,10,https://api.fmarket.vn/res/products/23
VINACAPITAL-VESAF,23,VESAF,TRANSFER,0.0,>,100000000.0,<,MONEY,0.0,Linh hoạt,10,https://api.fmarket.vn/res/products/23
VINACAPITAL-VESAF,23,VESAF,TRANSFER,100000000.0,>=,,<=,MONEY,0.0,Linh hoạt,10,https://api.fmarket.vn/res/products/23
VINACAPITAL-VESAF,23,VESAF,TRANSFER,0.0,>,100000000.0,<,MONEY,0.0,Linh hoạt,10,https://api.fmarket.vn/res/products/23
VINACAPITAL-VESAF,23,VESAF,TRANSFER,100000000.0,>=,,<=,MONEY,0.0,Linh hoạt,10,https://api.fmarket.vn/res/products/23
VINACAPITAL-VFF,21,VFF,BUY,0.0,>,100000000.0,<,MONEY,0.0,Linh hoạt,10,https://api.fmarket.vn/res/products/21
VINACAPITAL-VFF,21,VFF,BUY,100000000.0,>=,,<=,MONEY,0.0,Linh hoạt,10,https://api.fmarket.vn/res/products/21
VINACAPITAL-VFF,21,VFF,SELL,0.0,>,12.0,<,MONTH,2.0,Linh hoạt,10,https://api.fmarket.vn/res/products/21
VINACAPITAL-VFF,21,VFF,SELL,12.0,>=,24.0,<,MONTH,0.5,Linh hoạt,10,https://api.fmarket.vn/res/products/21
VINACAPITAL-VFF,21,VFF,SELL,24.0,>=,,<=,MONTH,0.0,Linh hoạt,10,https://api.fmarket.vn/res/products/21
VINACAPITAL-VFF,21,VFF,TRANSFER,0.0,,100000000.0,<,MONEY,0.0,Linh hoạt,10,https://api.fmarket.vn/res/products/21
VINACAPITAL-VFF,21,VFF,TRANSFER,100000000.0,>=,,,MONEY,0.0,Linh hoạt,10,https://api.fmarket.vn/res/products/21
VINACAPITAL-VFF,21,VFF,TRANSFER,0.0,,100000000.0,<,MONEY,0.0,Linh hoạt,10,https://api.fmarket.vn/res/products/21
VINACAPITAL-VFF,21,VFF,TRANSFER,100000000.0,>=,,,MONEY,0.0,Linh hoạt,10,https://api.fmarket.vn/res/products/21
VINACAPITAL-VFF,21,VFF,TRANSFER,0.0,,10000000.0,<,MONEY,0.0,Linh hoạt,10,https://api.fmarket.vn/res/products/21
VINACAPITAL-VFF,21,VFF,TRANSFER,10000000.0,>=,,,MONEY,0.0,Linh hoạt,10,https://api.fmarket.vn/res/products/21
VINACAPITAL-VFF,21,VFF,TRANSFER,0.0,>,100000000.0,<,MONEY,0.0,Linh hoạt,10,https://api.fmarket.vn/res/products/21
VINACAPITAL-VFF,21,VFF,TRANSFER,100000000.0,>=,,<=,MONEY,0.0,Linh hoạt,10,https://api.fmarket.vn/res/products/21
VINACAPITAL-VFF,21,VFF,TRANSFER,0.0,>,100000000.0,<,MONEY,0.0,Linh hoạt,10,https://api.fmarket.vn/res/products/21
VINACAPITAL-VFF,21,VFF,TRANSFER,100000000.0,>=,,<=,MONEY,0.0,Linh hoạt,10,https://api.fmarket.vn/res/products/21
VINACAPITAL-VIBF,22,VIBF,BUY,0.0,>,100000000.0,<,MONEY,0.0,Linh hoạt,10,https://api.fmarket.vn/res/products/22
VINACAPITAL-VIBF,22,VIBF,BUY,100000000.0,>=,,<=,MONEY,0.0,Linh hoạt,10,https://api.fmarket.vn/res/products/22
VINACAPITAL-VIBF,22,VIBF,SELL,0.0,>=,12.0,<,MONTH,2.0,Linh hoạt,10,https://api.fmarket.vn/res/products/22
VINACAPITAL-VIBF,22,VIBF,SELL,12.0,>=,24.0,<,MONTH,1.0,Linh hoạt,10,https://api.fmarket.vn/res/products/22
VINACAPITAL-VIBF,22,VIBF,SELL,24.0,>=,,<,MONTH,0.0,Linh hoạt,10,https://api.fmarket.vn/res/products/22
VINACAPITAL-VIBF,22,VIBF,TRANSFER,0.0,,100000000.0,<,MONEY,0.0,Linh hoạt,10,https://api.fmarket.vn/res/products/22
VINACAPITAL-VIBF,22,VIBF,TRANSFER,100000000.0,>=,,,MONEY,0.0,Linh hoạt,10,https://api.fmarket.vn/res/products/22
VINACAPITAL-VIBF,22,VIBF,TRANSFER,0.0,>,100000000.0,<,MONEY,0.0,Linh hoạt,10,https://api.fmarket.vn/res/products/22
VINACAPITAL-VIBF,22,VIBF,TRANSFER,100000000.0,>=,,<=,MONEY,0.0,Linh hoạt,10,https://api.fmarket.vn/res/products/22
VINACAPITAL-VIBF,22,VIBF,TRANSFER,0.0,>,100000000.0,<,MONEY,0.0,Linh hoạt,10,https://api.fmarket.vn/res/products/22
VINACAPITAL-VIBF,22,VIBF,TRANSFER,100000000.0,>=,,<=,MONEY,0.0,Linh hoạt,10,https://api.fmarket.vn/res/products/22
VINACAPITAL-VIBF,22,VIBF,TRANSFER,0.0,>,100000000.0,<,MONEY,0.0,Linh hoạt,10,https://api.fmarket.vn/res/products/22
VINACAPITAL-VIBF,22,VIBF,TRANSFER,100000000.0,>=,,<=,MONEY,0.0,Linh hoạt,10,https://api.fmarket.vn/res/products/22
VINACAPITAL-VIBF,22,VIBF,TRANSFER,0.0,>,100000000.0,<,MONEY,0.0,Linh hoạt,10,https://api.fmarket.vn/res/products/22
VINACAPITAL-VIBF,22,VIBF,TRANSFER,100000000.0,>=,,<=,MONEY,0.0,Linh hoạt,10,https://api.fmarket.vn/res/products/22
VINACAPITAL-VLBF,53,VLBF,BUY,0.0,>,100000000.0,<,MONEY,0.0,Linh hoạt,0,https://api.fmarket.vn/res/products/53
VINACAPITAL-VLBF,53,VLBF,BUY,100000000.0,>=,,<=,MONEY,0.0,Linh hoạt,0,https://api.fmarket.vn/res/products/53
VINACAPITAL-VLBF,53,VLBF,SELL,0.0,>,1.5,<=,MONTH,0.1,Linh hoạt,0,https://api.fmarket.vn/res/products/53
VINACAPITAL-VLBF,53,VLBF,SELL,1.5,>,,<=,MONTH,0.0,Linh hoạt,0,https://api.fmarket.vn/res/products/53
DCDS,28,DCDS,BUY,0.0,>,100000000.0,<=,MONEY,0.0,Linh hoạt,10,https://api.fmarket.vn/res/products/28
DCDS,28,DCDS,BUY,100000000.0,>,,<=,MONEY,0.0,Linh hoạt,10,https://api.fmarket.vn/res/products/28
DCDS,28,DCDS,SELL,0.0,>,12.0,<,MONTH,1.5,Linh hoạt,10,https://api.fmarket.vn/res/products/28
DCDS,28,DCDS,SELL,12.0,>=,24.0,<,MONTH,0.5,Linh hoạt,10,https://api.fmarket.vn/res/products/28
DCDS,28,DCDS,SELL,24.0,>=,,<=,MONTH,0.0,Linh hoạt,10,https://api.fmarket.vn/res/products/28
DCDS,28,DCDS,TRANSFER,0.0,>=,12.0,<,MONTH,1.5,Linh hoạt,10,https://api.fmarket.vn/res/products/28
DCDS,28,DCDS,TRANSFER,12.0,>=,24.0,<,MONTH,0.5,Linh hoạt,10,https://api.fmarket.vn/res/products/28
DCDS,28,DCDS,TRANSFER,24.0,>=,,<,MONTH,0.0,Linh hoạt,10,https://api.fmarket.vn/res/products/28
DCDS,28,DCDS,TRANSFER,0.0,>=,12.0,<,MONTH,1.5,Linh hoạt,10,https://api.fmarket.vn/res/products/28
DCDS,28,DCDS,TRANSFER,12.0,>=,24.0,<,MONTH,0.5,Linh hoạt,10,https://api.fmarket.vn/res/products/28
DCDS,28,DCDS,TRANSFER,24.0,>=,,<,MONTH,0.0,Linh hoạt,10,https://api.fmarket.vn/res/products/28
DCDS,28,DCDS,TRANSFER,0.0,>=,12.0,<,MONTH,1.5,Linh hoạt,10,https://api.fmarket.vn/res/products/28
DCDS,28,DCDS,TRANSFER,12.0,>=,24.0,<,MONTH,0.5,Linh hoạt,10,https://api.fmarket.vn/res/products/28
DCDS,28,DCDS,TRANSFER,24.0,>=,,<,MONTH,0.0,Linh hoạt,10,https://api.fmarket.vn/res/products/28
DCBF,27,DCBF,BUY,0.0,>,100000000.0,<=,MONEY,0.0,Linh hoạt,10,https://api.fmarket.vn/res/products/27
DCBF,27,DCBF,BUY,100000000.0,>,,<=,MONEY,0.0,Linh hoạt,10,https://api.fmarket.vn/res/products/27
DCBF,27,DCBF,SELL,0.0,>,6.0,<,MONTH,1.0,Linh hoạt,10,https://api.fmarket.vn/res/products/27
DCBF,27,DCBF,SELL,6.0,>=,12.0,<,MONTH,0.5,Linh hoạt,10,https://api.fmarket.vn/res/products/27
DCBF,27,DCBF,SELL,12.0,>=,,<=,MONTH,0.0,Linh hoạt,10,https://api.fmarket.vn/res/products/27
DCBF,27,DCBF,TRANSFER,0.0,>,6.0,<,MONTH,1.0,Linh hoạt,10,https://api.fmarket.vn/res/products/27
DCBF,27,DCBF,TRANSFER,6.0,>=,,<=,MONTH,0.0,Linh hoạt,10,https://api.fmarket.vn/res/products/27
DCBF,27,DCBF,TRANSFER,0.0,>,6.0,<,MONTH,1.0,Linh hoạt,10,https://api.fmarket.vn/res/products/27
DCBF,27,DCBF,TRANSFER,6.0,>=,,<=,MONTH,0.0,Linh hoạt,10,https://api.fmarket.vn/res/products/27
DCBF,27,DCBF,TRANSFER,0.0,>,6.0,<,MONTH,1.0,Linh hoạt,10,https://api.fmarket.vn/res/products/27
DCBF,27,DCBF,TRANSFER,6.0,>=,,<=,MONTH,0.0,Linh hoạt,10,https://api.fmarket.vn/res/products/27
DCIP,67,DCIP,BUY,0.0,>=,100000000.0,<=,MONEY,0.0,Linh hoạt,10,https://api.fmarket.vn/res/products/67
DCIP,67,DCIP,BUY,100000000.0,>,,<,MONEY,0.0,Linh hoạt,10,https://api.fmarket.vn/res/products/67
DCIP,67,DCIP,SELL,0.0,>,12.0,<,MONTH,0.0,Linh hoạt,10,https://api.fmarket.vn/res/products/67
DCIP,67,DCIP,SELL,12.0,>=,,<=,MONTH,0.0,Linh hoạt,10,https://api.fmarket.vn/res/products/67
DCIP,67,DCIP,TRANSFER,0.0,>,12.0,<,MONTH,0.0,Linh hoạt,10,https://api.fmarket.vn/res/products/67
DCIP,67,DCIP,TRANSFER,12.0,>=,,<=,MONTH,0.0,Linh hoạt,10,https://api.fmarket.vn/res/products/67
DCIP,67,DCIP,TRANSFER,0.0,>,12.0,<,MONTH,0.0,Linh hoạt,10,https://api.fmarket.vn/res/products/67
DCIP,67,DCIP,TRANSFER,12.0,>=,,<=,MONTH,0.0,Linh hoạt,10,https://api.fmarket.vn/res/products/67
DCIP,67,DCIP,TRANSFER,0.0,>,12.0,<,MONTH,0.0,Linh hoạt,10,https://api.fmarket.vn/res/products/67
DCIP,67,DCIP,TRANSFER,12.0,>=,,<=,MONTH,0.0,Linh hoạt,10,https://api.fmarket.vn/res/products/67
DCDE,25,DCDE,BUY,0.0,>,100000000.0,<=,MONEY,0.0,Linh hoạt,10,https://api.fmarket.vn/res/products/25
DCDE,25,DCDE,BUY,100000000.0,>,,<=,MONEY,0.0,Linh hoạt,10,https://api.fmarket.vn/res/products/25
DCDE,25,DCDE,SELL,0.0,>,12.0,<,MONTH,1.5,Linh hoạt,10,https://api.fmarket.vn/res/products/25
DCDE,25,DCDE,SELL,12.0,>=,24.0,<,MONTH,0.5,Linh hoạt,10,https://api.fmarket.vn/res/products/25
DCDE,25,DCDE,SELL,24.0,>=,,<=,MONTH,0.0,Linh hoạt,10,https://api.fmarket.vn/res/products/25
DCDE,25,DCDE,TRANSFER,0.0,>=,12.0,<,MONTH,1.5,Linh hoạt,10,https://api.fmarket.vn/res/products/25
DCDE,25,DCDE,TRANSFER,12.0,>=,24.0,<,MONTH,0.5,Linh hoạt,10,https://api.fmarket.vn/res/products/25
DCDE,25,DCDE,TRANSFER,24.0,>=,,<,MONTH,0.0,Linh hoạt,10,https://api.fmarket.vn/res/products/25
DCDE,25,DCDE,TRANSFER,0.0,>=,12.0,<,MONTH,1.5,Linh hoạt,10,https://api.fmarket.vn/res/products/25
DCDE,25,DCDE,TRANSFER,12.0,>=,24.0,<,MONTH,0.5,Linh hoạt,10,https://api.fmarket.vn/res/products/25
DCDE,25,DCDE,TRANSFER,24.0,>=,,<,MONTH,0.0,Linh hoạt,10,https://api.fmarket.vn/res/products/25
DCDE,25,DCDE,TRANSFER,0.0,>=,12.0,<,MONTH,1.5,Linh hoạt,10,https://api.fmarket.vn/res/products/25
DCDE,25,DCDE,TRANSFER,12.0,>=,24.0,<,MONTH,0.5,Linh hoạt,10,https://api.fmarket.vn/res/products/25
DCDE,25,DCDE,TRANSFER,24.0,>=,,<,MONTH,0.0,Linh hoạt,10,https://api.fmarket.vn/res/products/25
SSIBF,8,SSIBF,BUY,0.0,>=,100000000.0,<,MONEY,0.0,Linh hoạt,0,https://api.fmarket.vn/res/products/8
SSIBF,8,SSIBF,BUY,100000000.0,>=,,<,MONEY,0.0,Linh hoạt,0,https://api.fmarket.vn/res/products/8
SSIBF,8,SSIBF,SELL,0.0,>,3.0,<,MONTH,0.04,Linh hoạt,0,https://api.fmarket.vn/res/products/8
SSIBF,8,SSIBF,SELL,3.0,>=,6.0,<,MONTH,0.02,Linh hoạt,0,https://api.fmarket.vn/res/products/8
SSIBF,8,SSIBF,SELL,6.0,>=,,<,MONTH,0.2,Linh hoạt,0,https://api.fmarket.vn/res/products/8
SSIBF,8,SSIBF,TRANSFER,0.0,>=,3.0,<,MONTH,0.04,Linh hoạt,0,https://api.fmarket.vn/res/products/8
SSIBF,8,SSIBF,TRANSFER,3.0,>=,6.0,<,MONTH,0.02,Linh hoạt,0,https://api.fmarket.vn/res/products/8
SSIBF,8,SSIBF,TRANSFER,6.0,>=,,<,MONTH,0.2,Linh hoạt,0,https://api.fmarket.vn/res/products/8
SSIBF,8,SSIBF,TRANSFER,0.0,>,3.0,<,MONTH,0.04,Linh hoạt,0,https://api.fmarket.vn/res/products/8
SSIBF,8,SSIBF,TRANSFER,3.0,>=,6.0,<,MONTH,0.02,Linh hoạt,0,https://api.fmarket.vn/res/products/8
SSIBF,8,SSIBF,TRANSFER,6.0,>=,,<=,MONTH,0.2,Linh hoạt,0,https://api.fmarket.vn/res/products/8
SSIBF,8,SSIBF,TRANSFER,0.0,>=,3.0,<,MONTH,0.04,Linh hoạt,0,https://api.fmarket.vn/res/products/8
SSIBF,8,SSIBF,TRANSFER,3.0,>=,6.0,<,MONTH,0.02,Linh hoạt,0,https://api.fmarket.vn/res/products/8
SSIBF,8,SSIBF,TRANSFER,6.0,>=,,<,MONTH,0.2,Linh hoạt,0,https://api.fmarket.vn/res/products/8
SSIBF,8,SSIBF,TRANSFER,0.0,>=,3.0,<,MONTH,0.04,Linh hoạt,0,https://api.fmarket.vn/res/products/8
SSIBF,8,SSIBF,TRANSFER,3.0,>=,6.0,<,MONTH,0.02,Linh hoạt,0,https://api.fmarket.vn/res/products/8
SSIBF,8,SSIBF,TRANSFER,6.0,>=,,<,MONTH,0.2,Linh hoạt,0,https://api.fmarket.vn/res/products/8
SSI-SCA,11,SSISCA,BUY,0.0,>=,100000000.0,<,MONEY,0.0,Linh hoạt,0,https://api.fmarket.vn/res/products/11
SSI-SCA,11,SSISCA,BUY,100000000.0,>=,,<,MONEY,0.0,Linh hoạt,0,https://api.fmarket.vn/res/products/11
SSI-SCA,11,SSISCA,SELL,0.0,>,6.0,<,MONTH,2.5,Linh hoạt,0,https://api.fmarket.vn/res/products/11
SSI-SCA,11,SSISCA,SELL,6.0,>=,12.0,<,MONTH,2.0,Linh hoạt,0,https://api.fmarket.vn/res/products/11
SSI-SCA,11,SSISCA,SELL,12.0,>=,24.0,<,MONTH,1.5,Linh hoạt,0,https://api.fmarket.vn/res/products/11
SSI-SCA,11,SSISCA,SELL,24.0,>=,,<=,MONTH,0.0,Linh hoạt,0,https://api.fmarket.vn/res/products/11
SSI-SCA,11,SSISCA,TRANSFER,0.0,>=,6.0,<,MONTH,2.5,Linh hoạt,0,https://api.fmarket.vn/res/products/11
SSI-SCA,11,SSISCA,TRANSFER,6.0,>=,12.0,<,MONTH,2.0,Linh hoạt,0,https://api.fmarket.vn/res/products/11
SSI-SCA,11,SSISCA,TRANSFER,12.0,>=,24.0,<,MONTH,1.5,Linh hoạt,0,https://api.fmarket.vn/res/products/11
SSI-SCA,11,SSISCA,TRANSFER,24.0,>=,,<,MONTH,0.0,Linh hoạt,0,https://api.fmarket.vn/res/products/11
SSI-SCA,11,SSISCA,TRANSFER,0.0,>,6.0,<,MONTH,2.5,Linh hoạt,0,https://api.fmarket.vn/res/products/11
SSI-SCA,11,SSISCA,TRANSFER,6.0,>=,12.0,<,MONTH,2.0,Linh hoạt,0,https://api.fmarket.vn/res/products/11
SSI-SCA,11,SSISCA,TRANSFER,12.0,>=,24.0,<,MONTH,1.5,Linh hoạt,0,https://api.fmarket.vn/res/products/11
SSI-SCA,11,SSISCA,TRANSFER,24.0,>=,,<=,MONTH,0.0,Linh hoạt,0,https://api.fmarket.vn/res/products/11
SSI-SCA,11,SSISCA,TRANSFER,0.0,>=,6.0,<,MONTH,2.5,Linh hoạt,0,https://api.fmarket.vn/res/products/11
SSI-SCA,11,SSISCA,TRANSFER,6.0,>=,12.0,<,MONTH,2.0,Linh hoạt,0,https://api.fmarket.vn/res/products/11
SSI-SCA,11,SSISCA,TRANSFER,12.0,>=,24.0,<,MONTH,1.5,Linh hoạt,0,https://api.fmarket.vn/res/products/11
SSI-SCA,11,SSISCA,TRANSFER,24.0,>=,,<,MONTH,0.0,Linh hoạt,0,https://api.fmarket.vn/res/products/11
SSI-SCA,11,SSISCA,TRANSFER,0.0,>=,6.0,<,MONTH,2.5,Linh hoạt,0,https://api.fmarket.vn/res/products/11
SSI-SCA,11,SSISCA,TRANSFER,6.0,>=,12.0,<,MONTH,2.0,Linh hoạt,0,https://api.fmarket.vn/res/products/11
SSI-SCA,11,SSISCA,TRANSFER,12.0,>=,24.0,<,MONTH,1.5,Linh hoạt,0,https://api.fmarket.vn/res/products/11
SSI-SCA,11,SSISCA,TRANSFER,24.0,>=,,<,MONTH,0.0,Linh hoạt,0,https://api.fmarket.vn/res/products/11
VLGF,49,VLGF,BUY,0.0,>,100000000.0,<,MONEY,1.0,Linh hoạt,0,https://api.fmarket.vn/res/products/49
VLGF,49,VLGF,BUY,100000000.0,>=,,<=,MONEY,1.0,Linh hoạt,0,https://api.fmarket.vn/res/products/49
VLGF,49,VLGF,SELL,0.0,>,12.0,<,MONTH,0.0,Linh hoạt,0,https://api.fmarket.vn/res/products/49
VLGF,49,VLGF,SELL,12.0,>=,,<=,MONTH,0.0,Linh hoạt,0,https://api.fmarket.vn/res/products/49
VLGF,49,VLGF,TRANSFER,0.0,>,12.0,<,MONTH,0.5,Linh hoạt,0,https://api.fmarket.vn/res/products/49
VLGF,49,VLGF,TRANSFER,12.0,>=,,<=,MONTH,0.5,Linh hoạt,0,https://api.fmarket.vn/res/products/49
VLGF,49,VLGF,TRANSFER,0.0,>,12.0,<,MONTH,0.5,Linh hoạt,0,https://api.fmarket.vn/res/products/49
VLGF,49,VLGF,TRANSFER,12.0,>=,,<=,MONTH,0.5,Linh hoạt,0,https://api.fmarket.vn/res/products/49
VLGF,49,VLGF,TRANSFER,0.0,>=,12.0,<,MONTH,0.5,Linh hoạt,0,https://api.fmarket.vn/res/products/49
VLGF,49,VLGF,TRANSFER,12.0,>=,,<,MONTH,0.5,Linh hoạt,0,https://api.fmarket.vn/res/products/49
VLGF,49,VLGF,TRANSFER,0.0,>=,12.0,<,MONTH,0.5,Linh hoạt,0,https://api.fmarket.vn/res/products/49
VLGF,49,VLGF,TRANSFER,12.0,>=,,<,MONTH,0.5,Linh hoạt,0,https://api.fmarket.vn/res/products/49
VCBF-BCF,32,VCBF-BCF,BUY,0.0,>,100000000.0,<,MONEY,0.0,Linh hoạt,5,https://api.fmarket.vn/res/products/32
VCBF-BCF,32,VCBF-BCF,BUY,100000000.0,>=,,<=,MONEY,0.0,Linh hoạt,5,https://api.fmarket.vn/res/products/32
VCBF-BCF,32,VCBF-BCF,SELL,0.0,>,1.0,<=,MONTH,3.0,Linh hoạt,5,https://api.fmarket.vn/res/products/32
VCBF-BCF,32,VCBF-BCF,SELL,1.0,>,12.0,<=,MONTH,2.0,Linh hoạt,5,https://api.fmarket.vn/res/products/32
VCBF-BCF,32,VCBF-BCF,SELL,12.0,>,24.0,<=,MONTH,0.5,Linh hoạt,5,https://api.fmarket.vn/res/products/32
VCBF-BCF,32,VCBF-BCF,SELL,24.0,>,,<=,MONTH,0.0,Linh hoạt,5,https://api.fmarket.vn/res/products/32
VCBF-BCF,32,VCBF-BCF,TRANSFER,0.0,,100000000.0,<=,MONEY,0.0,Linh hoạt,5,https://api.fmarket.vn/res/products/32
VCBF-BCF,32,VCBF-BCF,TRANSFER,100000000.0,>,,,MONEY,0.0,Linh hoạt,5,https://api.fmarket.vn/res/products/32
VCBF-BCF,32,VCBF-BCF,TRANSFER,0.0,,100000000.0,<=,MONEY,0.0,Linh hoạt,5,https://api.fmarket.vn/res/products/32
VCBF-BCF,32,VCBF-BCF,TRANSFER,100000000.0,>,,,MONEY,0.0,Linh hoạt,5,https://api.fmarket.vn/res/products/32
VCBF-BCF,32,VCBF-BCF,TRANSFER,0.0,,100000000.0,<=,MONEY,0.0,Linh hoạt,5,https://api.fmarket.vn/res/products/32
VCBF-BCF,32,VCBF-BCF,TRANSFER,100000000.0,>,,,MONEY,0.0,Linh hoạt,5,https://api.fmarket.vn/res/products/32
VCBF-BCF,32,VCBF-BCF,TRANSFER,0.0,>=,100000000.0,<=,MONEY,0.0,Linh hoạt,5,https://api.fmarket.vn/res/products/32
VCBF-BCF,32,VCBF-BCF,TRANSFER,100000000.0,>,,<,MONEY,0.0,Linh hoạt,5,https://api.fmarket.vn/res/products/32
VCBF-MGF,46,VCBF-MGF,BUY,0.0,>,100000000.0,<,MONEY,0.0,Linh hoạt,5,https://api.fmarket.vn/res/products/46
VCBF-MGF,46,VCBF-MGF,BUY,100000000.0,>=,,<=,MONEY,0.0,Linh hoạt,5,https://api.fmarket.vn/res/products/46
VCBF-MGF,46,VCBF-MGF,SELL,0.0,>,1.0,<=,MONTH,3.0,Linh hoạt,5,https://api.fmarket.vn/res/products/46
VCBF-MGF,46,VCBF-MGF,SELL,1.0,>,12.0,<=,MONTH,2.0,Linh hoạt,5,https://api.fmarket.vn/res/products/46
VCBF-MGF,46,VCBF-MGF,SELL,12.0,>,24.0,<=,MONTH,0.5,Linh hoạt,5,https://api.fmarket.vn/res/products/46
VCBF-MGF,46,VCBF-MGF,SELL,24.0,>,,<=,MONTH,0.0,Linh hoạt,5,https://api.fmarket.vn/res/products/46
VCBF-MGF,46,VCBF-MGF,TRANSFER,0.0,,100000000.0,<=,MONEY,0.0,Linh hoạt,5,https://api.fmarket.vn/res/products/46
VCBF-MGF,46,VCBF-MGF,TRANSFER,100000000.0,>,,,MONEY,0.0,Linh hoạt,5,https://api.fmarket.vn/res/products/46
VCBF-MGF,46,VCBF-MGF,TRANSFER,0.0,,100000000.0,<=,MONEY,0.0,Linh hoạt,5,https://api.fmarket.vn/res/products/46
VCBF-MGF,46,VCBF-MGF,TRANSFER,100000000.0,>,,,MONEY,0.0,Linh hoạt,5,https://api.fmarket.vn/res/products/46
VCBF-MGF,46,VCBF-MGF,TRANSFER,0.0,,100000000.0,<=,MONEY,0.0,Linh hoạt,5,https://api.fmarket.vn/res/products/46
VCBF-MGF,46,VCBF-MGF,TRANSFER,100000000.0,>,,,MONEY,0.0,Linh hoạt,5,https://api.fmarket.vn/res/products/46
VCBF-MGF,46,VCBF-MGF,TRANSFER,0.0,>=,100000000.0,<=,MONEY,0.0,Linh hoạt,5,https://api.fmarket.vn/res/products/46
VCBF-MGF,46,VCBF-MGF,TRANSFER,100000000.0,>,,<,MONEY,0.0,Linh hoạt,5,https://api.fmarket.vn/res/products/46
VCBF-TBF,31,VCBF-TBF,BUY,0.0,>,100000000.0,<,MONEY,0.0,Linh hoạt,5,https://api.fmarket.vn/res/products/31
VCBF-TBF,31,VCBF-TBF,BUY,100000000.0,>=,,<=,MONEY,0.0,Linh hoạt,5,https://api.fmarket.vn/res/products/31
VCBF-TBF,31,VCBF-TBF,SELL,0.0,>,1.0,<=,MONTH,3.0,Linh hoạt,5,https://api.fmarket.vn/res/products/31
VCBF-TBF,31,VCBF-TBF,SELL,1.0,>,12.0,<=,MONTH,2.0,Linh hoạt,5,https://api.fmarket.vn/res/products/31
VCBF-TBF,31,VCBF-TBF,SELL,12.0,>,24.0,<=,MONTH,0.5,Linh hoạt,5,https://api.fmarket.vn/res/products/31
VCBF-TBF,31,VCBF-TBF,SELL,24.0,>,,<=,MONTH,0.0,Linh hoạt,5,https://api.fmarket.vn/res/products/31
VCBF-TBF,31,VCBF-TBF,TRANSFER,0.0,,100000000.0,<=,MONEY,0.0,Linh hoạt,5,https://api.fmarket.vn/res/products/31
VCBF-TBF,31,VCBF-TBF,TRANSFER,100000000.0,>,,,MONEY,0.0,Linh hoạt,5,https://api.fmarket.vn/res/products/31
VCBF-TBF,31,VCBF-TBF,TRANSFER,0.0,,100000000.0,<=,MONEY,0.0,Linh hoạt,5,https://api.fmarket.vn/res/products/31
VCBF-TBF,31,VCBF-TBF,TRANSFER,100000000.0,>,,,MONEY,0.0,Linh hoạt,5,https://api.fmarket.vn/res/products/31
VCBF-TBF,31,VCBF-TBF,TRANSFER,0.0,,100000000.0,<=,MONEY,0.0,Linh hoạt,5,https://api.fmarket.vn/res/products/31
VCBF-TBF,31,VCBF-TBF,TRANSFER,100000000.0,>,,,MONEY,0.0,Linh hoạt,5,https://api.fmarket.vn/res/products/31
VCBF-TBF,31,VCBF-TBF,TRANSFER,0.0,>=,100000000.0,<=,MONEY,0.0,Linh hoạt,5,https://api.fmarket.vn/res/products/31
VCBF-TBF,31,VCBF-TBF,TRANSFER,100000000.0,>,,<,MONEY,0.0,Linh hoạt,5,https://api.fmarket.vn/res/products/31
VCBF-FIF,33,VCBF-FIF,BUY,0.0,>,100000000.0,<,MONEY,0.0,Linh hoạt,5,https://api.fmarket.vn/res/products/33
VCBF-FIF,33,VCBF-FIF,BUY,100000000.0,>=,,<=,MONEY,0.0,Linh hoạt,5,https://api.fmarket.vn/res/products/33
VCBF-FIF,33,VCBF-FIF,SELL,0.0,>,3.0,<=,MONTH,2.0,Linh hoạt,5,https://api.fmarket.vn/res/products/33
VCBF-FIF,33,VCBF-FIF,SELL,3.0,>,12.0,<=,MONTH,1.0,Linh hoạt,5,https://api.fmarket.vn/res/products/33
VCBF-FIF,33,VCBF-FIF,SELL,12.0,>,,<=,MONTH,0.0,Linh hoạt,5,https://api.fmarket.vn/res/products/33
VCBF-FIF,33,VCBF-FIF,TRANSFER,0.0,>,100000000.0,<,MONEY,0.0,Linh hoạt,5,https://api.fmarket.vn/res/products/33
VCBF-FIF,33,VCBF-FIF,TRANSFER,100000000.0,>=,,<=,MONEY,0.0,Linh hoạt,5,https://api.fmarket.vn/res/products/33
VCBF-FIF,33,VCBF-FIF,TRANSFER,0.0,>,100000000.0,<,MONEY,0.0,Linh hoạt,5,https://api.fmarket.vn/res/products/33
VCBF-FIF,33,VCBF-FIF,TRANSFER,100000000.0,>=,,<=,MONEY,0.0,Linh hoạt,5,https://api.fmarket.vn/res/products/33
VCBF-FIF,33,VCBF-FIF,TRANSFER,0.0,>,100000000.0,<,MONEY,0.0,Linh hoạt,5,https://api.fmarket.vn/res/products/33
VCBF-FIF,33,VCBF-FIF,TRANSFER,100000000.0,>=,,<=,MONEY,0.0,Linh hoạt,5,https://api.fmarket.vn/res/products/33
VCBF-FIF,33,VCBF-FIF,TRANSFER,0.0,>=,100000000.0,<=,MONEY,0.0,Linh hoạt,5,https://api.fmarket.vn/res/products/33
VCBF-FIF,33,VCBF-FIF,TRANSFER,100000000.0,>,,<,MONEY,0.0,Linh hoạt,5,https://api.fmarket.vn/res/products/33
VCBF-AIF,82,VCBF-AIF,BUY,0.0,>,100000000.0,<,MONEY,0.0,Linh hoạt,5,https://api.fmarket.vn/res/products/82
VCBF-AIF,82,VCBF-AIF,BUY,100000000.0,>=,,<=,MONEY,0.0,Linh hoạt,5,https://api.fmarket.vn/res/products/82
VCBF-AIF,82,VCBF-AIF,SELL,0.0,>=,1.0,<=,MONTH,3.0,Linh hoạt,5,https://api.fmarket.vn/res/products/82
VCBF-AIF,82,VCBF-AIF,SELL,1.0,>,12.0,<=,MONTH,2.0,Linh hoạt,5,https://api.fmarket.vn/res/products/82
VCBF-AIF,82,VCBF-AIF,SELL,12.0,>,24.0,<=,MONTH,0.5,Linh hoạt,5,https://api.fmarket.vn/res/products/82
VCBF-AIF,82,VCBF-AIF,SELL,24.0,>,,<,MONTH,0.0,Linh hoạt,5,https://api.fmarket.vn/res/products/82
VCBF-AIF,82,VCBF-AIF,TRANSFER,0.0,>=,100000000.0,<=,MONEY,0.0,Linh hoạt,5,https://api.fmarket.vn/res/products/82
VCBF-AIF,82,VCBF-AIF,TRANSFER,100000000.0,>,,<,MONEY,0.0,Linh hoạt,5,https://api.fmarket.vn/res/products/82
VCBF-AIF,82,VCBF-AIF,TRANSFER,0.0,>=,100000000.0,<=,MONEY,0.0,Linh hoạt,5,https://api.fmarket.vn/res/products/82
VCBF-AIF,82,VCBF-AIF,TRANSFER,100000000.0,>,,<,MONEY,0.0,Linh hoạt,5,https://api.fmarket.vn/res/products/82
VCBF-AIF,82,VCBF-AIF,TRANSFER,0.0,>=,100000000.0,<=,MONEY,0.0,Linh hoạt,5,https://api.fmarket.vn/res/products/82
VCBF-AIF,82,VCBF-AIF,TRANSFER,100000000.0,>,,<,MONEY,0.0,Linh hoạt,5,https://api.fmarket.vn/res/products/82
VCBF-AIF,82,VCBF-AIF,TRANSFER,0.0,>=,100000000.0,<=,MONEY,0.0,Linh hoạt,5,https://api.fmarket.vn/res/products/82
VCBF-AIF,82,VCBF-AIF,TRANSFER,100000000.0,>,,<,MONEY,0.0,Linh hoạt,5,https://api.fmarket.vn/res/products/82
