period,url,bytes,retrieved
2025.02,https://web.fiintrade.vn/Upload/FUND/FiinGroup_Fund_Monthly_Report_2025.02_EN.pdf,2884561,2026-08-30
2025.03,https://web.fiintrade.vn/Upload/FUND/FiinGroup_Fund_Monthly_Report_2025.03_EN.pdf,2912064,2026-08-30
2025.04,https://web.fiintrade.vn/Upload/FUND/FiinGroup_Fund_Monthly_Report_2025.04_EN.pdf,2858822,2026-08-30
2025.05,https://web.fiintrade.vn/Upload/FUND/FiinGroup_Fund_Monthly_Report_2025.05_EN.pdf,2280268,2026-08-30
2025.06,https://web.fiintrade.vn/Upload/FUND/FiinGroup_Fund_Monthly_Report_2025.06_EN.pdf,2601070,2026-08-30
2025.07,https://web.fiintrade.vn/Upload/FUND/FiinGroup_Fund_Monthly_Report_2025.07_EN.pdf,2420083,2026-08-30
2025.11,https://web.fiintrade.vn/Upload/FUND/FiinGroup_Fund_Monthly_Report_2025.11_EN.pdf,2407102,2026-08-30
2025.12,https://web.fiintrade.vn/Upload/FUND/FiinGroup_Fund_Monthly_Report_2025.12_EN.pdf,2390191,2026-08-30
2026.01,https://web.fiintrade.vn/Upload/FUND/FiinGroup_Fund_Monthly_Report_2026.01_EN.pdf,2370147,2026-08-30
2026.02,https://web.fiintrade.vn/Upload/FUND/FiinGroup_Fund_Monthly_Report_2026.02_EN.pdf,2370428,2026-08-30
2026.03,https://web.fiintrade.vn/Upload/FUND/FiinGroup_Fund_Monthly_Report_2026.03_EN.pdf,2376179,2026-08-30
2026.04,https://web.fiintrade.vn/Upload/FUND/FiinGroup_Fund_Monthly_Report_2026.04_EN.pdf,2411833,2026-08-30
2026.05,https://web.fiintrade.vn/Upload/FUND/FiinGroup_Fund_Monthly_Report_2026.05_EN.pdf,2366000,2026-08-30
2026.06,https://web.fiintrade.vn/Upload/FUND/FiinGroup_Fund_Monthly_Report_2026.06_EN.pdf,2391414,2026-08-30
