fund_code,document_name,applies_from,url,source_url
VINACAPITAL-VEOF,Bản cáo bạch,08/2026,https://files.fmarket.vn/pro/admin/20260813-VEOF-BCB-sua-doi-bo-sung-08.2026_1787041206429.pdf,https://api.fmarket.vn/res/products/20
VINACAPITAL-VEOF,Bản cáo bạch tóm tắt,08/2026,https://files.fmarket.vn/pro/admin/20260813-VEOF-TTSDBS-BCB-PL-XXVIII-08.2026_1787041674487.pdf,https://api.fmarket.vn/res/products/20
VINACAPITAL-VEOF,Điều lệ quỹ,05/2024,https://files.fmarket.vn/pro/admin/20240510-VEOF-CBTT-Dieu-le-sua-doi-Quy-nam-2024_1715679719182.pdf,https://api.fmarket.vn/res/products/20
VINACAPITAL-VESAF,Bản cáo bạch,08/2026,https://files.fmarket.vn/pro/admin/20260813-VESAF-BCB-sua-doi-bo-sung-08.2026_1787041263923.pdf,https://api.fmarket.vn/res/products/23
VINACAPITAL-VESAF,Bản cáo bạch tóm tắt,08/2026,https://files.fmarket.vn/pro/admin/20260813-VESAF-TTSDBS-BCB-PL-XXVIII-08.2026_1787041278486.pdf,https://api.fmarket.vn/res/products/23
VINACAPITAL-VESAF,Điều lệ quỹ_VESAF,05/2024,https://files.fmarket.vn/pro/admin/20240510-VESAF-CBTT-Dieu-le-sua-doi-Quy-nam-2024_1715591355878.pdf,https://api.fmarket.vn/res/products/23
VINACAPITAL-VFF,Bản cáo bạch,08/2026,https://files.fmarket.vn/pro/admin/20260813-VFF-BCB-sua-doi-bo-sung-08.2026_1787041425211.pdf,https://api.fmarket.vn/res/products/21
VINACAPITAL-VFF,Bản cáo bạch tóm tắt,08/2026,https://files.fmarket.vn/pro/admin/20260813-VFF-TTSDBS-BCB-PL-XXVIII-08.2026_1787041435455.pdf,https://api.fmarket.vn/res/products/21
VINACAPITAL-VFF,Điều lệ quỹ_VFF,05/2024,https://files.fmarket.vn/pro/admin/20240510-VFF-CBTT-Dieu-le-sua-doi-Quy-nam-2024_1715741815660.pdf,https://api.fmarket.vn/res/products/21
VINACAPITAL-VIBF,Bản cáo bạch,08/2026,https://files.fmarket.vn/pro/admin/20260813-VIBF-BCB-sua-doi-bo-sung-08.2026_1787041490275.pdf,https://api.fmarket.vn/res/products/22
VINACAPITAL-VIBF,Bản cáo bạch tóm tắt,08/2026,https://files.fmarket.vn/pro/admin/20260813-VIBF-TTSDBS-BCB-PL-XXVIII-08.2026_1787041500414.pdf,https://api.fmarket.vn/res/products/22
VINACAPITAL-VIBF,Điều lệ quỹ_VIBF,05/2024,https://files.fmarket.vn/pro/admin/20240510-VIBF-CBTT-Dieu-le-sua-doi-Quy-nam-2024_1715741283573.pdf,https://api.fmarket.vn/res/products/22
VINACAPITAL-VLBF,Bản cáo bạch_VLBF,08/2026,https://files.fmarket.vn/pro/admin/20260813-VLBF-Ban-cao-bach-sua-doi-bo-sung-08.2026_1787041536040.pdf,https://api.fmarket.vn/res/products/53
VINACAPITAL-VLBF,Bản cáo bạch tóm tắt,08/2026,https://files.fmarket.vn/pro/admin/20260813-VLBF-TTSDBS-BCB-PL-XXVIII-08.2026_1787041547720.pdf,https://api.fmarket.vn/res/products/53
VINACAPITAL-VLBF,Điều lệ quỹ,04/2024,https://files.fmarket.vn/pro/admin/20240412-VINACAPITAL-VLBF-Dieu-le-nam-2024_1713517746621.pdf,https://api.fmarket.vn/res/products/53
DCDS,Bản cáo bạch,04/2026,https://files.fmarket.vn/pro/admin/DCDS%20-%20B%E1%BA%A3n%20c%C3%A1o%20b%E1%BA%A1ch%20%28hi%E1%BB%87u%20l%E1%BB%B1c%2028-4-2026%29_1777434820610.pdf,https://api.fmarket.vn/res/products/28
DCDS,Điều lệ quỹ_DCDS,05/2026,https://files.fmarket.vn/pro/admin/DCDS%20-%20%C4%90i%E1%BB%81u%20l%E1%BB%87%20%28AGM%29%20%282026%29%20%28VN%29_1780392855676.pdf,https://api.fmarket.vn/res/products/28
DCBF,Bản cáo bạch,06/2026,https://files.fmarket.vn/pro/admin/DCBF%20-%20B%E1%BA%A3n%20c%C3%A1o%20b%E1%BA%A1ch%20%28hi%E1%BB%87u%20l%E1%BB%B1c%201-6-2026%29_1780393234653.pdf,https://api.fmarket.vn/res/products/27
DCBF,Điều lệ quỹ_DCBF,05/2025,https://files.fmarket.vn/pro/admin/DCBF_Dieu%20le%20Quy%20%28sua%20doi%20bo%20sung%202025%29_1747885728863.pdf,https://api.fmarket.vn/res/products/27
DCIP,Bản cáo bạch,06/2026,https://files.fmarket.vn/pro/admin/DCIP%20-%20B%E1%BA%A3n%20c%C3%A1o%20b%E1%BA%A1ch%20%28hi%E1%BB%87u%20l%E1%BB%B1c%201-6-2026%29_1780393313415.pdf,https://api.fmarket.vn/res/products/67
DCIP,Điều lệ quỹ_DCIP,05/2025,https://files.fmarket.vn/pro/admin/DCIP-%20Dieu%20le%20Quy%20%28sua%20doi%20bo%20sung%202025%29_1747132030088.pdf,https://api.fmarket.vn/res/products/67
DCDE,Bản cáo bạch,04/2026,https://files.fmarket.vn/pro/admin/DCDE%20-%20B%E1%BA%A3n%20c%C3%A1o%20b%E1%BA%A1ch%20%28hi%E1%BB%87u%20l%E1%BB%B1c%2028-4-2026%29_1777434984085.pdf,https://api.fmarket.vn/res/products/25
DCDE,Điều lệ quỹ,05/2026,https://files.fmarket.vn/pro/admin/DCDE%20-%20%C4%90i%E1%BB%81u%20l%E1%BB%87%20%28AGM%29%20%282026%29%20%28VN%29_1780393342938.pdf,https://api.fmarket.vn/res/products/25
SSIBF,Bản cáo bạch_SSIBF,07/2024,https://files.fmarket.vn/pro/admin/20240703%20-%20SSIBF%20-%20Ban%20cao%20bach%20hieu%20luc%20tu%20ngay%2003_07_2024%20signed_compressed%20%281%29_1747973937616.pdf,https://api.fmarket.vn/res/products/8
SSIBF,Bản cáo bạch tóm tắt,07/2024,https://files.fmarket.vn/pro/admin/Ban%20cao%20bach%20tom%20tat%20Quy%20SSIBF%2003_07_2024%281%29_1747974039568.pdf,https://api.fmarket.vn/res/products/8
SSIBF,Điều lệ quỹ_SSIBF,04/2023,https://files.fmarket.vn/pro/admin/Dieu%20Le%20Quy%20SSIBF_14042023_1695356326359.pdf,https://api.fmarket.vn/res/products/8
SSI-SCA,Bản cáo bạch_SSISCA,07/2024,https://files.fmarket.vn/pro/admin/20240703%20-%20SSISCA%20-%20Ban%20cao%20bach%20hieu%20luc%20tu%20ngay%2003_07_2024%20signed-%C4%91%C3%A3%20n%C3%A9n_1721030376890.pdf,https://api.fmarket.vn/res/products/11
SSI-SCA,Bản cáo bạch tóm tắt,07/2024,https://files.fmarket.vn/pro/B%E1%BA%A2N%20C%C3%81O%20B%E1%BA%A0CH%20S%E1%BB%ACA%20%C4%90%E1%BB%94I%20SSISCA%2003_07_2024%20TOM%20TAT%281%29_1748399832152.pdf,https://api.fmarket.vn/res/products/11
SSI-SCA,Điều lệ quỹ_SSISCA,04/2024,https://files.fmarket.vn/pro/admin/Dieu%20Le%20SSI-SCA_23042024_1715760555068.pdf,https://api.fmarket.vn/res/products/11
VLGF,Bản cáo bạch_VLGF,07/2024,https://files.fmarket.vn/pro/admin/20240703%20-%20VLGF%20-%20Ban%20cao%20bach%20hieu%20luc%20tu%20ngay%2003_07_2024-%C4%91%C3%A3%20n%C3%A9n_1720773623870.pdf,https://api.fmarket.vn/res/products/49
VLGF,Bản cáo bạch tóm tắt,07/2024,https://files.fmarket.vn/pro/admin/Ban%20cao%20bach%20tom%20tat%20Quy%20VLGF_2024_1747383987400.pdf,https://api.fmarket.vn/res/products/49
VLGF,Điều lệ quỹ_VLGF,04/2024,https://files.fmarket.vn/pro/admin/Dieu%20le%20VLGF_25042024_1715760696585.pdf,https://api.fmarket.vn/res/products/49
VCBF-BCF,Bản cáo bạch_VCBFBCF,10/2025,https://files.fmarket.vn/pro/admin/251006_bcb_qu_bcf-comp_compressed_1761127179347.pdf,https://api.fmarket.vn/res/products/32
VCBF-BCF,Bản cáo bạch tóm tắt,10/2025,https://files.fmarket.vn/pro/admin/251006_bcb_t_m_t_t_bcf_1761127196627.pdf,https://api.fmarket.vn/res/products/32
VCBF-BCF,Điều lệ quỹ,05/2026,https://files.fmarket.vn/pro/admin/260508_i_u_l_qu_vbcf-bcf_1778827964396.pdf,https://api.fmarket.vn/res/products/32
VCBF-MGF,Bản cáo bạch_VCBFMGF,10/2025,https://files.fmarket.vn/pro/admin/251006_bcb_qu_mgf_comp_compressed%20%281%29_1761127314719.pdf,https://api.fmarket.vn/res/products/46
VCBF-MGF,Bản cáo bạch tóm tắt,10/2025,https://files.fmarket.vn/pro/admin/251006_bcb_t_m_t_t_mgf_1761127338139.pdf,https://api.fmarket.vn/res/products/46
VCBF-MGF,Điều lệ quỹ_VCBFMGF,05/2026,https://files.fmarket.vn/pro/admin/260508_i_u_l_qu_vbcf-mgf_1778828546190.pdf,https://api.fmarket.vn/res/products/46
VCBF-TBF,Bản cáo bạch_TBF,06/2026,https://files.fmarket.vn/pro/admin/260605_b_n_c_o_b_ch_vcbf-tbf_compressed_1782182989377.pdf,https://api.fmarket.vn/res/products/31
VCBF-TBF,Điều lệ quỹ_VCBFTBF,05/2026,https://files.fmarket.vn/pro/admin/260508_i_u_l_qu_vbcf-tbf_1778828567372.pdf,https://api.fmarket.vn/res/products/31
VCBF-FIF,Bản cáo bạch_VCBFFIF,06/2026,https://files.fmarket.vn/pro/admin/260605_b_n_c_o_b_ch_vcbf-fif_compressed%20%281%29_1782182891491.pdf,https://api.fmarket.vn/res/products/33
VCBF-FIF,Điều lệ quỹ_VCBFFIF,05/2026,https://files.fmarket.vn/pro/admin/260508_i_u_l_qu_vbcf-fif_1778828478329.pdf,https://api.fmarket.vn/res/products/33
VCBF-AIF,Bản cáo bạch tóm tắt,10/2025,https://files.fmarket.vn/pro/admin/251006_bcb_t_m_t_t_aif_1761127643654.pdf,https://api.fmarket.vn/res/products/82
VCBF-AIF,Bản cáo bạch,10/2025,https://files.fmarket.vn/pro/admin/251006_bcb_qu_aif_comp_compressed%20%281%29_1761127133376.pdf,https://api.fmarket.vn/res/products/82
VCBF-AIF,Điều lệ quỹ,05/2026,https://files.fmarket.vn/pro/admin/260508_i_u_l_qu_vbcf-aif_1778827702074.pdf,https://api.fmarket.vn/res/products/82
